When: 2025-11-08 12:39:55 Episode: 1 Map: 11
timestamp	 tic	 x	 y	 z	 angle	 momx	 momy
2025-11-08 12:39:57	 395	 448	752	128	 91.41	 0	-1 	0
2025-11-08 12:39:58	 430	 495	747	128	 14.06	 0	-1 	0
2025-11-08 12:39:59	 465	 522	747	128	 4.22	 4	0 	0
2025-11-08 12:40:00	 500	 697	720	128	 202.50	 0	-1 	0
2025-11-08 12:40:01	 535	 637	669	128	 180.00	 -4	-2 	0
2025-11-08 12:40:02	 570	 391	662	23	 174.38	 -11	1 	0
2025-11-08 12:40:03	 605	 410	678	16	 357.19	 13	0 	0
2025-11-08 12:40:04	 640	 604	662	112	 28.12	 1	0 	0
2025-11-08 12:40:05	 675	 768	828	128	 92.81	 2	0 	0
2025-11-08 12:40:06	 710	 597	790	128	 92.81	 -12	1 	0
When: 2025-11-08 12:40:06 Episode: 1 Map: 3
timestamp	 tic	 x	 y	 z	 angle	 momx	 momy
2025-11-08 12:40:08	 746	 1986	3502	0	 161.28	 1	-1 	0
2025-11-08 12:40:10	 820	 1994	3500	0	 161.28	 -3	0 	0
2025-11-08 12:40:11	 855	 1960	3512	0	 115.58	 -1	0 	0
2025-11-08 12:40:13	 933	 2063	3545	0	 4.83	 0	0 	0
2025-11-08 12:40:23	 1268	 2051	3548	0	 349.01	 -1	0 	0
2025-11-08 12:40:25	 1335	 2181	3523	0	 354.29	 2	-1 	0
2025-11-08 12:40:26	 1370	 2220	3515	-64	 354.29	 0	-1 	0
2025-11-08 12:40:27	 1415	 2296	3442	-64	 315.62	 5	-6 	0
2025-11-08 12:40:28	 1450	 2362	3377	-64	 310.34	 0	-1 	0
2025-11-08 12:40:30	 1516	 2326	3336	-64	 233.00	 -1	-1 	0
2025-11-08 12:40:31	 1551	 2331	3224	-64	 276.94	 0	-8 	0
2025-11-08 12:40:35	 1695	 2326	3241	-64	 115.58	 -3	4 	0
2025-11-08 12:40:36	 1730	 2304	3318	-64	 177.10	 0	0 	0
2025-11-08 12:40:37	 1765	 2142	3329	-64	 143.70	 -3	0 	0
2025-11-08 12:40:39	 1824	 2128	3424	-16	 108.54	 -1	5 	0
2025-11-08 12:40:42	 1944	 2116	3551	0	 13.62	 1	0 	0
2025-11-08 12:40:43	 1979	 2266	3565	-64	 13.62	 1	0 	0
2025-11-08 12:40:45	 2044	 2290	3503	-64	 303.31	 1	-4 	0
2025-11-08 12:40:46	 2079	 2345	3408	-64	 259.37	 0	-1 	0
2025-11-08 12:40:47	 2123	 2327	3406	-64	 166.20	 -4	0 	0
2025-11-08 12:40:48	 2158	 2218	3382	-64	 206.63	 -7	-4 	0
2025-11-08 12:40:49	 2193	 2128	3316	-64	 141.59	 0	-1 	0
2025-11-08 12:40:50	 2235	 2128	3392	-32	 106.44	 -1	6 	0
2025-11-08 12:40:51	 2270	 2117	3551	0	 69.52	 -1	0 	0
2025-11-08 12:40:53	 2348	 2126	3551	0	 9.76	 0	0 	0
2025-11-08 12:40:54	 2383	 2262	3569	-64	 9.76	 2	-1 	0
2025-11-08 12:40:55	 2418	 2272	3540	-64	 325.81	 0	-1 	0
2025-11-08 12:40:57	 2473	 2310	3456	-64	 294.17	 2	-7 	0
2025-11-08 12:40:58	 2508	 2356	3352	-64	 269.56	 0	-1 	0
2025-11-08 12:40:59	 2543	 2339	3296	-64	 259.01	 -2	-1 	0
2025-11-08 12:41:00	 2578	 2313	3227	-64	 331.08	 -1	-1 	0
2025-11-08 12:41:01	 2617	 2343	3217	-64	 348.66	 3	-1 	0
2025-11-08 12:41:02	 2652	 2522	3210	0	 348.66	 7	-2 	0
2025-11-08 12:41:05	 2767	 2663	3177	0	 216.83	 -3	-3 	0
2025-11-08 12:41:06	 2802	 2613	3140	0	 153.54	 -1	-1 	0
2025-11-08 12:41:10	 2923	 2610	3134	0	 67.41	 -1	-1 	0
2025-11-08 12:41:11	 2977	 2629	3182	0	 67.41	 2	5 	0
2025-11-08 12:41:13	 3019	 2671	3290	0	 46.32	 0	2 	0
2025-11-08 12:41:14	 3054	 2735	3384	0	 32.26	 0	0 	3
2025-11-08 12:41:18	 3190	 2760	3352	96	 302.96	 3	-6 	0
2025-11-08 12:41:19	 3225	 2815	3266	96	 317.02	 0	-1 	0
2025-11-08 12:41:21	 3323	 2881	3305	96	 32.61	 5	3 	0
2025-11-08 12:41:22	 3358	 2954	3352	96	 143.35	 0	0 	0
2025-11-08 12:41:24	 3433	 2959	3353	96	 67.76	 -1	0 	0
2025-11-08 12:41:25	 3468	 3001	3468	96	 67.76	 1	4 	0
2025-11-08 12:41:26	 3503	 3020	3515	96	 11.51	 0	0 	0
2025-11-08 12:41:30	 3611	 3006	3519	96	 327.57	 -1	0 	0
2025-11-08 12:41:31	 3646	 3099	3452	96	 336.36	 0	-1 	0
2025-11-08 12:41:32	 3707	 3105	3444	96	 343.39	 -1	-1 	0
2025-11-08 12:41:37	 3886	 3095	3440	96	 283.62	 0	-3 	0
2025-11-08 12:41:38	 3921	 3116	3344	96	 336.36	 0	-1 	0
2025-11-08 12:41:39	 3956	 3269	3273	112	 336.36	 7	-4 	0
2025-11-08 12:41:40	 3991	 3490	3177	0	 34.37	 2	-1 	0
2025-11-08 12:41:41	 4026	 3529	3227	0	 73.04	 1	6 	0
2025-11-08 12:41:43	 4077	 3544	3247	0	 197.23	 0	0 	0
2025-11-08 12:41:48	 4230	 1958	3488	0	 29.88	 0	0 	0
2025-11-08 12:41:49	 4270	 2046	3515	0	 17.58	 6	2 	0
2025-11-08 12:41:50	 4305	 2063	3544	0	 17.58	 0	0 	0
2025-11-08 12:41:54	 4415	 2160	3517	0	 344.18	 1	-1 	0
2025-11-08 12:41:55	 4468	 2162	3515	0	 347.70	 -1	0 	0
2025-11-08 12:41:57	 4528	 2121	3525	0	 356.48	 -2	0 	0
2025-11-08 12:42:01	 4663	 2115	3525	0	 338.91	 2	-1 	0
2025-11-08 12:42:02	 4698	 2157	3520	0	 14.06	 4	1 	0
2025-11-08 12:42:03	 4763	 2272	3542	-64	 340.66	 1	-2 	0
2025-11-08 12:42:04	 4798	 2407	3457	-64	 38.67	 1	-1 	0
2025-11-08 12:42:09	 4941	 2408	3453	-64	 168.75	 -4	0 	0
2025-11-08 12:42:10	 4976	 2285	3477	-64	 117.77	 -1	0 	0
2025-11-08 12:42:11	 5011	 2199	3615	-64	 140.62	 -2	0 	0
2025-11-08 12:42:12	 5046	 2152	3590	-64	 214.45	 -5	-4 	0
2025-11-08 12:42:14	 5130	 2258	3580	-64	 353.32	 6	-1 	0
2025-11-08 12:42:15	 5173	 2270	3550	-64	 312.89	 1	-6 	0
2025-11-08 12:42:16	 5208	 2306	3468	-64	 283.01	 0	-2 	0
2025-11-08 12:42:17	 5243	 2338	3327	-64	 279.49	 0	-6 	0
2025-11-08 12:42:18	 5278	 2366	3296	-64	 260.16	 0	0 	0
2025-11-08 12:42:19	 5319	 2314	3291	-64	 217.97	 -4	-1 	0
2025-11-08 12:42:20	 5354	 2315	3233	-64	 283.01	 1	-7 	0
2025-11-08 12:42:22	 5406	 2348	3217	-64	 3.87	 4	0 	0
2025-11-08 12:42:23	 5441	 2604	3234	0	 3.87	 8	0 	0
2025-11-08 12:42:27	 5595	 2670	3283	0	 91.76	 -1	6 	0
2025-11-08 12:42:28	 5630	 2667	3389	0	 91.76	 -1	6 	0
2025-11-08 12:42:29	 5665	 2661	3560	0	 121.64	 -1	1 	0
2025-11-08 12:42:30	 5700	 2651	3571	0	 177.89	 -4	0 	0
2025-11-08 12:42:31	 5735	 2560	3564	0	 214.80	 0	-1 	0
2025-11-08 12:42:32	 5770	 2560	3527	0	 184.92	 0	-1 	0
2025-11-08 12:42:34	 5833	 2565	3608	0	 86.48	 0	7 	0
2025-11-08 12:42:37	 5954	 2518	3749	0	 190.20	 -7	-2 	0
2025-11-08 12:42:38	 5989	 2397	3727	0	 190.20	 -6	-2 	0
2025-11-08 12:42:39	 6024	 2226	3697	0	 190.20	 -2	-1 	0
2025-11-08 12:42:40	 6059	 2047	3664	0	 195.47	 -6	-2 	0
2025-11-08 12:42:41	 6094	 1987	3654	0	 300.94	 -1	-1 	0
2025-11-08 12:42:42	 6129	 2040	3600	0	 306.21	 1	0 	0
2025-11-08 12:42:44	 6166	 2057	3600	0	 62.23	 0	0 	0
2025-11-08 12:42:45	 6201	 2104	3737	0	 35.86	 1	2 	0
2025-11-08 12:42:48	 6305	 2138	3736	0	 316.76	 2	-3 	0
2025-11-08 12:42:49	 6340	 2253	3664	0	 322.03	 0	0 	0
2025-11-08 12:42:50	 6375	 2336	3664	0	 0.70	 5	0 	0
2025-11-08 12:42:51	 6410	 2401	3665	0	 309.73	 0	0 	0
2025-11-08 12:42:53	 6500	 2359	3664	0	 195.47	 -2	0 	0
2025-11-08 12:42:56	 6603	 2348	3664	-8	 2.46	 1	0 	0
2025-11-08 12:42:57	 6638	 2569	3673	0	 2.46	 8	0 	0
2025-11-08 12:43:02	 6812	 2670	3657	0	 265.78	 -1	-5 	0
2025-11-08 12:43:03	 6847	 2656	3474	0	 265.78	 -1	-7 	0
2025-11-08 12:43:04	 6882	 2651	3399	0	 278.09	 -1	-1 	0
2025-11-08 12:43:06	 6968	 2687	3388	0	 350.16	 0	-1 	0
2025-11-08 12:43:14	 7235	 2687	3384	0	 5.98	 -2	-1 	0
2025-11-08 12:43:15	 7270	 2571	3371	0	 5.98	 0	0 	0
2025-11-08 12:43:16	 7305	 2665	3381	0	 5.98	 0	0 	0
2025-11-08 12:43:21	 7467	 2632	3386	0	 353.67	 -6	0 	0
2025-11-08 12:43:22	 7502	 2629	3388	0	 353.67	 6	-1 	0
2025-11-08 12:43:23	 7537	 2687	3374	0	 353.67	 0	-1 	0
2025-11-08 12:43:27	 7680	 2650	3324	0	 279.84	 -1	-1 	0
2025-11-08 12:43:28	 7737	 2599	3281	0	 39.38	 -5	-4 	0
2025-11-08 12:43:29	 7772	 2560	3244	0	 39.38	 0	-1 	0
2025-11-08 12:43:30	 7807	 2718	3373	0	 39.38	 6	5 	3
2025-11-08 12:43:36	 8015	 2761	3384	96	 315.00	 3	-4 	0
2025-11-08 12:43:37	 8050	 2839	3319	96	 9.49	 3	0 	0
2025-11-08 12:43:38	 8085	 3070	3355	96	 9.49	 7	1 	0
2025-11-08 12:43:39	 8120	 3352	3402	64	 9.49	 8	1 	0
2025-11-08 12:43:40	 8155	 3478	3397	0	 13.01	 3	-1 	0
2025-11-08 12:43:41	 8190	 3557	3407	16	 357.19	 4	-1 	0
2025-11-08 12:43:42	 8225	 3800	3391	112	 357.19	 7	-1 	0
2025-11-08 12:43:43	 8260	 3857	3377	112	 41.13	 -1	-1 	0
2025-11-08 12:43:46	 8368	 3861	3373	112	 176.48	 0	0 	0
2025-11-08 12:43:49	 8445	 3899	3333	112	 311.84	 2	-3 	0
2025-11-08 12:43:50	 8480	 4005	3214	112	 9.84	 0	-1 	0
2025-11-08 12:43:51	 8515	 4103	3208	112	 311.84	 0	-1 	0
2025-11-08 12:43:52	 8550	 4226	3071	112	 320.62	 2	-4 	0
2025-11-08 12:43:53	 8585	 4256	3038	112	 16.88	 0	-1 	0
2025-11-08 12:43:57	 8720	 4324	3044	112	 36.21	 0	0 	0
2025-11-08 12:44:01	 8887	 4358	3041	112	 350.51	 5	-1 	0
2025-11-08 12:44:02	 8922	 4603	3000	32	 350.51	 8	-2 	0
2025-11-08 12:44:03	 8957	 4655	2981	32	 34.45	 0	-1 	0
2025-11-08 12:44:06	 9037	 4653	2983	32	 139.92	 0	-2 	0
2025-11-08 12:44:10	 9200	 4655	2970	32	 141.68	 0	-1 	0
2025-11-08 12:44:12	 9258	 4590	3019	32	 141.68	 -6	4 	0
2025-11-08 12:44:13	 9293	 4436	3165	32	 141.68	 -1	1 	0
2025-11-08 12:44:14	 9328	 4312	3283	32	 141.68	 -2	1 	0
2025-11-08 12:44:15	 9363	 4243	3339	48	 141.68	 -2	1 	0
2025-11-08 12:44:16	 9399	 4226	3352	48	 180.35	 -1	-1 	0
2025-11-08 12:44:17	 9434	 4057	3351	72	 180.35	 -5	-1 	0
2025-11-08 12:44:18	 9469	 3913	3350	112	 157.50	 -1	-1 	0
2025-11-08 12:44:25	 9703	 3922	3366	112	 43.24	 3	3 	0
2025-11-08 12:44:26	 9738	 4109	3541	112	 43.24	 5	5 	0
2025-11-08 12:44:27	 9773	 4220	3646	112	 20.39	 0	0 	0
2025-11-08 12:44:29	 9846	 4258	3648	112	 352.27	 3	-1 	0
2025-11-08 12:44:30	 9881	 4340	3637	112	 352.27	 0	-1 	0
2025-11-08 12:44:33	 9997	 4371	3637	112	 2.81	 4	0 	0
2025-11-08 12:44:34	 10032	 4560	3646	32	 15.12	 1	0 	0
2025-11-08 12:44:35	 10067	 4607	3710	32	 64.34	 2	6 	0
2025-11-08 12:44:36	 10102	 4642	3759	32	 150.47	 0	0 	0
2025-11-08 12:44:38	 10180	 4573	3581	32	 247.15	 -2	-6 	0
2025-11-08 12:44:39	 10215	 4512	3531	32	 176.84	 -3	0 	0
2025-11-08 12:44:41	 10270	 4495	3536	32	 168.05	 -2	0 	0
2025-11-08 12:44:42	 10305	 4424	3544	32	 208.48	 -1	-1 	0
2025-11-08 12:44:43	 10340	 4333	3453	32	 208.48	 -5	-4 	0
2025-11-08 12:44:44	 10375	 4289	3417	32	 208.48	 -1	-1 	0
2025-11-08 12:44:47	 10486	 4383	3361	32	 331.52	 5	-4 	0
2025-11-08 12:44:48	 10521	 4495	3369	88	 24.26	 5	0 	0
2025-11-08 12:44:49	 10556	 4657	3423	112	 322.73	 0	0 	0
2025-11-08 12:44:53	 10681	 4654	3433	112	 162.77	 -5	1 	0
2025-11-08 12:44:54	 10716	 4549	3466	112	 224.30	 -1	0 	0
2025-11-08 12:44:55	 10768	 4557	3427	112	 296.37	 0	-3 	0
2025-11-08 12:44:56	 10803	 4569	3404	112	 354.38	 2	-1 	0
2025-11-08 12:45:02	 11028	 4664	3403	112	 122.70	 -3	3 	0
2025-11-08 12:45:03	 11063	 4641	3439	112	 82.27	 -1	0 	0
2025-11-08 12:45:04	 11098	 4655	3542	32	 115.66	 0	1 	0
2025-11-08 12:45:06	 11136	 4653	3559	32	 124.45	 -2	2 	0
2025-11-08 12:45:07	 11171	 4597	3640	32	 99.84	 -1	0 	0
2025-11-08 12:45:09	 11243	 4573	3758	32	 229.92	 -2	-2 	0
2025-11-08 12:45:10	 11278	 4519	3680	32	 245.74	 -3	-6 	0
2025-11-08 12:45:11	 11313	 4431	3519	32	 233.44	 -1	-2 	0
2025-11-08 12:45:12	 11348	 4316	3391	32	 233.44	 -4	-5 	0
2025-11-08 12:45:13	 11383	 4284	3348	48	 263.32	 -1	-1 	0
2025-11-08 12:45:14	 11418	 4266	3216	32	 263.32	 -1	-1 	0
2025-11-08 12:45:16	 11507	 4253	3222	32	 122.70	 -2	2 	0
2025-11-08 12:45:17	 11542	 4138	3401	32	 120.94	 0	0 	0
2025-11-08 12:45:18	 11585	 4165	3427	32	 57.66	 1	2 	0
2025-11-08 12:45:19	 11620	 4241	3503	32	 54.14	 0	0 	0
2025-11-08 12:45:21	 11660	 4274	3493	32	 336.80	 4	-3 	0
2025-11-08 12:45:22	 11695	 4357	3417	32	 313.95	 4	-5 	0
2025-11-08 12:45:23	 11730	 4432	3345	64	 36.56	 1	1 	0
2025-11-08 12:45:24	 11767	 4483	3375	80	 8.44	 2	0 	0
2025-11-08 12:45:25	 11802	 4671	3398	112	 8.44	 0	0 	0
2025-11-08 12:45:26	 11838	 4633	3393	112	 8.44	 -1	-1 	0
2025-11-08 12:45:27	 11873	 4671	3402	112	 8.44	 0	0 	0
2025-11-08 12:45:28	 11909	 4656	3396	112	 13.71	 -1	-1 	0
2025-11-08 12:45:29	 11961	 4786	3427	112	 26.02	 2	0 	0
2025-11-08 12:45:32	 12056	 4705	3410	112	 193.01	 -8	-2 	0
2025-11-08 12:45:33	 12091	 4616	3389	112	 265.08	 -1	-1 	0
2025-11-08 12:45:33	 12091	 4616	3389	112	 265.08	 -1	-1 	0
2025-11-08 12:45:34	 12126	 4605	3300	112	 298.48	 -1	-2 	0
2025-11-08 12:45:35	 12161	 4671	3269	112	 349.45	 0	-2 	0
2025-11-08 12:45:37	 12236	 4780	3263	112	 326.60	 1	-1 	0
2025-11-08 12:45:38	 12271	 4800	3262	112	 275.62	 0	-1 	0
2025-11-08 12:45:41	 12388	 4757	3122	112	 233.44	 -1	-2 	0
2025-11-08 12:45:43	 12443	 4751	3104	112	 261.56	 -1	-1 	0
2025-11-08 12:45:44	 12478	 4726	2930	112	 261.56	 -1	-3 	0
2025-11-08 12:45:45	 12513	 4722	2907	112	 196.52	 -1	-1 	0
2025-11-08 12:45:46	 12557	 4558	2858	112	 187.73	 -4	-1 	0
2025-11-08 12:45:47	 12592	 4404	2853	112	 177.19	 -8	0 	0
2025-11-08 12:45:48	 12627	 4120	2867	112	 177.19	 -9	0 	0
2025-11-08 12:45:50	 12707	 3567	3759	68	 270.00	 -1	0 	0
2025-11-08 12:45:54	 12823	 3440	3708	0	 208.48	 -7	-4 	0
2025-11-08 12:45:55	 12858	 3257	3611	0	 168.05	 -2	-1 	0
2025-11-08 12:45:56	 12893	 3222	3609	0	 103.01	 -1	0 	0
2025-11-08 12:45:58	 12975	 3297	3564	0	 329.41	 6	-4 	0
2025-11-08 12:45:59	 13010	 3487	3472	0	 292.50	 1	0 	0
2025-11-08 12:46:00	 13045	 3481	3382	0	 250.31	 -1	-3 	0
2025-11-08 12:46:01	 13080	 3434	3351	16	 188.79	 -6	-2 	0
2025-11-08 12:46:02	 13115	 3248	3319	96	 127.27	 -2	-1 	0
2025-11-08 12:46:03	 13150	 3217	3268	112	 71.02	 -2	-5 	0
2025-11-08 12:46:04	 13185	 3172	3142	0	 71.02	 -1	-1 	0
2025-11-08 12:46:50	 14765	 1949	3491	0	 12.30	 4	0 	0
2025-11-08 12:46:51	 14800	 2063	3526	0	 12.30	 0	0 	0
2025-11-08 12:46:53	 14853	 2102	3526	0	 347.70	 1	-1 	0
2025-11-08 12:46:54	 14896	 2112	3526	0	 342.42	 -1	0 	0
2025-11-08 12:46:58	 15039	 2104	3531	0	 316.05	 0	0 	0
2025-11-08 12:47:00	 15093	 2233	3406	-35	 321.33	 5	-6 	0
2025-11-08 12:47:01	 15128	 2304	3335	-64	 17.58	 -1	-1 	0
2025-11-08 12:47:03	 15193	 2310	3331	-64	 33.40	 2	1 	0
2025-11-08 12:47:04	 15228	 2468	3435	-64	 66.80	 1	1 	0
2025-11-08 12:47:05	 15263	 2465	3515	-64	 108.98	 -1	2 	0
2025-11-08 12:47:06	 15298	 2459	3604	-64	 82.62	 0	2 	0
2025-11-08 12:47:07	 15356	 2427	3564	-64	 235.55	 -4	-6 	0
2025-11-08 12:47:08	 15391	 2332	3409	-64	 235.55	 -4	-6 	0
2025-11-08 12:47:09	 15426	 2289	3344	-64	 279.49	 -1	-1 	0
2025-11-08 12:47:10	 15464	 2310	3282	-64	 286.52	 1	-4 	0
2025-11-08 12:47:11	 15499	 2342	3216	-64	 5.62	 3	0 	0
2025-11-08 12:47:12	 15534	 2574	3239	0	 3.87	 5	0 	0
2025-11-08 12:47:13	 15569	 2632	3245	0	 261.91	 0	0 	0
2025-11-08 12:47:18	 15725	 2641	3364	0	 86.13	 0	7 	0
2025-11-08 12:47:19	 15760	 2620	3500	0	 137.11	 -5	4 	0
2025-11-08 12:47:20	 15795	 2560	3640	0	 137.11	 -1	4 	0
2025-11-08 12:47:21	 15830	 2520	3736	0	 191.60	 -1	0 	0
2025-11-08 12:47:22	 15881	 2522	3744	0	 191.60	 0	0 	0
2025-11-08 12:47:25	 15973	 2464	3726	0	 196.88	 -7	-2 	0
2025-11-08 12:47:26	 16008	 2220	3664	0	 189.84	 -4	0 	0
2025-11-08 12:47:27	 16043	 2184	3664	0	 75.59	 -1	0 	0
2025-11-08 12:47:29	 16117	 2232	3698	0	 26.37	 0	0 	0
2025-11-08 12:47:30	 16152	 2359	3759	0	 26.37	 5	0 	0
2025-11-08 12:47:31	 16187	 2490	3758	0	 328.36	 2	-2 	0
2025-11-08 12:47:32	 16222	 2633	3675	0	 287.93	 1	-1 	0
2025-11-08 12:47:33	 16257	 2634	3625	0	 236.95	 -1	-3 	0
2025-11-08 12:47:34	 16292	 2630	3604	0	 159.61	 -1	-1 	0
2025-11-08 12:47:35	 16334	 2528	3700	0	 147.30	 -4	3 	0
2025-11-08 12:47:36	 16369	 2453	3713	0	 207.07	 -6	-3 	0
2025-11-08 12:47:37	 16404	 2338	3638	-8	 200.04	 2	0 	0
2025-11-08 12:47:39	 16483	 2351	3653	-8	 101.60	 -1	2 	0
2025-11-08 12:47:40	 16518	 2310	3759	0	 101.60	 -2	0 	0
2025-11-08 12:47:42	 16572	 2301	3756	0	 315.70	 1	-2 	0
2025-11-08 12:47:43	 16607	 2410	3703	0	 352.62	 6	-2 	0
2025-11-08 12:47:44	 16642	 2587	3678	0	 280.55	 0	-1 	0
2025-11-08 12:47:45	 16677	 2622	3544	0	 280.55	 1	-8 	0
2025-11-08 12:47:46	 16712	 2652	3387	0	 324.49	 0	-2 	0
2025-11-08 12:47:47	 16747	 2711	3399	0	 24.26	 6	2 	3
2025-11-08 12:47:52	 16923	 2746	3389	96	 306.91	 2	-4 	3
2025-11-08 12:47:53	 16958	 2846	3257	96	 343.83	 0	-1 	0
2025-11-08 12:47:57	 17114	 2869	3257	96	 27.77	 4	2 	0
2025-11-08 12:47:58	 17149	 3016	3334	96	 8.44	 4	2 	0
2025-11-08 12:47:59	 17184	 3238	3382	96	 8.44	 8	1 	0
2025-11-08 12:48:00	 17219	 3447	3398	14	 345.59	 5	-2 	0
2025-11-08 12:48:01	 17254	 3616	3356	48	 50.62	 1	-1 	0
2025-11-08 12:48:02	 17289	 3721	3396	96	 13.71	 5	1 	0
2025-11-08 12:48:03	 17324	 3853	3428	112	 294.61	 0	0 	0
2025-11-08 12:48:05	 17378	 3869	3428	112	 236.60	 0	-1 	0
2025-11-08 12:48:06	 17413	 3884	3427	112	 182.11	 0	-1 	0
2025-11-08 12:48:10	 17553	 3882	3429	112	 329.77	 -1	0 	0
2025-11-08 12:48:11	 17596	 3965	3366	104	 6.68	 0	-1 	0
2025-11-08 12:48:13	 17644	 3993	3363	96	 8.44	 4	0 	0
2025-11-08 12:48:14	 17679	 4161	3376	32	 3.16	 2	0 	0
2025-11-08 12:48:16	 17771	 4210	3370	32	 349.10	 5	-2 	0
2025-11-08 12:48:17	 17806	 4388	3335	32	 291.09	 1	-1 	0
2025-11-08 12:48:21	 17924	 4433	3374	64	 41.48	 0	0 	0
2025-11-08 12:48:22	 17959	 4502	3376	112	 1.05	 6	0 	0
2025-11-08 12:48:23	 18008	 4655	3391	112	 27.42	 0	2 	0
2025-11-08 12:48:24	 18043	 4671	3434	112	 11.60	 0	0 	0
2025-11-08 12:48:26	 18115	 4699	3433	112	 336.45	 0	-1 	0
2025-11-08 12:48:28	 18192	 4791	3410	112	 99.49	 -1	1 	0
2025-11-08 12:48:29	 18227	 4791	3460	112	 95.98	 -1	5 	0
2025-11-08 12:48:30	 18262	 4776	3628	112	 139.92	 -1	0 	0
2025-11-08 12:48:33	 18351	 4771	3651	112	 106.52	 -2	3 	0
2025-11-08 12:48:34	 18386	 4718	3829	112	 150.47	 -1	1 	0
2025-11-08 12:48:35	 18421	 4712	3845	112	 166.29	 -2	0 	0
2025-11-08 12:48:36	 18456	 4502	3896	112	 178.59	 -6	1 	0
2025-11-08 12:48:37	 18491	 4314	3891	112	 189.14	 -8	-2 	0
2025-11-08 12:48:38	 18526	 4224	3869	112	 204.96	 0	-1 	0
2025-11-08 12:48:42	 18661	 4308	3816	112	 262.97	 0	0 	0
2025-11-08 12:48:43	 18696	 4296	3816	112	 257.70	 -1	-1 	0
2025-11-08 12:48:44	 18747	 4288	3817	112	 264.73	 -1	0 	0
2025-11-08 12:48:53	 19044	 4360	3722	112	 315.70	 2	-3 	0
2025-11-08 12:48:54	 19079	 4451	3689	47	 357.89	 4	-1 	0
2025-11-08 12:48:55	 19114	 4587	3681	32	 289.34	 0	-1 	0
2025-11-08 12:48:59	 19255	 4607	3704	32	 59.06	 2	4 	0
2025-11-08 12:49:01	 19346	 4618	3719	32	 234.49	 -2	-2 	0
2025-11-08 12:49:02	 19381	 4586	3651	32	 253.83	 -2	-7 	0
2025-11-08 12:49:03	 19416	 4543	3575	32	 192.30	 -5	-2 	0
2025-11-08 12:49:04	 19451	 4424	3544	32	 225.70	 -1	-1 	0
2025-11-08 12:49:05	 19486	 4326	3443	32	 225.70	 -2	-2 	0
2025-11-08 12:49:06	 19521	 4297	3414	32	 262.62	 -1	-1 	0
2025-11-08 12:49:07	 19561	 4312	3302	32	 281.95	 0	-6 	0
2025-11-08 12:49:08	 19596	 4327	3256	32	 327.66	 2	-2 	0
2025-11-08 12:49:09	 19631	 4499	3138	32	 320.62	 5	-5 	0
2025-11-08 12:49:10	 19666	 4655	2985	32	 304.80	 0	-2 	0
2025-11-08 12:49:12	 19719	 4654	2972	32	 146.60	 -2	1 	0
2025-11-08 12:49:13	 19754	 4588	2995	32	 153.63	 -2	0 	0
2025-11-08 12:49:14	 19789	 4519	3062	32	 129.02	 -5	5 	0
2025-11-08 12:49:15	 19824	 4342	3282	32	 129.02	 -6	6 	0
2025-11-08 12:49:16	 19859	 4235	3386	48	 180.00	 -6	0 	0
2025-11-08 12:49:17	 19894	 4060	3357	72	 180.00	 -7	-2 	0
2025-11-08 12:49:18	 19929	 3914	3346	112	 199.34	 -1	-1 	0
2025-11-08 12:49:20	 20000	 3935	3329	112	 329.41	 3	-3 	0
2025-11-08 12:49:21	 20035	 4081	3218	112	 320.62	 6	-5 	0
2025-11-08 12:49:22	 20070	 4185	3124	112	 308.32	 2	-4 	0
2025-11-08 12:49:23	 20105	 4335	2944	112	 308.32	 0	-1 	0
2025-11-08 12:49:25	 20167	 4349	2793	112	 318.87	 0	-3 	0
2025-11-08 12:49:26	 20202	 4353	2772	112	 78.40	 0	-1 	0
2025-11-08 12:49:29	 20316	 4377	2782	112	 22.15	 4	1 	0
2025-11-08 12:49:30	 20351	 4610	2878	112	 22.15	 7	3 	0
2025-11-08 12:49:31	 20386	 4807	2965	112	 37.97	 0	0 	0
2025-11-08 12:49:33	 20449	 4805	3031	112	 92.46	 -1	6 	0
2025-11-08 12:49:34	 20484	 4795	3261	112	 122.34	 -1	2 	0
2025-11-08 12:49:35	 20519	 4712	3312	112	 164.53	 0	0 	0
2025-11-08 12:49:36	 20581	 4650	3323	112	 173.32	 -4	0 	0
2025-11-08 12:49:37	 20616	 4614	3327	112	 139.92	 -1	0 	0
2025-11-08 12:49:40	 20714	 4550	3460	112	 115.31	 -2	3 	0
2025-11-08 12:49:52	 21121	 4532	3499	112	 115.31	 -1	0 	0
2025-11-08 12:54:36	 31051	 4541	3448	112	 280.20	 0	-1 	0
2025-11-08 12:54:38	 31146	 4549	3463	112	 76.64	 0	1 	0
2025-11-08 12:54:42	 31279	 4557	3463	112	 287.58	 1	-4 	0
2025-11-08 12:54:43	 31314	 4612	3291	112	 317.46	 0	-2 	0
2025-11-08 12:54:44	 31349	 4671	3271	112	 356.13	 0	-1 	0
2025-11-08 12:54:46	 31402	 4788	3262	112	 315.70	 1	-1 	0
2025-11-08 12:54:47	 31437	 4800	3243	112	 255.94	 -2	-5 	0
2025-11-08 12:54:48	 31472	 4742	3012	112	 255.94	 -1	-4 	0
2025-11-08 12:54:49	 31507	 4703	2855	112	 240.12	 -1	-3 	0
2025-11-08 12:54:50	 31542	 4698	2833	112	 192.66	 -1	-1 	0
2025-11-08 12:54:51	 31577	 4521	2793	112	 183.87	 -3	-1 	0
2025-11-08 12:54:52	 31612	 4348	2777	112	 175.08	 -5	-1 	0
2025-11-08 12:54:53	 31647	 4142	2808	112	 168.05	 -8	1 	0
2025-11-08 12:55:03	 32018	 3539	3639	112	 243.28	 -3	-6 	0
2025-11-08 12:55:04	 32053	 3472	3505	0	 283.71	 -1	-1 	0
2025-11-08 12:55:05	 32088	 3494	3392	0	 283.71	 0	-4 	0
2025-11-08 12:55:06	 32123	 3501	3361	0	 2.81	 0	-1 	0
2025-11-08 12:55:07	 32158	 3715	3371	96	 2.81	 8	0 	0
2025-11-08 12:55:08	 32193	 3889	3379	112	 8.09	 1	0 	0
2025-11-08 12:55:09	 32228	 3913	3382	112	 23.91	 2	1 	0
2025-11-08 12:55:10	 32263	 4079	3487	112	 23.91	 5	5 	0
2025-11-08 12:55:11	 32298	 4174	3586	112	 36.21	 2	2 	0
2025-11-08 12:55:12	 32333	 4282	3667	112	 62.58	 0	0 	0
2025-11-08 12:55:13	 32368	 4331	3775	112	 69.61	 1	0 	0
2025-11-08 12:55:15	 32447	 4310	3902	112	 131.13	 -1	1 	0
2025-11-08 12:55:19	 32557	 4371	3884	112	 336.80	 6	-3 	0
2025-11-08 12:55:20	 32592	 4508	3832	112	 357.89	 0	0 	0
2025-11-08 12:55:21	 32627	 4527	3824	112	 356.13	 0	-1 	0
2025-11-08 12:55:22	 32665	 4544	3881	112	 64.69	 2	6 	0
2025-11-08 12:55:23	 32700	 4598	3911	112	 13.71	 4	0 	0
2025-11-08 12:55:24	 32735	 4740	3911	112	 308.67	 0	0 	0
2025-11-08 12:55:25	 32774	 4752	3894	112	 282.30	 0	-5 	0
2025-11-08 12:55:26	 32809	 4799	3672	112	 282.30	 0	-1 	0
2025-11-08 12:55:27	 32844	 4794	3645	112	 252.42	 -2	-5 	0
2025-11-08 12:55:28	 32879	 4730	3442	112	 252.42	 -2	-5 	0
2025-11-08 12:55:29	 32914	 4714	3394	112	 173.32	 -1	-1 	0
2025-11-08 12:55:31	 32997	 4647	3418	112	 175.08	 -2	0 	0
2025-11-08 12:55:33	 33059	 4634	3412	112	 255.94	 -1	-4 	0
2025-11-08 12:55:34	 33094	 4610	3313	112	 303.40	 -1	-1 	0
2025-11-08 12:55:35	 33129	 4671	3286	112	 342.07	 0	-2 	0
2025-11-08 12:55:36	 33164	 4672	3269	112	 342.07	 1	-2 	0
2025-11-08 12:55:37	 33199	 4785	3257	112	 291.09	 0	-1 	0
2025-11-08 12:55:38	 33234	 4802	3200	112	 277.03	 0	-7 	0
2025-11-08 12:55:39	 33269	 4806	3088	112	 236.60	 -2	-3 	0
2025-11-08 12:55:40	 33304	 4681	2893	112	 236.60	 -5	-7 	0
2025-11-08 12:55:41	 33339	 4635	2823	112	 171.56	 -1	-1 	0
2025-11-08 12:55:42	 33374	 4438	2850	112	 171.56	 -8	1 	0
2025-11-08 12:55:43	 33409	 4236	2879	112	 171.56	 -8	1 	0
2025-11-08 12:55:44	 33444	 4172	2887	112	 173.32	 -1	0 	0
2025-11-08 12:55:47	 33549	 4065	2887	112	 153.98	 -2	0 	0
2025-11-08 12:55:52	 33740	 3545	3646	112	 257.70	 -2	-8 	0
2025-11-08 12:55:53	 33775	 3496	3643	0	 257.70	 -2	-6 	0
2025-11-08 12:55:54	 33810	 3447	3643	0	 278.79	 -1	-3 	0
2025-11-08 12:55:55	 33845	 3472	3643	0	 282.30	 1	-8 	0
2025-11-08 12:55:56	 33880	 3504	3642	0	 262.97	 0	-1 	0
2025-11-08 12:55:57	 33915	 3490	3468	0	 262.97	 -1	-8 	0
2025-11-08 12:55:58	 33950	 3473	3332	0	 333.28	 -1	-1 	0
2025-11-08 12:55:59	 33985	 3576	3312	32	 350.86	 3	-1 	0
2025-11-08 12:56:00	 34020	 3776	3305	112	 354.38	 4	-1 	0
2025-11-08 12:56:01	 34055	 3826	3300	112	 85.78	 0	-1 	0
2025-11-08 12:56:08	 34271	 3946	3254	112	 338.91	 7	-3 	0
2025-11-08 12:56:09	 34306	 4135	3176	112	 312.54	 0	-1 	0
2025-11-08 12:56:10	 34341	 4212	3093	112	 312.54	 0	-1 	0
2025-11-08 12:56:16	 34573	 4241	3091	112	 15.47	 4	1 	0
2025-11-08 12:56:17	 34608	 4328	3115	112	 73.48	 0	0 	0
2025-11-08 12:56:20	 34701	 4327	3050	112	 259.45	 -1	-4 	0
2025-11-08 12:56:21	 34736	 4295	2944	112	 254.18	 -1	0 	0
2025-11-08 12:56:22	 34771	 4275	2901	112	 254.18	 -2	-6 	0
2025-11-08 12:56:23	 34806	 4235	2769	112	 234.84	 -1	-1 	0
2025-11-08 12:56:28	 34970	 4250	2766	112	 16.88	 4	1 	0
2025-11-08 12:56:29	 35005	 4491	2839	112	 16.88	 7	2 	0
2025-11-08 12:56:30	 35040	 4696	2901	112	 60.82	 1	0 	0
2025-11-08 12:56:36	 35258	 4709	2907	112	 132.89	 -2	1 	0
2025-11-08 12:56:37	 35293	 4572	3054	32	 132.89	 -3	2 	0
2025-11-08 12:56:38	 35328	 4466	3168	32	 132.89	 -6	5 	0
2025-11-08 12:56:39	 35363	 4341	3260	32	 132.89	 -4	3 	0
2025-11-08 12:56:40	 35398	 4293	3310	32	 132.89	 -4	3 	0
2025-11-08 12:56:41	 35433	 4247	3360	48	 132.89	 -1	0 	0
2025-11-08 12:56:46	 35627	 4164	3367	32	 184.22	 -5	-1 	0
2025-11-08 12:56:47	 35662	 3954	3354	104	 184.22	 -3	-1 	0
2025-11-08 12:56:48	 35697	 3891	3349	112	 175.43	 -1	-1 	0
2025-11-08 12:56:50	 35765	 3853	3357	112	 166.64	 -2	0 	0
2025-11-08 12:56:51	 35800	 3693	3395	98	 168.40	 -8	1 	0
2025-11-08 12:56:52	 35835	 3592	3401	46	 193.01	 -5	-2 	0
2025-11-08 12:56:53	 35870	 3442	3368	0	 193.01	 -6	-2 	0
2025-11-08 12:56:54	 35905	 3285	3331	80	 187.73	 -3	-1 	0
2025-11-08 12:56:55	 35940	 3260	3326	96	 68.20	 -1	-1 	0
2025-11-08 12:56:57	 35995	 3291	3390	80	 73.48	 0	1 	0
2025-11-08 12:56:58	 36030	 3315	3407	64	 73.48	 0	0 	0
2025-11-08 12:56:59	 36080	 3273	3408	112	 173.67	 -6	0 	0
2025-11-08 12:57:00	 36115	 3158	3416	112	 161.37	 -1	0 	0
2025-11-08 12:57:02	 36189	 3191	3428	112	 17.23	 2	0 	0
2025-11-08 12:57:03	 36224	 3240	3440	112	 357.89	 2	-1 	0
2025-11-08 12:57:04	 36259	 3332	3438	112	 357.89	 0	-1 	0
2025-11-08 12:57:07	 36346	 3347	3452	112	 66.45	 1	2 	0
2025-11-08 12:57:08	 36381	 3358	3474	112	 80.51	 0	0 	13
2025-11-08 12:57:10	 36453	 3360	3659	112	 89.30	 0	7 	13
2025-11-08 12:57:13	 36568	 2746	3074	40	 350.16	 1	0 	15
2025-11-08 12:57:15	 36622	 2761	3074	40	 227.11	 -2	-2 	15
2025-11-08 12:57:16	 36657	 2649	2954	40	 227.11	 -2	-2 	15
2025-11-08 12:57:17	 36715	 2679	2895	40	 309.73	 3	-4 	15
2025-11-08 12:57:21	 36849	 2713	2854	40	 283.36	 0	-1 	15
2025-11-08 12:57:24	 36941	 2717	2814	40	 274.57	 0	-1 	9
2025-11-08 12:57:31	 37181	 2723	2782	40	 281.60	 0	-4 	20
2025-11-08 12:57:32	 37216	 2729	2751	40	 344.88	 0	-1 	20
2025-11-08 12:57:33	 37270	 2895	2743	40	 357.19	 7	-1 	20
2025-11-08 12:57:34	 37305	 3117	2732	40	 344.88	 1	-1 	20
2025-11-08 12:57:41	 37553	 3023	2756	40	 165.59	 -1	0 	20
2025-11-08 12:57:43	 37612	 3000	2748	40	 213.05	 -4	-3 	20
2025-11-08 12:57:44	 37647	 2796	2616	-144	 253.48	 -6	-4 	0
2025-11-08 12:57:45	 37682	 2717	2457	-120	 260.51	 -2	-7 	0
2025-11-08 12:57:46	 37717	 2698	2398	-128	 286.88	 0	-3 	0
2025-11-08 12:57:47	 37752	 2740	2256	-144	 286.88	 0	0 	0
2025-11-08 12:57:49	 37837	 2748	2256	-144	 83.32	 0	0 	0
2025-11-08 12:57:55	 38041	 2617	2381	-144	 136.05	 -7	5 	0
2025-11-08 12:57:56	 38076	 2521	2423	-128	 208.12	 -6	-3 	0
2025-11-08 12:57:57	 38111	 2390	2396	-128	 164.18	 -7	1 	12
2025-11-08 12:57:58	 38146	 2320	2433	-144	 164.18	 0	0 	0
2025-11-08 12:58:01	 38245	 2296	2449	-144	 153.63	 0	0 	0
2025-11-08 12:58:03	 38320	 2306	2463	-144	 69.26	 1	0 	0
2025-11-08 12:58:04	 38355	 2342	2500	-144	 148.36	 0	0 	0
2025-11-08 12:58:08	 38470	 2296	2556	-144	 211.64	 -1	-2 	0
2025-11-08 12:58:21	 38957	 2296	2535	-144	 148.01	 -1	2 	0
2025-11-08 12:58:24	 39037	 2359	2560	-144	 184.92	 -4	-1 	0
2025-11-08 12:58:25	 39072	 2296	2551	-144	 184.92	 0	-1 	0
2025-11-08 12:58:27	 39143	 2296	2544	-144	 184.92	 0	-1 	0
2025-11-08 12:58:28	 39197	 2381	2542	-144	 179.65	 4	-1 	0
2025-11-08 12:58:29	 39232	 2300	2542	-144	 179.65	 -8	0 	0
2025-11-08 12:58:33	 39346	 2378	2542	-144	 179.65	 1	-1 	0
2025-11-08 12:58:36	 39468	 2396	2542	-144	 16.52	 1	0 	0
2025-11-08 12:58:37	 39503	 2528	2581	-144	 350.16	 1	0 	0
2025-11-08 12:58:38	 39538	 2636	2517	-144	 325.55	 5	-4 	0
2025-11-08 12:58:39	 39573	 2715	2464	-120	 344.88	 0	-1 	0
2025-11-08 12:58:43	 39704	 2631	2450	-144	 188.44	 -7	-1 	0
2025-11-08 12:58:44	 39739	 2523	2460	-128	 144.49	 -5	3 	0
2025-11-08 12:58:45	 39774	 2376	2561	-144	 195.47	 -1	0 	0
2025-11-08 12:58:46	 39809	 2320	2561	-144	 179.65	 -1	0 	0
2025-11-08 12:58:48	 39899	 2420	2560	-144	 202.50	 2	-1 	0
2025-11-08 12:58:49	 39934	 2444	2560	-144	 325.55	 0	-1 	0
2025-11-08 12:58:50	 39971	 2612	2473	-144	 332.58	 7	-4 	0
2025-11-08 12:58:51	 40006	 2783	2408	-144	 348.40	 6	-2 	0
2025-11-08 12:58:59	 40255	 2894	2384	-144	 348.40	 0	-1 	0
2025-11-08 12:59:00	 40290	 3007	2361	-128	 348.40	 7	-2 	0
2025-11-08 12:59:01	 40325	 3120	2346	-144	 11.25	 3	0 	0
2025-11-08 12:59:02	 40360	 3287	2377	-144	 337.85	 1	0 	0
2025-11-08 12:59:03	 40414	 3229	2292	-144	 235.90	 -4	-6 	0
2025-11-08 12:59:05	 40480	 3224	2320	-144	 82.97	 0	5 	0
2025-11-08 12:59:06	 40515	 3245	2447	-144	 60.12	 0	0 	0
2025-11-08 12:59:08	 40570	 3287	2432	-144	 349.80	 0	-1 	0
2025-11-08 12:59:09	 40615	 3287	2423	-144	 341.02	 0	-1 	0
2025-11-08 12:59:10	 40669	 3246	2310	-144	 249.61	 -3	-8 	0
2025-11-08 12:59:11	 40704	 3213	2288	-144	 195.12	 -1	0 	0
2025-11-08 12:59:13	 40754	 3089	2324	-128	 163.48	 -7	1 	0
2025-11-08 12:59:14	 40789	 2962	2362	-128	 166.99	 -2	0 	0
2025-11-08 12:59:15	 40824	 2872	2347	-144	 193.36	 -7	-2 	0
2025-11-08 12:59:16	 40859	 2604	2284	-144	 193.36	 -8	-2 	0
2025-11-08 12:59:17	 40894	 2515	2278	-128	 138.87	 -4	2 	0
2025-11-08 12:59:18	 40929	 2447	2334	-128	 138.87	 -1	0 	0
2025-11-08 12:59:20	 40988	 2384	2291	-128	 210.94	 -1	-3 	12
2025-11-08 12:59:22	 41079	 2409	2342	-128	 73.83	 1	6 	0
2025-11-08 12:59:23	 41114	 2462	2525	-144	 142.38	 0	1 	0
2025-11-08 12:59:24	 41149	 2415	2571	-144	 168.75	 -1	0 	0
2025-11-08 12:59:25	 41184	 2320	2573	-144	 181.05	 -1	-1 	0
2025-11-08 12:59:28	 41268	 2515	2577	-144	 181.05	 5	0 	0
2025-11-08 12:59:29	 41303	 2576	2578	-144	 270.70	 0	0 	0
2025-11-08 12:59:30	 41350	 2687	2555	-144	 348.05	 7	-2 	0
2025-11-08 12:59:31	 41385	 2884	2507	-144	 328.71	 4	-3 	0
2025-11-08 12:59:32	 41420	 3027	2424	-128	 277.73	 0	-1 	0
2025-11-08 12:59:33	 41455	 3005	2338	-128	 244.34	 -2	-4 	0
2025-11-08 12:59:34	 41490	 2993	2303	-128	 124.80	 -1	-1 	16
2025-11-08 12:59:38	 41619	 3055	2575	-144	 73.83	 0	9 	0
2025-11-08 12:59:39	 41654	 3096	2695	-144	 114.26	 0	0 	0
2025-11-08 12:59:40	 41694	 3059	2675	-144	 205.66	 -4	-2 	0
2025-11-08 12:59:41	 41729	 3020	2656	-144	 205.66	 -1	-1 	0
2025-11-08 12:59:42	 41784	 2753	2518	-120	 207.42	 -14	-8 	0
2025-11-08 12:59:43	 41819	 2384	2275	-128	 207.42	 0	-5 	0
2025-11-08 12:59:46	 41931	 2485	2292	-128	 19.69	 6	2 	12
2025-11-08 12:59:47	 41966	 2665	2356	-128	 19.69	 5	2 	0
2025-11-08 12:59:48	 42001	 2684	2363	-128	 19.69	 -3	-2 	11
2025-11-08 12:59:49	 42036	 2650	2348	-144	 10.90	 0	0 	0
2025-11-08 12:59:50	 42071	 2800	2376	-133	 10.90	 7	1 	0
2025-11-08 12:59:51	 42106	 3058	2426	-128	 348.05	 3	0 	0
2025-11-08 12:59:52	 42141	 3181	2408	-144	 348.05	 6	-2 	0
2025-11-08 12:59:54	 42208	 3284	2391	-144	 116.37	 -2	2 	0
2025-11-08 12:59:55	 42243	 3234	2447	-144	 149.77	 -1	0 	0
2025-11-08 12:59:57	 42302	 3243	2351	-144	 276.33	 0	-8 	0
2025-11-08 12:59:58	 42337	 3258	2288	-144	 276.33	 0	-1 	0
2025-11-08 12:59:59	 42372	 3266	2288	-144	 285.12	 0	0 	0
2025-11-08 13:00:03	 42502	 3268	2301	-144	 144.49	 -3	1 	0
2025-11-08 13:00:04	 42537	 3235	2325	-144	 77.70	 -1	0 	0
2025-11-08 13:00:06	 42603	 3287	2371	-144	 24.96	 0	1 	0
2025-11-08 13:00:07	 42655	 3284	2386	-144	 146.25	 -3	1 	0
2025-11-08 13:00:08	 42690	 3128	2447	-144	 146.25	 -6	0 	0
2025-11-08 13:00:09	 42725	 3064	2456	-128	 60.12	 -1	0 	0
2025-11-08 13:00:10	 42771	 3039	2500	-144	 91.76	 -1	0 	0
2025-11-08 13:00:11	 42806	 3055	2537	-144	 39.02	 0	3 	0
2025-11-08 13:00:12	 42841	 3055	2571	-144	 12.66	 0	0 	0
2025-11-08 13:00:14	 42884	 3055	2584	-144	 81.21	 0	2 	0
2025-11-08 13:00:15	 42944	 3071	2688	-144	 326.95	 3	-3 	0
2025-11-08 13:00:18	 43051	 3047	2663	-144	 161.72	 -7	2 	0
2025-11-08 13:00:19	 43086	 2902	2695	-144	 226.76	 -1	0 	0
2025-11-08 13:00:20	 43121	 2761	2553	-144	 226.76	 -5	-5 	0
2025-11-08 13:00:21	 43156	 2708	2491	-120	 239.06	 -1	-1 	0
2025-11-08 13:00:23	 43218	 2702	2469	-120	 258.40	 -1	-1 	0
2025-11-08 13:00:25	 43270	 2695	2435	-120	 258.40	 -2	-6 	0
2025-11-08 13:00:26	 43305	 2655	2256	-144	 258.40	 -1	-1 	0
2025-11-08 13:00:27	 43347	 2644	2256	-144	 351.56	 1	-1 	0
2025-11-08 13:00:28	 43382	 2861	2256	-144	 351.56	 8	-1 	0
2025-11-08 13:00:29	 43417	 3119	2256	-144	 351.56	 0	-1 	0
2025-11-08 13:00:31	 43488	 3131	2320	-144	 16.17	 0	0 	0
2025-11-08 13:00:32	 43523	 3245	2324	-144	 358.59	 7	-1 	0
When: 2025-11-08 13:01:23 Episode: 1 Map: 3
timestamp	 tic	 x	 y	 z	 angle	 momx	 momy
2025-11-08 13:01:24	 45315	 2910	2381	-144	 348.40	 2	-1 	0
2025-11-08 13:01:25	 45350	 3040	2354	-128	 348.40	 7	-2 	0
2025-11-08 13:01:26	 45385	 3166	2316	-144	 25.31	 0	-1 	19
2025-11-08 13:01:28	 45442	 3287	2386	-144	 111.45	 -1	1 	0
2025-11-08 13:01:29	 45491	 3228	2443	-144	 187.03	 -5	-1 	0
2025-11-08 13:01:30	 45526	 3180	2437	-144	 271.41	 -1	-1 	0
2025-11-08 13:01:32	 45592	 3172	2290	-144	 167.70	 -4	0 	0
2025-11-08 13:01:33	 45627	 2934	2342	-128	 167.70	 -8	1 	16
2025-11-08 13:01:34	 45662	 2643	2405	-137	 167.70	 -9	1 	0
2025-11-08 13:01:35	 45697	 2437	2444	-128	 174.73	 -7	0 	12
2025-11-08 13:01:36	 45732	 2296	2461	-144	 183.52	 0	0 	0
2025-11-08 13:01:39	 45818	 2381	2466	-144	 139.57	 0	0 	0
2025-11-08 13:01:41	 45919	 2303	2553	-144	 325.90	 2	-3 	0
2025-11-08 13:01:42	 45954	 2502	2416	-128	 325.90	 6	-5 	12
2025-11-08 13:01:43	 45989	 2714	2335	-128	 2.81	 7	-1 	0
2025-11-08 13:01:44	 46024	 3002	2344	-128	 2.81	 7	0 	0
2025-11-08 13:01:45	 46059	 3195	2356	-144	 2.81	 6	0 	0
2025-11-08 13:01:46	 46094	 3287	2364	-144	 2.81	 0	0 	0
2025-11-08 13:01:53	 46314	 3274	2370	-144	 168.05	 -5	0 	0
2025-11-08 13:01:54	 46349	 3133	2400	-144	 152.23	 -1	0 	0
2025-11-08 13:01:55	 46384	 3116	2429	-144	 106.52	 -1	2 	0
2025-11-08 13:01:56	 46419	 3086	2479	-144	 106.52	 -1	0 	0
2025-11-08 13:01:57	 46476	 3028	2463	-128	 197.93	 -7	-2 	0
2025-11-08 13:01:58	 46511	 2765	2378	-128	 197.93	 -9	-3 	11
2025-11-08 13:01:59	 46546	 2546	2308	-144	 182.11	 -2	-1 	0
2025-11-08 13:02:00	 46581	 2491	2339	-128	 136.41	 -2	1 	0
2025-11-08 13:02:01	 46616	 2448	2379	-128	 136.41	 -2	1 	0
2025-11-08 13:02:02	 46651	 2415	2410	-128	 60.82	 -1	0 	0
2025-11-08 13:02:06	 46794	 2435	2420	-128	 25.66	 0	0 	0
2025-11-08 13:02:08	 46863	 2382	2388	-128	 30.94	 -1	-1 	0
2025-11-08 13:02:20	 47260	 2366	2400	-128	 111.45	 -2	3 	0
2025-11-08 13:02:21	 47295	 2313	2536	-144	 141.33	 -1	0 	0
2025-11-08 13:02:23	 47377	 2322	2539	-144	 155.39	 3	-2 	0
2025-11-08 13:02:24	 47412	 2432	2489	-144	 76.29	 0	-1 	0
2025-11-08 13:02:26	 47465	 2480	2475	-144	 344.88	 5	-2 	0
2025-11-08 13:02:27	 47500	 2645	2430	-144	 357.19	 0	-1 	0
2025-11-08 13:02:28	 47535	 2667	2435	-144	 32.34	 3	2 	0
2025-11-08 13:02:29	 47570	 2878	2569	-144	 32.34	 7	4 	0
2025-11-08 13:02:30	 47605	 3030	2665	-144	 32.34	 0	0 	0
2025-11-08 13:02:31	 47640	 3097	2695	-144	 32.34	 3	0 	0
2025-11-08 13:02:32	 47702	 3119	2656	-144	 104.41	 0	-6 	0
2025-11-08 13:02:34	 47762	 3106	2640	-144	 215.16	 -4	-1 	0
2025-11-08 13:02:35	 47797	 2966	2603	-144	 215.16	 -2	-1 	0
2025-11-08 13:02:36	 47832	 2902	2561	-144	 215.16	 -5	-3 	0
2025-11-08 13:02:37	 47867	 2804	2503	-144	 206.37	 -4	-2 	0
2025-11-08 13:02:38	 47902	 2747	2477	-120	 199.34	 -4	-2 	0
2025-11-08 13:02:39	 47937	 2699	2460	-120	 199.34	 -1	-1 	0
2025-11-08 13:02:51	 48345	 2812	2412	-144	 337.15	 7	-3 	0
2025-11-08 13:02:52	 48380	 2933	2364	-128	 344.18	 3	-2 	16
2025-11-08 13:02:53	 48415	 3123	2302	-144	 344.18	 2	-2 	0
2025-11-08 13:02:54	 48450	 3248	2288	-144	 344.18	 6	-1 	0
2025-11-08 13:02:55	 48505	 3287	2398	-144	 63.28	 0	5 	0
2025-11-08 13:02:57	 48567	 3186	2447	-144	 149.41	 -6	0 	0
2025-11-08 13:02:58	 48602	 3076	2447	-128	 182.81	 -1	0 	16
2025-11-08 13:02:59	 48637	 2974	2443	-128	 182.81	 -8	-1 	16
2025-11-08 13:03:00	 48672	 2687	2429	-144	 182.81	 -10	-1 	0
2025-11-08 13:03:01	 48707	 2463	2407	-128	 198.63	 -7	-2 	0
2025-11-08 13:03:02	 48742	 2320	2358	-144	 228.52	 0	-1 	0
2025-11-08 13:03:04	 48822	 2359	2320	-144	 346.29	 5	-1 	0
2025-11-08 13:03:05	 48857	 2600	2279	-144	 349.80	 4	-2 	0
2025-11-08 13:03:06	 48892	 2662	2274	-128	 23.20	 3	1 	0
2025-11-08 13:03:07	 48927	 2727	2304	-128	 30.23	 0	0 	0
2025-11-08 13:03:09	 48972	 2790	2340	-128	 30.23	 9	5 	0
2025-11-08 13:03:10	 49007	 3055	2532	-144	 30.23	 1	5 	0
2025-11-08 13:03:11	 49042	 3119	2695	-144	 30.23	 1	0 	0
2025-11-08 13:03:12	 49103	 2990	2620	-144	 30.23	 -7	-4 	0
2025-11-08 13:03:13	 49138	 2743	2476	-120	 30.23	 -8	-5 	0
2025-11-08 13:03:14	 49173	 2654	2445	-144	 267.98	 -2	1 	0
2025-11-08 13:03:15	 49208	 2689	2481	-120	 195.56	 2	0 	0
2025-11-08 13:03:16	 49243	 2711	2490	-120	 195.56	 0	0 	0
2025-11-08 13:03:18	 49288	 2717	2480	-120	 262.71	 0	1 	0
2025-11-08 13:03:20	 49365	 2725	2492	-120	 168.31	 2	-1 	0
2025-11-08 13:03:21	 49400	 2760	2485	-120	 259.37	 0	0 	0
2025-11-08 13:04:28	 51732	 2777	2490	-144	 181.93	 0	0 	0
2025-11-08 13:04:30	 51818	 2767	2490	-120	 181.93	 -4	-1 	0
2025-11-08 13:04:31	 51853	 2753	2489	-120	 181.93	 6	0 	0
2025-11-08 13:04:32	 51888	 2773	2490	-144	 181.93	 -7	-1 	0
2025-11-08 13:04:33	 51923	 2685	2491	-120	 120.41	 -2	2 	0
2025-11-08 13:04:34	 51958	 2626	2585	-144	 48.34	 -1	0 	0
2025-11-08 13:04:35	 52003	 2636	2600	-144	 29.00	 0	0 	0
2025-11-08 13:04:52	 52591	 2637	2620	-144	 256.46	 -1	1 	0
2025-11-08 13:04:53	 52626	 2636	2639	-144	 91.93	 0	0 	0
2025-11-08 13:04:54	 52661	 2629	2694	-144	 86.66	 -1	1 	0
2025-11-08 13:04:56	 52731	 2701	2547	-144	 295.49	 3	-8 	0
2025-11-08 13:04:57	 52766	 2826	2285	-144	 295.49	 3	-8 	0
2025-11-08 13:04:58	 52801	 2859	2256	-144	 14.59	 1	0 	0
2025-11-08 13:04:59	 52836	 3074	2311	-128	 14.59	 7	2 	16
2025-11-08 13:05:00	 52871	 3257	2365	-144	 14.59	 7	1 	0
2025-11-08 13:05:01	 52906	 3287	2399	-144	 309.55	 0	0 	0
2025-11-08 13:05:02	 52947	 3246	2288	-144	 249.79	 -1	-1 	0
2025-11-08 13:05:03	 52982	 3209	2288	-144	 249.79	 -1	0 	0
When: 2025-11-08 13:20:27 Episode: 1 Map: 11
timestamp	 tic	 x	 y	 z	 angle	 momx	 momy
2025-11-08 13:20:28	 395	 448	752	128	 91.41	 0	-1 	0
2025-11-08 13:20:29	 430	 495	747	128	 14.06	 0	-1 	0
2025-11-08 13:20:30	 465	 522	747	128	 4.22	 4	0 	0
2025-11-08 13:20:31	 500	 697	720	128	 202.50	 0	-1 	0
2025-11-08 13:20:32	 535	 637	669	128	 180.00	 -4	-2 	0
2025-11-08 13:20:33	 570	 391	662	23	 174.38	 -11	1 	0
When: 2025-11-08 13:20:34 Episode: 1 Map: 3
timestamp	 tic	 x	 y	 z	 angle	 momx	 momy
2025-11-08 13:20:35	 605	 2713	2854	40	 274.57	 0	-1 	15
2025-11-08 13:20:38	 710	 2721	2884	40	 102.30	 0	0 	15
2025-11-08 13:20:39	 745	 2697	2997	40	 102.30	 -2	4 	15
2025-11-08 13:20:40	 780	 2683	3063	40	 44.30	 -1	0 	15
2025-11-08 13:20:42	 841	 2703	2962	40	 281.25	 1	-8 	15
2025-11-08 13:20:46	 988	 2726	2851	40	 290.04	 -3	5 	15
2025-11-08 13:20:47	 1023	 2699	2907	40	 263.67	 -1	0 	15
2025-11-08 13:20:52	 1211	 2676	3011	40	 102.30	 -1	3 	15
2025-11-08 13:20:53	 1246	 2669	3045	40	 5.62	 -1	0 	15
2025-11-08 13:20:55	 1308	 2675	3002	40	 293.55	 1	-5 	15
2025-11-08 13:20:56	 1343	 2748	2848	40	 267.19	 0	0 	15
2025-11-08 13:21:03	 1589	 2735	2848	40	 240.82	 -1	0 	15
2025-11-08 13:21:05	 1647	 2733	2832	40	 279.49	 0	0 	15
2025-11-08 13:21:07	 1732	 2715	2770	40	 260.16	 -1	-2 	20
2025-11-08 13:21:28	 2463	 2709	2753	40	 193.01	 -1	-1 	20
2025-11-08 13:21:29	 2498	 2617	2738	40	 187.73	 -6	-1 	20
2025-11-08 13:21:30	 2533	 2562	2731	40	 157.85	 -1	-1 	20
2025-11-08 13:21:31	 2568	 2454	2783	40	 149.06	 -3	0 	20
2025-11-08 13:21:32	 2603	 2353	2783	40	 175.43	 -7	0 	20
2025-11-08 13:21:33	 2638	 2320	2783	40	 236.95	 -1	0 	20
2025-11-08 13:21:36	 2746	 2378	2783	40	 349.45	 1	0 	20
2025-11-08 13:21:37	 2784	 2396	2780	40	 328.36	 2	-2 	20
2025-11-08 13:21:38	 2819	 2466	2737	40	 330.12	 0	-1 	20
2025-11-08 13:21:41	 2911	 2488	2734	40	 10.55	 4	0 	20
2025-11-08 13:21:42	 2946	 2733	2780	40	 10.55	 8	1 	20
2025-11-08 13:21:43	 2981	 2927	2783	40	 10.55	 6	0 	20
2025-11-08 13:21:46	 3093	 3119	2783	40	 243.98	 -1	-1 	20
2025-11-08 13:21:47	 3128	 3029	2598	-79	 243.98	 -4	-7 	0
2025-11-08 13:21:48	 3163	 2961	2464	-144	 196.52	 -1	0 	0
2025-11-08 13:21:50	 3226	 2835	2485	-144	 170.16	 -8	1 	0
2025-11-08 13:21:51	 3261	 2703	2508	-120	 185.98	 -1	0 	0
2025-11-08 13:22:02	 3634	 2662	2486	-125	 212.34	 -5	-3 	0
2025-11-08 13:22:03	 3669	 2474	2367	-128	 212.34	 -3	-2 	0
2025-11-08 13:22:04	 3704	 2450	2352	-128	 177.19	 -1	-1 	0
2025-11-08 13:22:08	 3868	 2636	2373	-144	 3.16	 6	0 	0
2025-11-08 13:22:09	 3903	 2704	2381	-128	 333.28	 0	0 	11
2025-11-08 13:22:11	 3967	 2796	2425	-144	 26.02	 6	3 	0
2025-11-08 13:22:12	 4002	 2946	2499	-144	 338.55	 0	0 	0
2025-11-08 13:22:13	 4037	 3035	2464	-144	 328.01	 3	-1 	0
2025-11-08 13:22:14	 4072	 3119	2445	-144	 322.73	 0	-2 	0
2025-11-08 13:22:18	 4221	 3133	2412	-144	 127.62	 -2	2 	0
2025-11-08 13:22:19	 4256	 3104	2479	-144	 196.17	 -1	-1 	0
2025-11-08 13:22:20	 4291	 2930	2464	-144	 196.17	 -7	-1 	0
2025-11-08 13:22:21	 4326	 2665	2408	-144	 196.17	 -9	-3 	0
2025-11-08 13:22:22	 4361	 2504	2388	-128	 148.71	 -6	2 	12
2025-11-08 13:22:23	 4396	 2312	2503	-144	 196.17	 0	0 	0
2025-11-08 13:22:25	 4436	 2312	2520	-144	 143.44	 -1	2 	0
2025-11-08 13:22:26	 4471	 2299	2556	-144	 180.35	 -1	0 	0
2025-11-08 13:22:40	 4978	 2340	2473	-144	 287.58	 0	-2 	0
2025-11-08 13:22:41	 5024	 2342	2460	-144	 192.66	 -3	-1 	0
2025-11-08 13:22:42	 5059	 2296	2440	-144	 192.66	 0	-1 	0
2025-11-08 13:22:49	 5285	 2473	2463	-128	 6.33	 7	0 	0
2025-11-08 13:22:50	 5320	 2598	2480	-144	 334.69	 0	0 	0
2025-11-08 13:22:51	 5361	 2591	2487	-144	 334.69	 -1	0 	0
2025-11-08 13:22:52	 5396	 2578	2491	-144	 355.78	 -1	0 	0
2025-11-08 13:22:53	 5435	 2570	2500	-144	 359.30	 -2	1 	0
2025-11-08 13:22:54	 5470	 2556	2516	-144	 311.14	 -1	0 	0
2025-11-08 13:23:02	 5713	 1956	3488	0	 33.40	 0	0 	0
2025-11-08 13:23:06	 5851	 2022	3499	0	 10.55	 6	1 	0
2025-11-08 13:23:07	 5886	 2063	3528	0	 10.55	 0	0 	0
When: 2025-11-08 13:52:00 Episode: 1 Map: 1
timestamp	 tic	 x	 y	 z	 angle	 momx	 momy
2025-11-08 13:52:07	 445	 -96	784	56	 90.00	 -1	-1 	0
2025-11-08 13:52:09	 517	 -97	774	56	 93.52	 0	-1 	0
2025-11-08 13:52:11	 568	 -97	832	56	 90.00	 -1	4 	0
2025-11-08 13:52:12	 603	 -97	940	8	 90.00	 -1	0 	0
2025-11-08 13:52:13	 638	 -97	987	16	 90.00	 -1	0 	0
2025-11-08 13:52:14	 673	 -97	1177	40	 90.00	 -1	8 	0
2025-11-08 13:52:15	 708	 -97	1306	56	 90.00	 -1	5 	0
2025-11-08 13:52:16	 743	 -97	1538	56	 84.73	 -1	3 	0
2025-11-08 13:52:17	 778	 -97	1570	56	 7.38	 -1	0 	0
2025-11-08 13:52:19	 844	 -95	1404	56	 270.70	 0	-8 	0
2025-11-08 13:52:20	 879	 -92	1178	40	 318.16	 0	-3 	0
2025-11-08 13:52:21	 914	 -11	1087	24	 333.98	 1	-2 	0
2025-11-08 13:52:22	 949	 114	1040	8	 341.02	 2	0 	0
2025-11-08 13:52:23	 984	 142	1040	8	 63.63	 0	0 	0
2025-11-08 13:52:24	 1019	 166	1122	8	 97.03	 -1	5 	0
2025-11-08 13:52:25	 1054	 175	1263	8	 82.97	 0	0 	0
2025-11-08 13:52:27	 1125	 -29	1246	48	 184.92	 -9	-1 	0
2025-11-08 13:52:28	 1160	 -313	1220	8	 184.92	 -1	-2 	0
2025-11-08 13:52:29	 1195	 -317	1201	8	 246.45	 -1	-1 	0
2025-11-08 13:52:31	 1277	 -196	1263	32	 34.10	 4	0 	0
2025-11-08 13:52:32	 1312	 -94	1263	48	 53.44	 1	0 	0
2025-11-08 13:52:33	 1347	 -76	1313	56	 83.32	 0	6 	0
2025-11-08 13:52:34	 1382	 -49	1543	56	 56.95	 0	2 	0
2025-11-08 13:52:35	 1417	 -46	1569	56	 357.19	 0	0 	0
2025-11-08 13:52:36	 1452	 143	1560	56	 357.19	 8	-1 	0
2025-11-08 13:52:37	 1487	 339	1552	56	 330.82	 1	0 	0
2025-11-08 13:52:40	 1587	 352	1554	56	 271.05	 -1	0 	0
2025-11-08 13:52:49	 1906	 364	1567	56	 18.28	 3	1 	0
2025-11-08 13:52:50	 1941	 600	1645	56	 18.28	 7	2 	0
2025-11-08 13:52:51	 1988	 677	1647	56	 292.15	 1	-5 	0
2025-11-08 13:52:52	 2023	 695	1560	56	 227.11	 -1	-1 	0
2025-11-08 13:52:53	 2058	 571	1508	56	 202.50	 -2	0 	0
2025-11-08 13:52:55	 2116	 557	1523	56	 112.85	 -1	1 	0
2025-11-08 13:52:56	 2151	 504	1647	56	 61.88	 -1	0 	0
2025-11-08 13:52:57	 2197	 634	1670	56	 31.99	 2	0 	0
2025-11-08 13:52:58	 2232	 657	1675	56	 142.73	 0	0 	0
2025-11-08 13:53:02	 2361	 498	1633	56	 188.44	 -7	-3 	0
2025-11-08 13:53:03	 2396	 401	1606	56	 264.02	 -1	-1 	0
2025-11-08 13:53:04	 2431	 382	1448	56	 264.02	 -1	-8 	0
2025-11-08 13:53:05	 2466	 369	1328	56	 227.11	 -1	-1 	0
2025-11-08 13:53:06	 2509	 336	1354	56	 142.73	 -1	2 	0
2025-11-08 13:53:07	 2544	 339	1429	56	 84.73	 0	5 	0
2025-11-08 13:53:08	 2579	 358	1638	56	 128.67	 0	1 	0
2025-11-08 13:53:09	 2616	 226	1648	56	 158.55	 -5	0 	0
2025-11-08 13:53:10	 2651	 174	1656	56	 100.55	 -1	0 	0
2025-11-08 13:53:11	 2686	 182	1769	56	 82.97	 0	7 	0
2025-11-08 13:53:14	 2792	 188	1838	51	 88.24	 0	6 	0
2025-11-08 13:53:15	 2827	 196	2111	48	 88.24	 0	8 	0
2025-11-08 13:53:16	 2862	 204	2344	48	 111.09	 0	2 	0
2025-11-08 13:53:17	 2897	 193	2365	48	 160.31	 -2	0 	0
2025-11-08 13:53:18	 2932	 174	2366	48	 160.31	 -1	0 	0
2025-11-08 13:53:20	 2996	 155	2373	48	 160.31	 -1	0 	0
2025-11-08 13:53:21	 3041	 152	2387	48	 204.26	 -1	0 	0
2025-11-08 13:53:24	 3123	 145	2402	48	 271.05	 -1	0 	0
2025-11-08 13:53:28	 3261	 142	2394	48	 79.80	 -1	-1 	0
2025-11-08 13:53:33	 3460	 138	2397	48	 98.79	 -1	1 	0
2025-11-08 13:53:34	 3495	 133	2433	48	 58.36	 -1	0 	0
2025-11-08 13:53:36	 3552	 267	2431	48	 358.59	 7	-1 	3
2025-11-08 13:53:37	 3587	 382	2430	48	 24.96	 2	1 	3
2025-11-08 13:53:38	 3622	 529	2496	48	 341.02	 1	0 	0
2025-11-08 13:53:40	 3701	 458	2479	48	 195.12	 -7	-2 	0
2025-11-08 13:53:41	 3736	 304	2454	48	 182.81	 -8	-1 	0
2025-11-08 13:53:42	 3771	 190	2448	48	 195.12	 -1	-1 	0
2025-11-08 13:53:43	 3810	 181	2403	48	 254.88	 -1	-3 	0
2025-11-08 13:53:44	 3845	 144	2308	48	 242.58	 0	-3 	0
2025-11-08 13:53:45	 3880	 161	2177	48	 279.49	 1	-8 	0
2025-11-08 13:53:46	 3915	 207	1898	48	 279.49	 1	-9 	0
2025-11-08 13:53:47	 3950	 239	1648	56	 279.49	 0	-6 	0
2025-11-08 13:53:48	 3985	 268	1571	56	 341.02	 4	-2 	0
2025-11-08 13:53:49	 4020	 341	1539	56	 283.01	 0	-3 	0
2025-11-08 13:53:50	 4055	 396	1311	56	 283.01	 1	-8 	0
2025-11-08 13:53:51	 4090	 431	1109	56	 253.12	 0	-2 	0
2025-11-08 13:53:52	 4125	 359	958	56	 242.58	 -4	-8 	0
2025-11-08 13:53:53	 4160	 330	808	40	 205.66	 -1	-2 	0
2025-11-08 13:53:54	 4195	 299	769	40	 221.48	 -5	-4 	0
2025-11-08 13:53:58	 4320	 143	673	40	 186.33	 -7	-1 	5
2025-11-08 13:53:59	 4355	 80	658	40	 244.34	 -1	-1 	5
2025-11-08 13:54:01	 4426	 168	667	152	 12.66	 3	0 	5
2025-11-08 13:54:02	 4461	 367	714	40	 12.66	 0	1 	0
2025-11-08 13:54:03	 4496	 552	773	56	 12.66	 7	1 	0
2025-11-08 13:54:04	 4531	 837	838	40	 12.66	 8	1 	0
2025-11-08 13:54:05	 4566	 927	877	40	 330.47	 -1	0 	0
2025-11-08 13:54:06	 4601	 937	896	40	 220.38	 0	0 	0
2025-11-08 13:54:17	 4949	 -81	957	16	 84.73	 0	7 	0
2025-11-08 13:54:18	 4984	 -74	1066	24	 93.52	 -1	2 	0
2025-11-08 13:54:19	 5019	 -82	1206	48	 93.52	 -1	1 	0
2025-11-08 13:54:25	 5236	 -83	1223	48	 98.79	 -1	1 	0
2025-11-08 13:54:26	 5271	 -103	1351	56	 75.94	 -1	1 	0
2025-11-08 13:54:27	 5306	 -100	1367	56	 47.81	 2	2 	0
2025-11-08 13:54:28	 5341	 -46	1434	56	 95.27	 -1	3 	0
2025-11-08 13:54:29	 5376	 -59	1606	56	 61.88	 -1	1 	0
2025-11-08 13:54:33	 5508	 -61	1618	56	 268.95	 -1	-3 	0
2025-11-08 13:54:34	 5543	 -65	1390	56	 268.95	 -1	-9 	0
2025-11-08 13:54:35	 5578	 -70	1120	35	 274.22	 -1	-6 	0
2025-11-08 13:54:36	 5613	 -71	1058	24	 351.56	 -1	-1 	0
2025-11-08 13:54:38	 5680	 -1	1108	24	 37.27	 5	4 	0
2025-11-08 13:54:39	 5715	 177	1258	8	 39.02	 -1	1 	0
2025-11-08 13:54:42	 5809	 67	1263	32	 167.34	 -7	0 	0
2025-11-08 13:54:43	 5844	 -112	1277	56	 167.34	 0	0 	0
2025-11-08 13:54:44	 5894	 -132	1239	40	 163.83	 -2	-2 	0
2025-11-08 13:54:45	 5929	 -238	1263	24	 153.28	 -5	0 	0
2025-11-08 13:54:47	 6014	 -272	1261	8	 356.84	 5	-1 	0
2025-11-08 13:54:48	 6049	 -60	1249	48	 30.23	 2	-1 	0
2025-11-08 13:54:49	 6084	 -39	1248	48	 79.45	 0	-1 	0
2025-11-08 13:54:51	 6130	 -51	1446	56	 93.52	 -1	8 	0
2025-11-08 13:54:52	 6165	 -63	1644	56	 42.54	 -1	1 	0
2025-11-08 13:54:54	 6225	 82	1647	56	 9.14	 6	0 	0
2025-11-08 13:54:55	 6260	 238	1633	56	 349.80	 7	-2 	0
2025-11-08 13:54:56	 6295	 359	1612	56	 267.19	 0	-1 	0
2025-11-08 13:55:01	 6503	 362	1554	56	 268.95	 -1	-7 	0
2025-11-08 13:55:02	 6538	 357	1293	56	 268.95	 -1	-8 	0
2025-11-08 13:55:03	 6573	 355	1189	56	 326.95	 -1	-1 	0
2025-11-08 13:55:05	 6625	 368	1255	56	 79.45	 1	6 	0
2025-11-08 13:55:06	 6660	 396	1408	56	 39.02	 0	0 	0
2025-11-08 13:55:08	 6722	 404	1388	56	 283.01	 1	-6 	0
2025-11-08 13:55:09	 6757	 431	1180	56	 283.01	 0	-3 	0
2025-11-08 13:55:10	 6792	 431	1149	56	 196.88	 0	-1 	0
2025-11-08 13:55:12	 6860	 431	1287	56	 73.83	 0	6 	0
2025-11-08 13:55:13	 6895	 431	1517	56	 73.83	 0	6 	0
2025-11-08 13:55:14	 6930	 434	1619	56	 347.70	 0	0 	0
2025-11-08 13:55:15	 6965	 603	1586	56	 347.70	 7	-2 	0
2025-11-08 13:55:16	 7000	 715	1579	56	 265.08	 0	0 	0
2025-11-08 13:55:17	 7041	 631	1495	56	 235.20	 -5	-5 	0
2025-11-08 13:55:18	 7080	 597	1500	56	 147.30	 -4	2 	0
2025-11-08 13:55:19	 7115	 562	1523	56	 61.17	 0	0 	0
2025-11-08 13:55:20	 7150	 636	1661	56	 87.54	 0	1 	0
2025-11-08 13:55:21	 7185	 607	1711	56	 133.24	 -3	0 	0
2025-11-08 13:55:24	 7295	 574	1693	56	 221.13	 -4	-3 	0
2025-11-08 13:55:25	 7330	 506	1638	56	 198.28	 -5	-2 	0
2025-11-08 13:55:26	 7365	 437	1614	56	 266.84	 -1	-1 	0
2025-11-08 13:55:27	 7400	 423	1407	56	 266.84	 -1	-9 	0
2025-11-08 13:55:28	 7435	 407	1119	56	 266.84	 -1	-9 	0
2025-11-08 13:55:29	 7470	 394	873	40	 254.53	 -1	-4 	0
2025-11-08 13:55:30	 7505	 295	767	40	 215.86	 -7	-5 	0
2025-11-08 13:55:33	 7623	 202	683	40	 136.76	 -1	1 	0
2025-11-08 13:55:34	 7658	 199	679	40	 194.77	 -3	-4 	0
2025-11-08 13:55:37	 7758	 106	648	152	 352.62	 5	-1 	5
2025-11-08 13:55:38	 7793	 357	644	40	 352.62	 8	-1 	0
2025-11-08 13:55:39	 7828	 367	626	40	 333.28	 0	-1 	0
2025-11-08 13:55:42	 7938	 341	623	40	 354.38	 -1	-1 	0
2025-11-08 13:55:43	 7973	 325	622	40	 354.38	 -1	-1 	0
2025-11-08 13:55:45	 8029	 387	594	40	 324.49	 5	-4 	0
2025-11-08 13:55:46	 8064	 503	514	40	 29.53	 0	-1 	0
2025-11-08 13:55:47	 8099	 536	526	40	 69.96	 0	0 	0
2025-11-08 13:55:50	 8199	 545	514	40	 138.52	 0	-1 	0
2025-11-08 13:55:51	 8237	 541	484	40	 171.91	 0	-1 	0
2025-11-08 13:55:58	 8481	 549	486	40	 50.62	 2	2 	0
2025-11-08 13:55:59	 8516	 660	657	40	 50.62	 4	6 	0
2025-11-08 13:56:00	 8551	 839	882	40	 50.62	 5	6 	0
2025-11-08 13:56:01	 8586	 946	943	40	 50.62	 3	0 	0
2025-11-08 13:56:02	 8621	 1006	961	40	 94.57	 0	1 	0
2025-11-08 13:56:03	 8656	 1001	1031	40	 94.57	 -1	0 	0
2025-11-08 13:56:05	 8712	 989	1174	40	 64.69	 -1	1 	0
2025-11-08 13:56:07	 8794	 989	1187	40	 310.43	 1	-2 	0
2025-11-08 13:56:08	 8829	 1067	1101	40	 273.52	 0	0 	0
2025-11-08 13:56:10	 8896	 957	1116	40	 183.87	 -5	-1 	0
2025-11-08 13:56:12	 8965	 922	1126	40	 53.79	 2	3 	0
2025-11-08 13:56:13	 9000	 994	1199	40	 87.19	 0	0 	0
2025-11-08 13:56:44	 10009	 1184	1963	0	 345.59	 6	-2 	13
2025-11-08 13:56:45	 10044	 1263	1938	0	 329.77	 0	-1 	13
2025-11-08 13:56:46	 10079	 1263	1899	16	 24.26	 0	-1 	0
2025-11-08 13:56:47	 10121	 1263	1973	0	 69.96	 0	5 	13
2025-11-08 13:56:49	 10188	 1160	2023	0	 159.61	 -6	0 	13
2025-11-08 13:56:50	 10223	 996	2023	0	 182.46	 -5	-1 	13
2025-11-08 13:56:51	 10258	 848	2015	0	 191.25	 0	-1 	13
2025-11-08 13:56:53	 10332	 993	1951	0	 323.09	 3	-2 	13
2025-11-08 13:56:54	 10367	 1100	1809	-24	 298.48	 3	-7 	0
2025-11-08 13:56:55	 10402	 1102	1756	-16	 233.44	 -4	-3 	0
2025-11-08 13:56:56	 10437	 967	1599	0	 200.04	 -2	-2 	0
2025-11-08 13:56:57	 10472	 848	1588	24	 222.89	 0	-1 	0
2025-11-08 13:56:58	 10510	 848	1482	40	 284.41	 -1	-4 	0
2025-11-08 13:57:00	 10571	 999	1523	40	 15.82	 7	2 	0
2025-11-08 13:57:01	 10606	 1153	1566	40	 63.28	 0	0 	0
2025-11-08 13:57:02	 10648	 1141	1588	40	 133.59	 -3	2 	0
2025-11-08 13:57:03	 10683	 1114	1615	40	 133.59	 -1	0 	0
2025-11-08 13:57:06	 10778	 1038	1621	40	 223.24	 -1	0 	0
2025-11-08 13:57:07	 10818	 1052	1596	40	 307.62	 3	-5 	0
2025-11-08 13:57:08	 10853	 1150	1480	40	 337.50	 0	0 	0
2025-11-08 13:57:09	 10888	 1257	1490	40	 356.84	 2	0 	0
2025-11-08 13:57:11	 10957	 1243	1465	40	 219.73	 -2	-2 	0
2025-11-08 13:57:12	 10992	 1190	1481	40	 156.45	 -6	2 	0
2025-11-08 13:57:13	 11027	 1060	1537	40	 214.45	 -1	0 	0
2025-11-08 13:57:14	 11062	 1015	1513	40	 265.43	 -1	-1 	0
2025-11-08 13:57:15	 11097	 1007	1480	40	 265.43	 -1	0 	0
2025-11-08 13:57:17	 11161	 998	1386	48	 274.22	 -1	-4 	0
2025-11-08 13:57:18	 11196	 996	1347	48	 9.14	 0	-1 	0
2025-11-08 13:57:19	 11233	 993	1343	48	 2.11	 -1	-1 	0
2025-11-08 13:57:23	 11373	 995	1341	48	 46.05	 -1	-1 	0
2025-11-08 13:57:25	 11470	 1048	1324	48	 346.29	 6	-2 	0
2025-11-08 13:57:26	 11505	 1189	1304	48	 309.38	 1	0 	0
2025-11-08 13:57:28	 11550	 1198	1314	48	 268.95	 -1	1 	0
2025-11-08 13:57:30	 11634	 1197	1330	48	 268.95	 -1	-2 	0
2025-11-08 13:57:32	 11693	 1205	1216	48	 358.59	 3	-1 	0
2025-11-08 13:57:35	 11790	 1212	1216	48	 267.19	 -1	0 	0
2025-11-08 13:57:38	 11919	 1213	1306	48	 72.07	 0	1 	0
2025-11-08 13:57:39	 11954	 1258	1415	48	 94.92	 0	0 	0
2025-11-08 13:57:41	 12006	 1215	1399	48	 198.63	 -6	-2 	0
2025-11-08 13:57:42	 12041	 1110	1369	48	 159.96	 -2	0 	0
2025-11-08 13:57:43	 12076	 950	1397	48	 170.51	 -8	1 	0
2025-11-08 13:57:44	 12111	 819	1394	48	 186.33	 -7	-1 	0
2025-11-08 13:57:46	 12172	 734	1346	48	 291.80	 2	-6 	0
2025-11-08 13:57:47	 12219	 750	1322	48	 290.04	 -1	1 	0
2025-11-08 13:57:49	 12279	 753	1334	48	 2.11	 3	0 	0
2025-11-08 13:57:50	 12314	 965	1342	48	 31.99	 2	0 	0
2025-11-08 13:57:51	 12349	 1007	1391	48	 75.94	 1	4 	0
2025-11-08 13:57:53	 12428	 1021	1399	48	 91.76	 -1	0 	0
2025-11-08 13:57:54	 12472	 1017	1399	48	 91.76	 -1	0 	0
2025-11-08 13:57:55	 12507	 1011	1399	48	 91.76	 -1	0 	0
2025-11-08 13:57:56	 12542	 1004	1476	48	 91.76	 -1	6 	0
2025-11-08 13:57:57	 12577	 994	1755	16	 88.24	 -1	5 	0
2025-11-08 13:57:58	 12612	 991	1864	-24	 353.32	 -1	0 	0
2025-11-08 13:57:59	 12647	 1140	1851	-24	 353.32	 7	-1 	0
2025-11-08 13:58:00	 12682	 1423	1814	-24	 344.53	 8	-2 	0
2025-11-08 13:58:01	 12717	 1503	1785	-24	 272.46	 0	-1 	0
2025-11-08 13:58:04	 12819	 1509	1664	-24	 272.46	 0	-3 	0
2025-11-08 13:58:05	 12854	 1510	1643	-24	 272.46	 0	-1 	0
2025-11-08 13:58:07	 12919	 1479	1544	-24	 279.49	 -1	-1 	0
2025-11-08 13:58:11	 13054	 1480	1544	-24	 168.75	 0	0 	0
2025-11-08 13:58:15	 13186	 1360	1575	-24	 19.69	 0	0 	0
2025-11-08 13:58:16	 13221	 1521	1579	-24	 12.66	 3	0 	0
2025-11-08 13:58:17	 13256	 1561	1584	-24	 279.49	 0	0 	0
2025-11-08 13:58:18	 13298	 1562	1507	-24	 253.12	 -2	-5 	0
2025-11-08 13:58:19	 13333	 1504	1308	-24	 240.82	 -1	-3 	0
2025-11-08 13:58:20	 13368	 1521	1214	-24	 288.28	 2	-7 	0
2025-11-08 13:58:25	 13540	 1551	1127	-24	 181.05	 0	0 	0
2025-11-08 13:58:28	 13655	 1554	1187	-24	 91.41	 -1	6 	0
2025-11-08 13:58:29	 13690	 1573	1302	-24	 36.91	 2	2 	0
2025-11-08 13:58:30	 13725	 1628	1347	-16	 91.41	 0	0 	0
2025-11-08 13:58:31	 13760	 1605	1383	-16	 131.84	 -1	0 	0
2025-11-08 13:58:33	 13841	 1601	1300	-16	 270.70	 -1	-7 	0
2025-11-08 13:58:35	 13895	 1732	1280	-32	 328.71	 4	-1 	0
2025-11-08 13:58:36	 13934	 1775	1232	-40	 258.40	 -2	-6 	0
2025-11-08 13:58:39	 14051	 1764	1234	-40	 256.64	 0	0 	0
2025-11-08 13:58:43	 14180	 1766	1208	-40	 265.43	 -1	-5 	14
2025-11-08 13:58:44	 14215	 1749	996	-40	 274.22	 -1	-4 	0
2025-11-08 13:58:45	 14250	 1709	964	-40	 37.27	 -1	-1 	0
2025-11-08 13:58:47	 14308	 1673	964	-40	 3.87	 -1	0 	0
2025-11-08 13:58:48	 14363	 1712	967	-40	 3.87	 6	0 	0
2025-11-08 13:58:49	 14398	 1829	974	-40	 337.50	 0	0 	0
2025-11-08 13:58:51	 14453	 1880	956	-40	 337.50	 5	-3 	0
2025-11-08 13:58:52	 14488	 1969	919	-40	 84.73	 0	-1 	0
2025-11-08 13:58:53	 14540	 1970	944	-40	 95.27	 -1	0 	0
2025-11-08 13:58:55	 14587	 1966	979	-40	 95.27	 -1	5 	0
2025-11-08 13:58:56	 14622	 1947	1167	-40	 111.09	 -1	0 	0
2025-11-08 13:58:58	 14700	 1888	1136	-40	 274.57	 0	-1 	0
2025-11-08 13:58:59	 14735	 1904	1135	-40	 274.57	 0	-2 	0
2025-11-08 13:59:00	 14770	 1923	947	-40	 271.05	 0	-6 	0
2025-11-08 13:59:02	 14838	 1850	975	-40	 135.70	 -2	0 	0
2025-11-08 13:59:03	 14873	 1794	983	-40	 144.49	 -4	2 	0
2025-11-08 13:59:04	 14908	 1693	1049	-40	 75.94	 -1	0 	0
2025-11-08 13:59:08	 15044	 1677	1004	-40	 256.64	 -2	-7 	0
2025-11-08 13:59:09	 15079	 1644	904	-40	 300.59	 -1	0 	0
2025-11-08 13:59:10	 15121	 1655	904	-40	 249.61	 0	0 	0
2025-11-08 13:59:13	 15217	 1713	988	-40	 49.22	 4	5 	0
2025-11-08 13:59:14	 15252	 1760	1101	-40	 107.23	 -2	5 	0
2025-11-08 13:59:15	 15287	 1722	1183	-40	 107.23	 -1	0 	0
2025-11-08 13:59:16	 15345	 1711	1183	-40	 107.23	 -1	0 	0
2025-11-08 13:59:18	 15412	 1707	1314	-24	 110.74	 -1	2 	0
2025-11-08 13:59:19	 15447	 1655	1356	-16	 168.75	 -5	1 	0
2025-11-08 13:59:20	 15482	 1555	1325	-24	 223.24	 -4	-3 	0
2025-11-08 13:59:21	 15517	 1512	1184	-24	 265.43	 -1	-8 	0
2025-11-08 13:59:22	 15552	 1509	1106	-24	 196.88	 -1	-1 	0
2025-11-08 13:59:24	 15614	 1412	1109	-24	 177.54	 -8	0 	0
2025-11-08 13:59:25	 15649	 1208	1117	-24	 189.84	 -2	0 	0
2025-11-08 13:59:29	 15807	 1193	1117	-24	 254.88	 -1	-2 	0
2025-11-08 13:59:30	 15842	 1147	962	8	 298.83	 -1	-2 	0
2025-11-08 13:59:32	 15909	 1142	952	8	 265.43	 0	1 	0
2025-11-08 13:59:33	 15944	 1146	971	8	 268.95	 0	0 	0
2025-11-08 13:59:40	 16178	 1137	908	8	 261.91	 -1	-1 	0
2025-11-08 13:59:43	 16267	 1210	927	8	 16.17	 6	1 	0
2025-11-08 13:59:44	 16302	 1294	951	8	 290.04	 0	0 	0
2025-11-08 13:59:45	 16369	 1228	929	8	 202.15	 -3	-1 	0
2025-11-08 13:59:46	 16404	 1202	920	8	 305.86	 -1	-1 	0
2025-11-08 13:59:47	 16439	 1280	818	8	 342.77	 3	-2 	0
2025-11-08 13:59:48	 16474	 1510	740	8	 335.74	 5	-2 	0
2025-11-08 13:59:49	 16509	 1566	697	8	 274.22	 0	-4 	0
2025-11-08 13:59:50	 16544	 1557	622	8	 249.61	 -2	-6 	0
2025-11-08 13:59:51	 16579	 1530	532	8	 231.16	 1	1 	0
2025-11-08 13:59:52	 16614	 1548	553	8	 230.74	 0	0 	0
2025-11-08 14:00:12	 17256	 1095	1964	0	 241.88	 -2	-4 	13
2025-11-08 14:00:13	 17291	 1076	1859	-21	 285.82	 0	-5 	0
2025-11-08 14:00:14	 17326	 1104	1744	-16	 206.72	 0	-1 	0
2025-11-08 14:00:15	 17361	 931	1664	0	 203.20	 -8	-4 	0
2025-11-08 14:00:16	 17396	 848	1584	24	 257.70	 -1	-6 	0
2025-11-08 14:00:17	 17443	 864	1480	40	 352.62	 4	-1 	0
2025-11-08 14:00:18	 17478	 1007	1473	48	 352.62	 0	-1 	0
2025-11-08 14:00:20	 17529	 1007	1478	48	 41.84	 0	3 	0
2025-11-08 14:00:21	 17564	 1078	1579	40	 1.41	 1	0 	0
2025-11-08 14:00:22	 17599	 1263	1590	40	 338.55	 0	0 	0
2025-11-08 14:00:23	 17651	 1251	1464	40	 245.39	 -1	0 	0
2025-11-08 14:00:24	 17695	 1168	1466	40	 178.59	 -1	0 	0
2025-11-08 14:00:25	 17730	 1168	1470	40	 178.59	 -1	0 	0
2025-11-08 14:00:26	 17770	 1168	1475	40	 159.26	 -1	0 	0
2025-11-08 14:00:27	 17805	 1058	1531	40	 199.69	 -2	0 	0
2025-11-08 14:00:28	 17840	 1019	1510	40	 247.15	 -2	-4 	0
2025-11-08 14:00:29	 17875	 978	1456	48	 273.52	 -1	0 	0
2025-11-08 14:00:30	 17910	 983	1344	48	 306.91	 0	-3 	0
2025-11-08 14:00:31	 17945	 987	1317	48	 38.32	 0	-1 	0
2025-11-08 14:00:36	 18099	 999	1316	48	 40.08	 1	1 	0
2025-11-08 14:00:37	 18134	 1082	1399	48	 17.23	 0	0 	0
2025-11-08 14:00:38	 18169	 1138	1356	48	 320.98	 5	-5 	0
2025-11-08 14:00:39	 18204	 1217	1296	48	 278.79	 2	3 	0
2025-11-08 14:00:40	 18239	 1239	1332	48	 245.39	 0	0 	0
2025-11-08 14:00:43	 18359	 1247	1229	48	 273.52	 0	-3 	0
2025-11-08 14:00:45	 18416	 1192	1216	48	 266.48	 -1	0 	0
2025-11-08 14:00:48	 18519	 1186	1254	48	 90.70	 -1	4 	0
2025-11-08 14:00:49	 18554	 1226	1378	48	 60.82	 3	5 	0
2025-11-08 14:00:51	 18640	 1166	1412	48	 182.11	 -8	-1 	0
2025-11-08 14:00:52	 18675	 1128	1404	48	 182.11	 -1	-1 	0
2025-11-08 14:00:53	 18710	 1071	1396	48	 182.11	 -7	-1 	0
2025-11-08 14:00:54	 18745	 799	1385	48	 182.11	 -9	-1 	0
2025-11-08 14:00:56	 18819	 796	1321	48	 312.19	 3	-3 	0
2025-11-08 14:00:58	 18867	 818	1313	48	 268.24	 -1	0 	0
2025-11-08 14:01:00	 18951	 847	1332	48	 26.02	 4	2 	0
2025-11-08 14:01:01	 18986	 1007	1415	48	 69.96	 0	0 	0
2025-11-08 14:01:03	 19049	 991	1496	40	 78.75	 -1	0 	0
2025-11-08 14:01:04	 19084	 1029	1704	0	 78.75	 1	8 	0
2025-11-08 14:01:05	 19119	 1080	1968	0	 115.66	 0	2 	13
2025-11-08 14:01:06	 19154	 1049	1999	0	 189.49	 -6	-1 	13
2025-11-08 14:01:09	 19244	 850	1966	0	 4.92	 2	0 	13
2025-11-08 14:01:10	 19279	 1077	1986	0	 4.92	 8	0 	13
2025-11-08 14:01:12	 19382	 1260	1964	0	 264.73	 -1	-6 	13
2025-11-08 14:01:13	 19417	 1241	1760	-24	 298.12	 -1	-2 	0
2025-11-08 14:01:15	 19468	 1307	1805	-24	 29.53	 5	3 	0
2025-11-08 14:01:16	 19503	 1421	1863	-24	 289.34	 0	0 	0
2025-11-08 14:01:17	 19538	 1459	1812	-24	 301.64	 3	-6 	0
2025-11-08 14:01:18	 19573	 1548	1668	-24	 257.70	 0	-1 	0
2025-11-08 14:01:24	 19771	 1544	1640	-24	 247.15	 -2	-5 	0
2025-11-08 14:01:25	 19806	 1512	1564	-24	 178.59	 -1	-1 	0
2025-11-08 14:01:26	 19843	 1421	1564	-24	 178.59	 -8	0 	0
2025-11-08 14:01:28	 19926	 1407	1551	-24	 342.07	 5	-2 	0
2025-11-08 14:01:29	 19961	 1515	1544	-24	 284.06	 0	0 	0
2025-11-08 14:01:30	 19996	 1567	1367	-24	 284.06	 1	-8 	0
2025-11-08 14:01:31	 20031	 1610	1288	-16	 233.09	 0	0 	0
2025-11-08 14:01:34	 20145	 1620	1294	-16	 210.23	 0	0 	0
2025-11-08 14:01:38	 20285	 1539	1275	-24	 219.02	 -5	-3 	0
2025-11-08 14:01:39	 20320	 1487	1188	-24	 250.66	 -1	-7 	0
2025-11-08 14:01:40	 20355	 1463	1073	-24	 153.98	 -1	-1 	0
2025-11-08 14:01:41	 20390	 1401	1103	-24	 176.84	 -2	0 	0
2025-11-08 14:01:42	 20425	 1388	1121	-24	 229.57	 0	0 	0
2025-11-08 14:01:45	 20509	 1372	1095	-24	 220.78	 -1	-1 	0
2025-11-08 14:01:46	 20544	 1258	1109	-24	 168.05	 -8	1 	0
2025-11-08 14:01:47	 20579	 1118	1127	-24	 226.05	 -1	0 	0
2025-11-08 14:01:51	 20731	 1107	1127	-24	 275.27	 -1	0 	0
2025-11-08 14:01:56	 20900	 1114	1045	-24	 277.03	 0	-7 	0
2025-11-08 14:01:57	 20935	 1147	963	8	 356.13	 4	-1 	0
2025-11-08 14:02:04	 21176	 1314	931	8	 231.33	 -3	-3 	0
2025-11-08 14:02:05	 21211	 1239	838	8	 173.32	 -1	-1 	0
2025-11-08 14:02:06	 21246	 1210	897	8	 110.04	 -3	6 	0
2025-11-08 14:02:07	 21281	 1130	1115	-24	 45.00	 -1	2 	0
2025-11-08 14:02:08	 21316	 1244	1127	-24	 16.88	 6	0 	0
2025-11-08 14:02:09	 21351	 1481	1148	-24	 23.91	 4	1 	0
2025-11-08 14:02:10	 21386	 1554	1268	-24	 74.88	 1	7 	0
2025-11-08 14:02:11	 21421	 1572	1343	-24	 332.93	 0	0 	0
2025-11-08 14:02:12	 21469	 1668	1368	-16	 13.36	 7	1 	0
2025-11-08 14:02:13	 21505	 1693	1358	-24	 290.74	 1	-4 	0
2025-11-08 14:02:14	 21540	 1753	1232	-40	 260.86	 0	0 	0
2025-11-08 14:02:17	 21655	 1765	1223	-40	 230.98	 0	-1 	0
2025-11-08 14:02:19	 21709	 1774	1236	-40	 273.16	 0	-1 	0
2025-11-08 14:02:21	 21771	 1783	1232	-40	 137.81	 0	-1 	0
2025-11-08 14:02:25	 21924	 1750	1058	-40	 246.80	 -2	-6 	0
2025-11-08 14:02:26	 21959	 1657	904	-40	 245.04	 -2	0 	0
2025-11-08 14:02:28	 22040	 1645	904	-40	 343.48	 1	-1 	0
2025-11-08 14:02:29	 22075	 1825	904	-40	 359.30	 3	0 	0
2025-11-08 14:02:30	 22110	 1863	904	-40	 62.58	 0	0 	0
2025-11-08 14:02:32	 22163	 1914	975	-40	 85.43	 0	0 	0
2025-11-08 14:02:33	 22198	 1924	991	-40	 76.64	 0	0 	0
2025-11-08 14:02:34	 22233	 1996	1039	-40	 30.94	 5	0 	0
2025-11-08 14:02:36	 22297	 1995	1039	-40	 115.31	 -2	0 	0
2025-11-08 14:02:37	 22332	 1900	1167	-40	 108.28	 -2	0 	0
2025-11-08 14:02:39	 22409	 1891	1161	-40	 294.26	 1	-3 	0
2025-11-08 14:02:40	 22444	 1965	995	-40	 253.83	 0	-2 	0
2025-11-08 14:02:41	 22479	 1929	973	-40	 187.03	 -6	-1 	0
2025-11-08 14:02:42	 22514	 1739	948	-40	 146.60	 -2	-1 	0
2025-11-08 14:02:43	 22549	 1725	954	-40	 93.87	 -1	3 	0
2025-11-08 14:02:44	 22584	 1710	1179	-40	 93.87	 0	-1 	0
2025-11-08 14:02:45	 22632	 1708	1266	-32	 93.87	 -1	7 	0
2025-11-08 14:02:46	 22667	 1697	1365	-24	 197.58	 -1	0 	0
2025-11-08 14:02:48	 22712	 1642	1291	-16	 209.88	 -1	0 	0
2025-11-08 14:02:49	 22747	 1520	1287	-24	 197.58	 -5	-1 	0
2025-11-08 14:02:50	 22787	 1487	1184	-24	 250.31	 -1	-7 	0
2025-11-08 14:02:51	 22822	 1418	1085	-24	 206.37	 -7	-4 	0
2025-11-08 14:02:52	 22857	 1267	1049	-24	 176.48	 -6	0 	0
2025-11-08 14:02:53	 22892	 1141	1056	-24	 253.83	 -1	0 	0
2025-11-08 14:02:54	 22927	 1093	913	8	 290.74	 -1	-2 	0
2025-11-08 14:02:58	 23087	 1089	897	8	 311.84	 0	-2 	0
2025-11-08 14:02:59	 23122	 1232	737	6	 327.66	 3	-5 	0
2025-11-08 14:03:00	 23157	 1319	660	-40	 301.29	 0	-1 	0
2025-11-08 14:03:01	 23192	 1400	581	-40	 294.26	 1	-1 	0
2025-11-08 14:03:02	 23227	 1419	577	-40	 271.41	 0	-1 	0
2025-11-08 14:03:04	 23286	 1398	449	-40	 264.38	 -1	-8 	0
2025-11-08 14:03:05	 23321	 1392	313	-40	 264.38	 0	0 	0
2025-11-08 14:03:06	 23356	 1392	278	-40	 264.38	 -1	-4 	0
2025-11-08 14:03:07	 23391	 1434	447	-40	 264.38	 0	7 	0
2025-11-08 14:03:08	 23426	 1455	681	-40	 252.07	 0	3 	0
2025-11-08 14:03:09	 23461	 1386	669	-40	 213.40	 -6	-4 	0
2025-11-08 14:03:10	 23496	 1319	626	-40	 274.92	 -1	-1 	0
2025-11-08 14:03:15	 23666	 1326	520	-32	 274.92	 0	-8 	0
2025-11-08 14:03:16	 23701	 1333	436	-32	 229.22	 0	-1 	0
2025-11-08 14:03:19	 23810	 1336	524	-32	 88.59	 0	7 	0
2025-11-08 14:03:20	 23845	 1334	682	-40	 192.30	 -3	0 	0
2025-11-08 14:03:21	 23880	 1108	642	-24	 185.27	 -8	-2 	0
2025-11-08 14:03:22	 23919	 1040	660	-24	 88.59	 0	5 	0
2025-11-08 14:03:23	 23954	 1044	810	8	 27.07	 0	0 	0
2025-11-08 14:03:24	 23989	 1153	856	8	 0.70	 3	0 	0
2025-11-08 14:03:25	 24024	 1399	864	8	 0.70	 8	0 	0
2025-11-08 14:03:27	 24083	 1583	834	8	 274.57	 0	-6 	0
2025-11-08 14:03:28	 24118	 1583	638	8	 251.72	 -1	-3 	0
2025-11-08 14:03:29	 24153	 1529	453	8	 260.51	 -1	-3 	0
2025-11-08 14:03:30	 24188	 1528	340	8	 274.57	 0	-8 	0
2025-11-08 14:03:31	 24223	 1541	172	8	 234.14	 0	-1 	0
2025-11-08 14:03:32	 24284	 1531	178	8	 128.67	 -3	3 	0
2025-11-08 14:03:34	 24319	 1491	227	8	 46.05	 -1	0 	0
2025-11-08 14:03:34	 24354	 1583	306	8	 75.94	 0	0 	0
2025-11-08 14:03:37	 24438	 1532	293	8	 200.74	 -10	-4 	0
2025-11-08 14:03:38	 24473	 1161	177	0	 200.74	 -14	-5 	0
2025-11-08 14:03:40	 24554	 1127	278	0	 86.48	 0	7 	0
2025-11-08 14:03:41	 24589	 1142	487	48	 77.70	 0	0 	0
2025-11-08 14:03:43	 24637	 1189	487	48	 58.36	 0	0 	0
2025-11-08 14:03:44	 24687	 1189	487	48	 98.79	 -1	0 	0
2025-11-08 14:03:45	 24722	 1172	532	48	 98.79	 -1	2 	0
2025-11-08 14:03:46	 24757	 1168	566	48	 68.91	 0	0 	0
2025-11-08 14:03:49	 24846	 1171	543	48	 49.57	 0	-2 	0
2025-11-08 14:03:50	 24881	 1181	523	48	 95.39	 0	-1 	0
2025-11-08 14:04:04	 25350	 1103	1993	0	 291.09	 -1	0 	13
2025-11-08 14:04:11	 25591	 1207	1981	0	 352.62	 7	-1 	13
2025-11-08 14:04:12	 25639	 1263	1929	0	 282.30	 0	-4 	13
2025-11-08 14:04:13	 25674	 1263	1897	16	 166.29	 0	-1 	0
2025-11-08 14:04:14	 25722	 1186	1997	0	 118.83	 -2	1 	13
2025-11-08 14:04:15	 25757	 1172	2016	0	 6.33	 -1	0 	13
2025-11-08 14:04:17	 25793	 1242	2023	0	 294.26	 0	0 	13
2025-11-08 14:04:18	 25841	 1176	1966	0	 218.67	 -3	-3 	13
2025-11-08 14:04:19	 25876	 1078	1915	0	 238.01	 -5	-3 	13
2025-11-08 14:04:20	 25911	 1028	1811	-24	 273.16	 -1	-7 	0
2025-11-08 14:04:21	 25946	 1029	1677	0	 183.52	 0	-1 	0
2025-11-08 14:04:22	 25981	 859	1661	0	 195.82	 -5	-1 	0
2025-11-08 14:04:23	 26030	 848	1502	40	 253.83	 0	-6 	0
2025-11-08 14:04:25	 26102	 1016	1520	40	 13.36	 7	1 	0
2025-11-08 14:04:26	 26137	 1143	1550	40	 290.74	 0	0 	0
2025-11-08 14:04:39	 26585	 1151	1519	40	 276.68	 0	-5 	0
2025-11-08 14:04:41	 26643	 1201	1490	40	 350.51	 1	0 	0
2025-11-08 14:04:44	 26752	 1262	1465	40	 141.33	 -2	1 	0
2025-11-08 14:04:45	 26787	 1105	1590	40	 141.33	 -3	1 	0
2025-11-08 14:04:46	 26822	 1082	1609	40	 238.01	 -1	-1 	0
2025-11-08 14:04:47	 26857	 1000	1473	48	 241.52	 -1	-1 	0
2025-11-08 14:04:48	 26892	 976	1434	48	 241.52	 0	-1 	5
2025-11-08 14:04:49	 26927	 953	1306	48	 208.12	 -1	-2 	0
2025-11-08 14:04:53	 27056	 1012	1306	48	 2.46	 6	0 	0
2025-11-08 14:04:54	 27091	 1242	1316	48	 325.55	 2	0 	0
2025-11-08 14:04:57	 27198	 1246	1324	48	 256.99	 -1	-2 	0
2025-11-08 14:04:58	 27233	 1212	1216	48	 251.72	 -3	-7 	0
2025-11-08 14:04:59	 27268	 1183	1216	48	 251.72	 -1	0 	0
2025-11-08 14:05:01	 27366	 1169	1381	48	 274.57	 -1	7 	0
2025-11-08 14:05:03	 27427	 1128	1402	48	 195.47	 -1	-2 	0
2025-11-08 14:05:04	 27462	 1053	1384	48	 183.16	 1	0 	0
2025-11-08 14:05:05	 27497	 1263	1396	48	 183.16	 0	0 	0
2025-11-08 14:05:06	 27532	 1194	1398	48	 183.16	 -7	-1 	0
2025-11-08 14:05:07	 27567	 919	1383	48	 183.16	 -9	-1 	0
2025-11-08 14:05:09	 27628	 720	1371	48	 307.97	 0	-2 	0
2025-11-08 14:05:11	 27691	 775	1304	48	 299.18	 0	-1 	0
2025-11-08 14:05:12	 27726	 805	1304	48	 244.69	 0	0 	0
2025-11-08 14:05:17	 27906	 809	1376	48	 276.33	 0	0 	0
2025-11-08 14:05:18	 27948	 824	1387	48	 4.22	 4	0 	0
2025-11-08 14:05:19	 27983	 947	1396	48	 4.22	 4	0 	0
2025-11-08 14:05:20	 28018	 1007	1401	48	 90.35	 0	0 	0
2025-11-08 14:05:22	 28073	 1006	1592	40	 90.35	 -1	8 	0
2025-11-08 14:05:23	 28108	 1005	1737	16	 336.09	 -1	0 	0
2025-11-08 14:05:24	 28149	 1026	1751	-16	 21.80	 3	1 	0
2025-11-08 14:05:25	 28184	 1231	1815	-24	 9.49	 7	1 	0
2025-11-08 14:05:26	 28219	 1424	1849	-24	 300.94	 1	0 	0
2025-11-08 14:05:27	 28254	 1487	1751	-24	 297.42	 3	-7 	0
2025-11-08 14:05:28	 28289	 1541	1647	-24	 264.02	 0	-1 	0
2025-11-08 14:05:29	 28342	 1540	1613	-24	 264.02	 -1	-1 	0
2025-11-08 14:05:30	 28380	 1547	1606	-24	 206.02	 1	0 	0
2025-11-08 14:05:37	 28604	 1560	1605	-24	 256.99	 -1	-3 	0
2025-11-08 14:05:38	 28639	 1552	1570	-24	 202.50	 -1	-1 	0
2025-11-08 14:05:39	 28681	 1488	1542	-24	 177.89	 -1	0 	0
2025-11-08 14:05:40	 28716	 1360	1550	-24	 177.89	 -1	0 	0
2025-11-08 14:05:43	 28807	 1429	1544	-24	 342.77	 5	-1 	0
2025-11-08 14:05:44	 28842	 1560	1530	-24	 281.25	 1	-4 	0
2025-11-08 14:05:45	 28877	 1583	1403	-24	 265.43	 0	-1 	0
2025-11-08 14:05:46	 28912	 1568	1199	-24	 265.43	 -1	-8 	0
2025-11-08 14:05:47	 28947	 1554	1130	-24	 196.88	 -1	-1 	0
2025-11-08 14:05:52	 29119	 1356	1120	-24	 182.81	 -9	-1 	0
2025-11-08 14:05:53	 29154	 1124	1111	-24	 219.73	 -3	1 	0
2025-11-08 14:05:55	 29241	 1096	1127	-24	 279.49	 -1	0 	0
2025-11-08 14:05:57	 29301	 1094	1127	-24	 314.65	 -1	0 	0
2025-11-08 14:06:01	 29464	 1128	953	8	 254.88	 0	-3 	0
2025-11-08 14:06:02	 29499	 1135	929	8	 260.16	 0	0 	0
2025-11-08 14:06:06	 29635	 1156	1051	-21	 260.16	 1	7 	0
2025-11-08 14:06:07	 29670	 1179	1127	-24	 307.62	 0	0 	0
2025-11-08 14:06:08	 29706	 1330	1103	-24	 353.32	 7	-1 	0
2025-11-08 14:06:09	 29741	 1478	1097	-24	 33.75	 4	2 	0
2025-11-08 14:06:10	 29776	 1583	1183	-24	 74.18	 0	0 	0
2025-11-08 14:06:11	 29811	 1571	1318	-24	 68.91	 -1	2 	0
2025-11-08 14:06:12	 29846	 1647	1373	-16	 12.66	 6	2 	0
2025-11-08 14:06:13	 29881	 1718	1333	-24	 297.07	 2	-5 	0
2025-11-08 14:06:15	 29933	 1783	1248	-40	 246.09	 0	1 	0
2025-11-08 14:06:16	 29968	 1762	1232	-40	 261.91	 -1	0 	0
2025-11-08 14:06:19	 30071	 1760	1238	-40	 239.06	 0	0 	0
2025-11-08 14:06:21	 30141	 1764	1241	-40	 253.12	 0	0 	0
2025-11-08 14:06:25	 30278	 1676	1276	-24	 165.23	 -4	2 	0
2025-11-08 14:06:26	 30313	 1637	1307	-16	 170.51	 3	-1 	0
2025-11-08 14:06:27	 30348	 1771	1277	-40	 170.51	 -4	-1 	0
2025-11-08 14:06:28	 30383	 1528	1311	-24	 170.51	 -9	1 	0
2025-11-08 14:06:29	 30418	 1488	1329	-24	 116.02	 -1	1 	0
2025-11-08 14:06:30	 30453	 1528	1301	-24	 80.86	 1	5 	0
2025-11-08 14:06:31	 30488	 1542	1362	-24	 0.00	 2	0 	0
2025-11-08 14:06:32	 30523	 1697	1344	-24	 266.84	 1	-1 	0
2025-11-08 14:06:34	 30594	 1708	1232	-40	 266.84	 -1	-1 	0
2025-11-08 14:06:35	 30629	 1696	1018	-40	 268.59	 -1	-8 	0
2025-11-08 14:06:36	 30664	 1724	904	-40	 303.75	 1	-1 	0
2025-11-08 14:06:37	 30699	 1758	904	-40	 326.60	 -1	0 	0
2025-11-08 14:06:39	 30778	 1774	906	-40	 5.27	 4	0 	0
2025-11-08 14:06:40	 30813	 1966	924	-40	 59.77	 1	0 	0
2025-11-08 14:06:43	 30910	 1982	926	-40	 114.26	 -1	1 	0
2025-11-08 14:06:44	 30945	 1904	1126	-40	 105.47	 -1	2 	0
2025-11-08 14:06:46	 31012	 1925	1141	-40	 316.05	 4	-5 	0
2025-11-08 14:06:47	 31047	 1980	1073	-40	 243.98	 -2	-3 	0
2025-11-08 14:06:48	 31082	 1892	904	-40	 214.10	 -1	0 	0
2025-11-08 14:06:49	 31117	 1809	914	-40	 171.91	 -7	0 	0
2025-11-08 14:06:50	 31152	 1640	943	-40	 142.03	 0	0 	0
2025-11-08 14:06:51	 31217	 1640	960	-40	 27.77	 -1	-3 	0
2025-11-08 14:06:53	 31257	 1649	908	-40	 27.77	 3	1 	0
2025-11-08 14:06:54	 31292	 1753	967	-40	 78.75	 1	2 	0
2025-11-08 14:06:55	 31327	 1780	1082	-40	 106.88	 0	0 	0
2025-11-08 14:06:56	 31362	 1772	1100	-40	 108.63	 -1	0 	0
2025-11-08 14:06:57	 31397	 1752	1160	-40	 105.12	 -2	3 	0
2025-11-08 14:06:58	 31432	 1735	1183	-40	 99.84	 -1	0 	0
2025-11-08 14:06:59	 31467	 1707	1343	-24	 136.76	 -1	2 	0
2025-11-08 14:07:00	 31502	 1591	1352	-16	 180.70	 -7	-1 	0
2025-11-08 14:07:01	 31537	 1499	1363	-24	 92.81	 -1	4 	0
2025-11-08 14:07:02	 31572	 1487	1562	-24	 92.81	 -1	5 	0
2025-11-08 14:07:03	 31607	 1480	1575	-24	 52.38	 -1	0 	0
2025-11-08 14:07:04	 31671	 1508	1584	-24	 27.77	 4	2 	0
2025-11-08 14:07:05	 31706	 1577	1651	-24	 106.88	 -1	1 	0
2025-11-08 14:07:06	 31741	 1521	1754	-24	 157.85	 -1	0 	0
2025-11-08 14:07:07	 31776	 1331	1785	-24	 171.91	 -8	1 	0
2025-11-08 14:07:08	 31811	 1114	1816	-24	 120.94	 -2	0 	0
2025-11-08 14:07:09	 31846	 1011	1964	0	 147.30	 -2	2 	13
2025-11-08 14:07:10	 31881	 932	1986	0	 182.46	 -7	-1 	13
2025-11-08 14:07:13	 31963	 928	1946	0	 335.39	 4	-3 	13
2025-11-08 14:07:14	 31998	 970	1945	0	 273.87	 -1	0 	13
2025-11-08 14:07:17	 32100	 984	1928	0	 300.23	 2	-5 	13
2025-11-08 14:07:18	 32135	 1072	1757	-16	 273.87	 0	-6 	0
2025-11-08 14:07:19	 32195	 1018	1640	0	 184.22	 -7	-1 	0
2025-11-08 14:07:21	 32236	 848	1630	8	 270.35	 0	-1 	0
2025-11-08 14:07:22	 32289	 853	1480	40	 10.55	 2	0 	0
2025-11-08 14:07:23	 32324	 1073	1521	40	 14.06	 4	0 	0
2025-11-08 14:07:24	 32359	 1164	1569	40	 40.43	 3	2 	0
2025-11-08 14:07:25	 32394	 1201	1599	40	 307.27	 0	0 	0
2025-11-08 14:07:28	 32483	 1100	1653	5	 122.70	 -4	1 	0
2025-11-08 14:07:29	 32518	 1065	1769	-14	 71.72	 0	6 	0
2025-11-08 14:07:30	 32553	 1076	1847	-24	 336.80	 3	-2 	0
2025-11-08 14:07:31	 32588	 1261	1773	-24	 356.13	 5	-1 	0
2025-11-08 14:07:32	 32623	 1263	1760	-24	 18.98	 0	-1 	0
2025-11-08 14:07:33	 32658	 1323	1809	-24	 3.16	 3	1 	0
2025-11-08 14:07:34	 32693	 1395	1773	-24	 306.91	 4	-6 	0
2025-11-08 14:07:35	 32728	 1524	1658	-24	 298.12	 2	-4 	0
2025-11-08 14:07:36	 32763	 1554	1494	-24	 270.00	 0	-8 	0
2025-11-08 14:07:37	 32798	 1555	1213	-24	 262.97	 0	-6 	0
2025-11-08 14:07:38	 32833	 1508	1084	-24	 231.33	 -2	-2 	0
2025-11-08 14:07:39	 32868	 1425	1067	-24	 182.11	 -7	-1 	0
2025-11-08 14:07:40	 32903	 1190	1058	-24	 204.96	 -3	-1 	0
2025-11-08 14:07:41	 32938	 1161	1057	-24	 175.08	 -1	-1 	0
2025-11-08 14:07:44	 33070	 1166	884	8	 277.03	 0	-8 	0
2025-11-08 14:07:45	 33105	 1222	775	8	 326.25	 5	-4 	0
2025-11-08 14:07:46	 33140	 1407	648	-40	 285.82	 1	-2 	0
2025-11-08 14:07:48	 33205	 1425	636	-40	 206.72	 -1	-1 	0
2025-11-08 14:07:49	 33240	 1328	586	-40	 264.73	 -1	-1 	0
2025-11-08 14:07:50	 33275	 1323	587	-40	 264.73	 -1	-4 	0
2025-11-08 14:07:51	 33310	 1324	502	-32	 262.97	 0	-1 	0
2025-11-08 14:07:52	 33345	 1325	517	-32	 261.21	 -1	0 	0
2025-11-08 14:07:54	 33403	 1339	529	-32	 218.55	 0	0 	0
2025-11-08 14:08:12	 34000	 1104	1999	0	 268.24	 0	0 	13
2025-11-08 14:08:20	 34278	 1110	2014	0	 275.27	 0	-1 	13
2025-11-08 14:08:21	 34313	 1058	1880	-5	 254.18	 -3	-7 	0
2025-11-08 14:08:22	 34348	 1048	1681	0	 257.70	 0	-3 	0
2025-11-08 14:08:23	 34383	 999	1644	0	 187.38	 -7	-1 	0
2025-11-08 14:08:24	 34418	 860	1600	16	 248.91	 -3	-5 	0
2025-11-08 14:08:25	 34453	 848	1509	40	 317.46	 0	-1 	0
2025-11-08 14:08:26	 34488	 916	1516	40	 10.20	 6	1 	0
2025-11-08 14:08:27	 34523	 1069	1544	40	 15.47	 0	0 	0
2025-11-08 14:08:28	 34558	 1103	1535	40	 338.55	 1	-1 	0
2025-11-08 14:08:29	 34593	 1123	1527	40	 252.42	 0	-1 	0
2025-11-08 14:08:30	 34633	 1082	1480	40	 234.84	 -1	0 	0
2025-11-08 14:08:32	 34712	 1074	1512	40	 94.22	 -1	4 	0
2025-11-08 14:08:33	 34747	 1071	1553	40	 155.74	 -1	0 	0
2025-11-08 14:08:34	 34787	 993	1517	40	 248.91	 -2	-1 	0
2025-11-08 14:08:37	 34885	 988	1393	48	 273.52	 0	-7 	0
2025-11-08 14:08:41	 35015	 1000	1304	48	 101.25	 0	0 	0
2025-11-08 14:08:43	 35099	 1004	1304	48	 6.33	 0	0 	0
2025-11-08 14:08:46	 35180	 1003	1304	48	 62.58	 -1	0 	0
2025-11-08 14:08:47	 35240	 1100	1340	48	 20.39	 6	2 	0
2025-11-08 14:08:48	 35275	 1263	1405	48	 346.99	 0	0 	0
2025-11-08 14:08:52	 35388	 1261	1400	48	 260.86	 -1	-5 	0
2025-11-08 14:08:53	 35423	 1230	1223	48	 260.86	 -2	-8 	0
2025-11-08 14:08:54	 35458	 1212	1216	48	 260.86	 -1	0 	0
2025-11-08 14:08:56	 35546	 1158	1365	48	 125.51	 -2	2 	0
2025-11-08 14:08:57	 35581	 1147	1395	48	 202.85	 -1	0 	0
2025-11-08 14:08:59	 35645	 974	1390	48	 181.76	 -8	-1 	0
2025-11-08 14:09:00	 35680	 720	1381	48	 190.55	 0	-1 	0
2025-11-08 14:09:02	 35763	 762	1304	48	 296.02	 0	-2 	0
2025-11-08 14:09:06	 35899	 750	1337	48	 299.53	 -3	5 	0
2025-11-08 14:09:07	 35934	 842	1355	48	 350.51	 7	-2 	0
2025-11-08 14:09:08	 35969	 996	1328	48	 69.61	 0	-1 	0
2025-11-08 14:09:09	 36004	 983	1415	48	 101.25	 -1	0 	0
2025-11-08 14:09:11	 36059	 990	1477	48	 78.40	 0	5 	0
2025-11-08 14:09:12	 36094	 1005	1548	40	 346.99	 2	-1 	0
2025-11-08 14:09:13	 36129	 1159	1512	40	 324.14	 3	-3 	0
2025-11-08 14:09:14	 36164	 1248	1464	40	 287.23	 0	0 	0
2025-11-08 14:09:16	 36258	 1263	1464	40	 174.73	 -2	0 	0
2025-11-08 14:09:18	 36296	 1168	1474	40	 120.23	 -1	0 	0
2025-11-08 14:09:19	 36331	 1072	1657	35	 116.72	 -4	6 	0
2025-11-08 14:09:20	 36366	 1004	1829	-24	 67.50	 1	6 	0
2025-11-08 14:09:21	 36401	 1066	2005	0	 2.46	 0	1 	13
2025-11-08 14:09:22	 36436	 1220	2005	0	 322.03	 1	-1 	13
2025-11-08 14:09:23	 36471	 1240	1942	0	 272.81	 0	-7 	13
2025-11-08 14:09:24	 36509	 1246	1760	-24	 355.43	 -1	0 	0
2025-11-08 14:09:25	 36544	 1269	1796	-24	 357.19	 0	0 	0
2025-11-08 14:09:27	 36618	 1261	1790	-24	 44.65	 -1	-1 	0
2025-11-08 14:09:28	 36657	 1324	1851	-24	 44.65	 5	5 	0
2025-11-08 14:09:29	 36692	 1385	1858	-24	 339.61	 4	-2 	0
2025-11-08 14:09:30	 36727	 1445	1815	-24	 295.66	 2	-5 	0
2025-11-08 14:09:31	 36762	 1529	1644	-24	 269.30	 0	-2 	0
2025-11-08 14:09:38	 37012	 1536	1628	-24	 271.05	 0	-3 	0
2025-11-08 14:09:39	 37047	 1536	1597	-24	 227.11	 0	-1 	0
2025-11-08 14:09:41	 37111	 1455	1559	-24	 195.47	 -6	-2 	0
2025-11-08 14:09:44	 37227	 1402	1544	-24	 358.95	 5	-1 	0
2025-11-08 14:09:45	 37262	 1565	1543	-24	 290.39	 0	-1 	0
2025-11-08 14:09:46	 37309	 1566	1526	-24	 246.45	 -2	-5 	0
2025-11-08 14:09:47	 37344	 1499	1371	-24	 283.36	 -1	-2 	0
2025-11-08 14:09:48	 37379	 1513	1278	-24	 316.76	 0	-1 	0
2025-11-08 14:09:49	 37414	 1517	1244	-24	 274.57	 0	-6 	0
2025-11-08 14:09:50	 37449	 1522	1158	-24	 216.56	 0	-1 	0
2025-11-08 14:09:53	 37536	 1532	1158	-24	 200.74	 0	0 	0
2025-11-08 14:09:57	 37661	 1422	1116	-24	 197.23	 -8	-3 	0
2025-11-08 14:09:58	 37696	 1321	1090	-24	 177.89	 -6	0 	0
2025-11-08 14:09:59	 37731	 1186	1094	-24	 242.93	 -1	0 	0
2025-11-08 14:10:03	 37881	 1179	1097	-24	 260.51	 -1	0 	0
2025-11-08 14:10:05	 37951	 1140	952	8	 255.23	 -2	-8 	0
2025-11-08 14:10:06	 37986	 1116	859	8	 258.75	 -1	-1 	0
2025-11-08 14:10:08	 38063	 1109	836	8	 258.75	 -1	-1 	0
2025-11-08 14:10:09	 38111	 1107	838	8	 262.27	 0	0 	0
2025-11-08 14:10:11	 38166	 1104	811	8	 262.27	 -1	-1 	0
2025-11-08 14:10:12	 38201	 1088	698	-5	 265.78	 -1	-6 	0
2025-11-08 14:10:13	 38236	 1087	584	-40	 11.25	 4	0 	0
2025-11-08 14:10:14	 38271	 1331	624	-40	 2.46	 6	0 	0
2025-11-08 14:10:15	 38306	 1393	628	-40	 271.05	 0	-2 	0
2025-11-08 14:10:16	 38341	 1397	552	-40	 271.05	 0	-1 	0
2025-11-08 14:10:17	 38376	 1401	529	-40	 271.05	 0	-1 	0
2025-11-08 14:10:18	 38412	 1406	516	-40	 271.05	 -1	2 	0
2025-11-08 14:10:19	 38447	 1408	406	-40	 271.05	 -1	0 	0
2025-11-08 14:10:20	 38482	 1404	618	-40	 271.05	 -1	8 	0
2025-11-08 14:10:22	 38537	 1383	722	-40	 248.20	 -2	-5 	0
2025-11-08 14:10:23	 38572	 1320	562	-32	 313.48	 0	-1 	0
When: 2025-11-08 15:38:01 Episode: 1 Map: 3
timestamp	 tic	 x	 y	 z	 angle	 momx	 momy
2025-11-08 15:38:01	 321	 3208	2288	-144	 249.79	 -1	0 	0
2025-11-08 15:38:05	 439	 3211	2288	-144	 10.81	 -1	0 	0
2025-11-08 15:38:06	 474	 3196	2302	-144	 312.63	 -1	0 	0
2025-11-08 15:38:07	 519	 3206	2310	-144	 314.21	 2	-3 	0
2025-11-08 15:38:08	 554	 3240	2288	-144	 36.83	 0	0 	0
2025-11-08 15:38:09	 589	 3287	2370	-144	 77.26	 0	0 	0
2025-11-08 15:38:10	 624	 3227	2412	-144	 151.08	 -6	3 	0
2025-11-08 15:38:11	 659	 3092	2447	-128	 151.08	 -2	0 	0
2025-11-08 15:38:12	 694	 3076	2444	-128	 68.20	 -1	-2 	16
2025-11-08 15:38:13	 729	 3119	2457	-144	 279.93	 0	-5 	0
2025-11-08 15:38:14	 764	 3134	2322	-144	 218.41	 0	-1 	0
2025-11-08 15:38:16	 800	 3109	2323	-144	 163.92	 -6	1 	0
2025-11-08 15:38:17	 835	 2934	2356	-128	 127.00	 -3	0 	16
2025-11-08 15:38:18	 870	 2949	2375	-128	 32.43	 3	1 	0
2025-11-08 15:38:19	 905	 2985	2401	-128	 51.77	 2	2 	0
2025-11-08 15:38:20	 940	 3032	2460	-128	 51.77	 4	5 	0
2025-11-08 15:38:21	 975	 3086	2695	-144	 51.77	 4	1 	0
2025-11-08 15:38:23	 1068	 2981	2661	-144	 194.15	 -8	-2 	0
2025-11-08 15:38:24	 1103	 2704	2591	-144	 194.15	 -9	-3 	0
2025-11-08 15:38:25	 1138	 2484	2535	-144	 181.85	 -2	-1 	0
2025-11-08 15:38:26	 1173	 2409	2532	-144	 178.33	 -7	0 	0
2025-11-08 15:38:31	 1336	 2296	2542	-144	 169.54	 0	0 	0
2025-11-08 15:38:36	 1500	 2319	2524	-144	 304.54	 2	-3 	0
2025-11-08 15:38:37	 1535	 2354	2494	-144	 239.50	 0	-1 	0
2025-11-08 15:38:39	 1616	 2317	2559	-144	 169.19	 -1	0 	0
2025-11-08 15:38:40	 1654	 2296	2551	-144	 190.28	 0	-1 	0
2025-11-08 15:38:42	 1721	 2341	2475	-144	 271.14	 1	-7 	0
2025-11-08 15:38:43	 1756	 2320	2328	-144	 235.99	 -1	-4 	0
2025-11-08 15:38:47	 1899	 2322	2192	40	 348.49	 2	-1 	0
2025-11-08 15:38:48	 1934	 2508	2192	40	 348.49	 6	-1 	0
2025-11-08 15:38:49	 1969	 2720	2184	40	 348.49	 3	-1 	0
2025-11-08 15:38:50	 2004	 2754	2180	40	 276.42	 0	-1 	0
2025-11-08 15:38:52	 2062	 2758	2181	40	 276.42	 -1	0 	0
2025-11-08 15:38:56	 2215	 2702	2098	40	 265.87	 -2	-3 	0
2025-11-08 15:38:57	 2250	 2685	2071	40	 28.92	 -1	-1 	0
2025-11-08 15:39:03	 2458	 2722	1960	40	 285.21	 0	0 	0
2025-11-08 15:39:27	 3242	 -906	1711	0	 122.70	 -1	0 	0
2025-11-08 15:39:30	 3318	 -916	1718	0	 71.72	 0	1 	0
2025-11-08 15:39:36	 3528	 -923	1659	0	 261.56	 -1	-7 	0
2025-11-08 15:39:37	 3563	 -942	1600	0	 273.87	 -1	0 	0
2025-11-08 15:39:41	 3719	 -932	1504	0	 256.29	 0	-1 	0
2025-11-08 15:39:43	 3788	 -934	1499	0	 319.57	 -1	0 	0
2025-11-08 15:39:46	 3881	 -940	1504	0	 279.14	 -1	0 	0
2025-11-08 15:39:49	 3987	 -940	1467	0	 277.38	 0	-1 	0
2025-11-08 15:39:54	 4161	 -938	1407	0	 272.11	 0	-7 	0
2025-11-08 15:39:55	 4196	 -931	1218	0	 231.68	 0	-2 	0
2025-11-08 15:39:56	 4231	 -974	1163	0	 286.17	 -1	-1 	0
2025-11-08 15:39:57	 4266	 -905	1074	0	 310.78	 1	-3 	0
2025-11-08 15:39:58	 4301	 -855	1016	0	 8.79	 0	-1 	0
2025-11-08 15:39:59	 4336	 -754	1028	0	 49.22	 0	0 	0
2025-11-08 15:40:00	 4371	 -750	1022	0	 29.88	 -1	-1 	0
2025-11-08 15:40:06	 4585	 -778	866	8	 259.80	 -2	-8 	0
2025-11-08 15:40:07	 4620	 -802	734	48	 259.80	 -2	-7 	0
2025-11-08 15:40:08	 4655	 -836	536	48	 259.80	 0	-3 	17
2025-11-08 15:40:09	 4690	 -844	456	48	 296.72	 -1	-1 	17
2025-11-08 15:40:10	 4732	 -840	448	48	 272.11	 0	-1 	17
2025-11-08 15:40:11	 4767	 -843	554	48	 252.77	 -1	0 	17
2025-11-08 15:40:19	 5053	 -843	550	48	 131.48	 -1	0 	17
2025-11-08 15:40:20	 5088	 -984	710	48	 131.48	 -6	6 	17
2025-11-08 15:40:24	 5209	 -937	676	48	 313.95	 1	-1 	17
2025-11-08 15:40:25	 5244	 -823	562	48	 313.95	 2	-3 	17
2025-11-08 15:40:26	 5279	 -761	498	48	 319.22	 0	-1 	17
2025-11-08 15:40:27	 5314	 -681	473	48	 347.34	 0	-1 	17
2025-11-08 15:40:30	 5427	 -681	495	48	 91.05	 -1	0 	17
2025-11-08 15:40:31	 5470	 -702	512	48	 113.91	 -3	4 	17
2025-11-08 15:40:32	 5505	 -746	592	48	 171.91	 -3	0 	17
2025-11-08 15:40:33	 5540	 -813	596	48	 208.83	 -4	-2 	17
2025-11-08 15:40:34	 5575	 -908	545	48	 205.31	 -1	-1 	17
2025-11-08 15:40:36	 5635	 -891	602	48	 69.96	 2	6 	17
2025-11-08 15:40:37	 5670	 -811	820	24	 69.96	 1	4 	0
2025-11-08 15:40:38	 5705	 -763	951	0	 26.02	 0	1 	0
2025-11-08 15:40:39	 5740	 -644	993	0	 13.71	 7	1 	0
2025-11-08 15:40:40	 5775	 -501	1029	0	 13.71	 4	1 	0
2025-11-08 15:40:42	 5856	 -401	1047	0	 3.16	 0	0 	0
2025-11-08 15:40:46	 5979	 -393	963	0	 277.03	 0	-2 	0
2025-11-08 15:40:47	 6014	 -391	945	0	 13.71	 0	-1 	0
2025-11-08 15:40:50	 6134	 -291	999	0	 338.55	 4	-2 	4
2025-11-08 15:40:51	 6169	 -229	975	0	 270.00	 0	-1 	0
2025-11-08 15:40:55	 6319	 -179	874	0	 296.02	 3	-7 	0
2025-11-08 15:40:56	 6354	 -145	794	16	 236.25	 0	-1 	0
2025-11-08 15:40:58	 6412	 -189	752	16	 245.04	 -1	-1 	0
2025-11-08 15:40:59	 6447	 -211	660	16	 259.10	 -2	-8 	0
2025-11-08 15:41:00	 6482	 -225	587	16	 185.27	 -1	-1 	0
2025-11-08 15:41:01	 6517	 -336	581	16	 181.76	 -3	-1 	0
2025-11-08 15:41:02	 6552	 -481	577	16	 181.76	 -2	-1 	0
2025-11-08 15:41:03	 6590	 -500	576	16	 243.28	 -1	-1 	0
2025-11-08 15:41:04	 6625	 -509	558	16	 243.28	 1	2 	0
2025-11-08 15:41:05	 6660	 -464	646	16	 238.01	 0	0 	0
2025-11-08 15:41:06	 6695	 -485	623	16	 230.98	 -3	-3 	0
2025-11-08 15:41:07	 6730	 -509	593	16	 285.47	 0	-1 	0
2025-11-08 15:41:08	 6765	 -503	569	16	 248.55	 0	-1 	0
2025-11-08 15:41:09	 6800	 -528	528	16	 248.55	 -1	0 	0
2025-11-08 15:41:10	 6835	 -529	605	-24	 248.55	 0	3 	0
2025-11-08 15:41:11	 6870	 -472	767	-24	 248.55	 1	0 	0
2025-11-08 15:41:12	 6905	 -440	767	-24	 274.92	 0	0 	0
2025-11-08 15:41:26	 7345	 -916	1634	0	 245.74	 -1	-1 	0
2025-11-08 15:41:27	 7392	 -926	1600	0	 273.87	 0	-1 	0
2025-11-08 15:41:35	 7670	 -924	1529	0	 270.35	 0	-2 	0
2025-11-08 15:41:36	 7705	 -928	1520	0	 270.35	 -1	0 	0
2025-11-08 15:41:37	 7743	 -936	1528	0	 263.32	 -1	0 	0
2025-11-08 15:41:39	 7795	 -944	1537	0	 270.35	 -1	0 	0
2025-11-08 15:41:48	 8125	 -943	1545	0	 319.57	 0	1 	0
2025-11-08 15:41:52	 8267	 -940	1559	0	 272.11	 0	-1 	0
2025-11-08 15:41:53	 8302	 -934	1390	0	 294.96	 0	-3 	0
2025-11-08 15:41:54	 8337	 -937	1369	0	 1.76	 -1	-1 	0
2025-11-08 15:41:58	 8464	 -923	1262	0	 222.89	 0	-1 	0
2025-11-08 15:41:59	 8499	 -999	1197	0	 263.32	 -2	-1 	0
2025-11-08 15:42:00	 8534	 -963	1104	0	 298.48	 3	-6 	0
2025-11-08 15:42:01	 8569	 -924	969	0	 277.38	 0	-4 	0
2025-11-08 15:42:07	 8791	 -895	949	0	 24.61	 4	2 	0
2025-11-08 15:42:08	 8826	 -795	995	0	 31.64	 0	0 	0
2025-11-08 15:42:15	 9086	 -793	934	0	 268.59	 -1	-7 	0
2025-11-08 15:42:16	 9121	 -797	772	32	 268.59	 -1	-1 	0
2025-11-08 15:42:20	 9254	 -809	750	40	 228.16	 -4	-4 	0
2025-11-08 15:42:21	 9289	 -922	624	48	 286.17	 -1	-1 	17
2025-11-08 15:42:22	 9324	 -880	540	48	 296.72	 2	-4 	17
2025-11-08 15:42:23	 9359	 -857	505	48	 273.87	 0	-1 	17
2025-11-08 15:42:25	 9406	 -863	593	48	 273.87	 -1	1 	17
2025-11-08 15:42:26	 9463	 -870	611	48	 310.78	 -3	2 	17
2025-11-08 15:42:27	 9498	 -932	682	48	 310.78	 -1	0 	17
2025-11-08 15:42:28	 9533	 -952	695	48	 310.78	 0	-1 	17
2025-11-08 15:42:30	 9595	 -966	611	48	 259.80	 -2	-7 	17
2025-11-08 15:42:31	 9630	 -987	493	48	 307.27	 -1	-1 	17
2025-11-08 15:42:34	 9724	 -958	536	48	 58.01	 3	5 	17
2025-11-08 15:42:35	 9759	 -814	767	40	 58.01	 4	7 	0
2025-11-08 15:42:36	 9794	 -664	1007	0	 7.03	 1	1 	0
2025-11-08 15:42:37	 9829	 -495	1026	0	 0.00	 7	0 	0
2025-11-08 15:42:39	 9916	 -338	1028	0	 117.77	 -1	1 	0
2025-11-08 15:42:40	 9951	 -397	1039	0	 110.74	 -1	0 	0
2025-11-08 15:42:42	 10007	 -415	1076	0	 110.74	 -3	5 	0
2025-11-08 15:42:43	 10042	 -456	1175	0	 152.93	 -1	0 	0
2025-11-08 15:42:44	 10096	 -621	1142	0	 191.60	 -8	-2 	0
2025-11-08 15:42:45	 10131	 -744	1120	0	 172.27	 -1	0 	0
2025-11-08 15:42:47	 10178	 -740	1157	0	 61.52	 0	1 	0
2025-11-08 15:42:48	 10230	 -731	1169	0	 3.52	 3	0 	0
2025-11-08 15:42:49	 10265	 -589	1175	0	 33.40	 0	0 	0
2025-11-08 15:42:51	 10330	 -560	1168	0	 340.66	 4	-2 	0
2025-11-08 15:42:52	 10365	 -401	1108	0	 289.69	 0	-1 	0
2025-11-08 15:42:54	 10419	 -400	1023	0	 272.11	 0	-5 	0
2025-11-08 15:42:55	 10454	 -400	981	0	 5.27	 0	-1 	0
2025-11-08 15:42:56	 10489	 -313	989	0	 5.27	 0	0 	0
2025-11-08 15:42:57	 10549	 -198	1000	0	 310.78	 0	0 	0
2025-11-08 15:42:58	 10584	 -185	918	0	 272.11	 0	-8 	0
2025-11-08 15:42:59	 10619	 -177	690	16	 231.68	 0	-3 	0
2025-11-08 15:43:00	 10654	 -176	668	16	 215.86	 0	-1 	0
2025-11-08 15:43:05	 10810	 -361	601	16	 200.04	 -7	-3 	0
2025-11-08 15:43:06	 10845	 -471	560	16	 200.04	 -2	-1 	0
2025-11-08 15:43:07	 10889	 -488	554	16	 279.14	 0	-1 	0
2025-11-08 15:43:08	 10924	 -465	412	16	 238.71	 0	-2 	0
2025-11-08 15:43:10	 10978	 -468	398	16	 189.49	 -3	-1 	0
2025-11-08 15:43:11	 11013	 -698	359	16	 189.49	 -9	-2 	0
2025-11-08 15:43:12	 11048	 -797	343	16	 138.52	 -1	-1 	0
2025-11-08 15:43:13	 11083	 -877	395	16	 145.55	 -4	2 	0
2025-11-08 15:43:14	 11118	 -915	399	16	 231.68	 -1	0 	0
2025-11-08 15:43:16	 11197	 -865	284	16	 298.48	 0	-4 	0
2025-11-08 15:43:21	 11371	 -865	278	16	 47.11	 0	0 	0
2025-11-08 15:43:22	 11415	 -870	389	16	 92.81	 -1	5 	0
2025-11-08 15:43:25	 11536	 -976	389	16	 185.62	 -8	-1 	0
2025-11-08 15:43:28	 11631	 -981	379	16	 354.38	 5	-1 	0
2025-11-08 15:43:29	 11666	 -729	354	16	 354.38	 7	-1 	0
2025-11-08 15:43:30	 11701	 -480	330	16	 34.80	 2	-1 	0
2025-11-08 15:43:31	 11736	 -460	404	16	 94.57	 -1	6 	0
2025-11-08 15:43:32	 11771	 -469	538	16	 18.98	 -1	0 	0
2025-11-08 15:43:33	 11806	 -314	597	16	 349.10	 2	0 	0
2025-11-08 15:43:34	 11841	 -207	590	16	 50.62	 0	-1 	0
2025-11-08 15:43:35	 11876	 -191	693	16	 85.78	 0	7 	0
2025-11-08 15:43:36	 11911	 -171	965	0	 85.78	 0	5 	0
2025-11-08 15:43:37	 11946	 -198	1039	0	 145.55	 -1	0 	0
2025-11-08 15:43:42	 12113	 -231	998	0	 233.44	 -4	-6 	0
2025-11-08 15:43:43	 12148	 -272	983	0	 159.61	 -1	1 	0
2025-11-08 15:43:44	 12183	 -277	1007	0	 159.61	 -3	0 	0
2025-11-08 15:43:45	 12218	 -322	1007	0	 221.13	 -1	0 	0
2025-11-08 15:43:46	 12268	 -449	986	0	 189.49	 -8	-2 	0
2025-11-08 15:43:47	 12303	 -687	947	0	 189.49	 -7	-2 	0
2025-11-08 15:43:48	 12338	 -796	928	0	 259.80	 -1	-1 	0
2025-11-08 15:43:49	 12373	 -836	725	48	 259.80	 -2	-8 	17
2025-11-08 15:43:50	 12408	 -855	620	48	 303.75	 -1	-1 	17
2025-11-08 15:43:54	 12549	 -794	596	48	 335.04	 3	-2 	17
2025-11-08 15:43:55	 12584	 -708	498	48	 320.98	 1	-3 	17
2025-11-08 15:43:56	 12619	 -681	472	48	 356.13	 0	-1 	17
2025-11-08 15:44:00	 12731	 -751	435	56	 206.72	 -2	-1 	17
2025-11-08 15:44:01	 12769	 -769	432	56	 254.18	 -1	-1 	17
2025-11-08 15:44:02	 12804	 -827	432	56	 254.18	 -2	-6 	17
2025-11-08 15:44:03	 12839	 -844	432	56	 168.05	 -1	-1 	17
2025-11-08 15:44:04	 12874	 -1008	467	48	 168.05	 0	0 	17
2025-11-08 15:44:05	 12935	 -1008	528	48	 99.49	 -1	5 	17
2025-11-08 15:44:06	 12970	 -1008	620	48	 175.08	 0	0 	17
2025-11-08 15:44:09	 13045	 -964	676	48	 50.27	 4	5 	17
2025-11-08 15:44:10	 13080	 -849	715	48	 13.36	 6	0 	17
2025-11-08 15:44:11	 13115	 -773	727	48	 110.04	 -1	0 	17
2025-11-08 15:44:12	 13150	 -840	921	0	 110.04	 -3	6 	0
2025-11-08 15:44:13	 13185	 -864	987	0	 224.30	 -1	0 	0
2025-11-08 15:44:14	 13250	 -827	972	0	 356.13	 4	-1 	0
2025-11-08 15:44:15	 13285	 -580	953	0	 356.13	 7	-1 	0
2025-11-08 15:44:16	 13320	 -420	942	0	 308.67	 0	-1 	0
2025-11-08 15:44:18	 13370	 -389	928	0	 329.77	 4	-3 	0
2025-11-08 15:44:19	 13405	 -341	912	0	 229.57	 0	0 	0
2025-11-08 15:44:20	 13440	 -386	912	0	 270.00	 -1	0 	0
2025-11-08 15:44:21	 13488	 -365	912	0	 319.22	 1	0 	0
2025-11-08 15:44:23	 13536	 -347	912	0	 255.94	 -1	-1 	0
2025-11-08 15:44:24	 13571	 -363	912	0	 285.82	 -1	0 	0
2025-11-08 15:44:25	 13606	 -348	912	0	 305.16	 0	0 	0
2025-11-08 15:44:26	 13672	 -337	979	0	 10.20	 0	0 	0
2025-11-08 15:44:27	 13707	 -292	989	0	 3.16	 6	0 	4
2025-11-08 15:44:28	 13742	 -175	995	0	 284.06	 0	0 	0
2025-11-08 15:44:29	 13777	 -145	880	0	 250.66	 0	-1 	0
2025-11-08 15:44:30	 13812	 -199	720	16	 250.66	 -3	-8 	0
2025-11-08 15:44:31	 13847	 -243	598	16	 196.17	 -2	-1 	0
2025-11-08 15:44:32	 13882	 -396	549	16	 229.57	 -2	-1 	0
2025-11-08 15:44:33	 13917	 -409	468	16	 271.76	 0	-7 	0
2025-11-08 15:44:34	 13952	 -405	318	16	 210.23	 0	-1 	0
2025-11-08 15:44:35	 13987	 -496	312	16	 210.23	 -6	-1 	0
2025-11-08 15:44:36	 14022	 -683	312	16	 210.23	 -6	-1 	0
2025-11-08 15:44:37	 14057	 -880	275	16	 210.23	 0	-3 	0
2025-11-08 15:44:41	 14187	 -879	365	16	 69.96	 0	2 	0
2025-11-08 15:44:42	 14222	 -837	399	16	 17.23	 4	0 	0
2025-11-08 15:44:43	 14257	 -628	399	16	 17.23	 6	0 	0
2025-11-08 15:44:44	 14292	 -463	408	16	 82.27	 1	2 	0
2025-11-08 15:44:45	 14327	 -444	500	16	 24.26	 1	1 	0
2025-11-08 15:44:46	 14362	 -312	577	16	 24.26	 6	3 	0
2025-11-08 15:44:47	 14397	 -221	619	16	 41.84	 0	0 	0
2025-11-08 15:44:49	 14453	 -213	634	16	 68.20	 1	3 	0
2025-11-08 15:44:50	 14488	 -159	770	16	 133.24	 0	0 	0
2025-11-08 15:44:51	 14523	 -150	792	16	 212.34	 0	0 	0
2025-11-08 15:44:54	 14639	 -149	803	16	 105.12	 -1	2 	0
2025-11-08 15:44:55	 14674	 -209	1024	0	 105.12	 -3	7 	0
2025-11-08 15:44:56	 14717	 -219	1058	0	 89.30	 0	4 	6
2025-11-08 15:44:57	 14752	 -216	1252	0	 89.30	 0	3 	9
2025-11-08 15:45:04	 14996	 -208	1250	0	 301.99	 1	-2 	9
2025-11-08 15:45:05	 15031	 -177	1225	0	 45.70	 0	-1 	9
2025-11-08 15:45:06	 15066	 -132	1267	0	 58.01	 0	0 	9
2025-11-08 15:45:08	 15109	 -135	1287	0	 112.50	 -1	0 	9
2025-11-08 15:45:09	 15144	 -167	1309	0	 152.93	 -5	2 	9
2025-11-08 15:45:10	 15179	 -298	1380	0	 123.05	 -2	2 	0
2025-11-08 15:45:11	 15214	 -318	1404	0	 100.20	 -1	0 	9
2025-11-08 15:45:12	 15270	 -192	1487	0	 56.25	 0	0 	0
2025-11-08 15:45:15	 15371	 -317	1485	0	 181.05	 -3	-1 	9
2025-11-08 15:45:16	 15406	 -354	1488	0	 165.23	 -5	1 	9
2025-11-08 15:45:17	 15441	 -508	1529	0	 128.32	 -1	0 	0
2025-11-08 15:45:18	 15476	 -533	1551	0	 101.95	 -1	2 	0
2025-11-08 15:45:19	 15511	 -541	1583	0	 66.80	 -1	0 	9
2025-11-08 15:45:21	 15567	 -465	1562	0	 349.45	 0	-1 	0
2025-11-08 15:45:22	 15616	 -465	1630	0	 79.10	 0	5 	9
2025-11-08 15:45:23	 15651	 -478	1711	0	 154.69	 -3	0 	9
2025-11-08 15:45:24	 15686	 -558	1711	0	 82.62	 -1	0 	0
2025-11-08 15:45:26	 15748	 -553	1755	0	 82.62	 0	5 	0
2025-11-08 15:45:27	 15783	 -545	1817	0	 24.61	 0	0 	0
2025-11-08 15:45:29	 15876	 -632	1825	0	 159.61	 0	0 	0
2025-11-08 15:45:32	 15966	 -611	1855	0	 43.59	 0	0 	0
2025-11-08 15:45:33	 16001	 -605	1903	16	 91.05	 -1	0 	0
2025-11-08 15:45:39	 16210	 -527	1864	0	 333.28	 0	-1 	0
2025-11-08 15:45:40	 16245	 -486	1844	0	 338.55	 0	-1 	0
2025-11-08 15:45:42	 16304	 -487	1841	0	 354.38	 -1	0 	0
2025-11-08 15:45:44	 16400	 -465	1832	0	 342.07	 1	-1 	0
2025-11-08 15:45:46	 16461	 -448	1827	0	 342.07	 2	-1 	0
2025-11-08 15:45:47	 16496	 -316	1784	0	 342.07	 1	-1 	0
2025-11-08 15:45:48	 16531	 -273	1764	0	 342.07	 0	-1 	0
2025-11-08 15:45:49	 16567	 -273	1750	0	 284.06	 0	-1 	0
2025-11-08 15:45:55	 16740	 -873	1640	0	 184.57	 -1	-1 	0
2025-11-08 15:45:57	 16799	 -904	1689	0	 124.80	 -2	2 	0
2025-11-08 15:45:58	 16834	 -919	1717	0	 246.09	 -1	0 	0
2025-11-08 15:45:59	 16875	 -946	1632	0	 268.95	 -1	-5 	0
2025-11-08 15:46:02	 16971	 -950	1616	0	 268.95	 -1	-1 	0
When: 2025-11-08 15:46:20 Episode: 1 Map: 4
timestamp	 tic	 x	 y	 z	 angle	 momx	 momy
2025-11-08 15:46:20	 127	 -539	1870	0	 333.28	 2	-2 	0
2025-11-08 15:46:22	 162	 -517	1859	0	 345.59	 0	-1 	0
2025-11-08 15:46:29	 419	 -527	1862	0	 359.30	 1	-1 	0
2025-11-08 15:46:30	 454	 -456	1861	0	 304.80	 0	-1 	0
2025-11-08 15:46:31	 489	 -422	1816	0	 288.98	 0	-1 	0
2025-11-08 15:46:36	 657	 -356	1835	0	 37.97	 2	0 	0
2025-11-08 15:46:38	 711	 -272	1839	0	 59.06	 1	0 	0
2025-11-08 15:46:42	 853	 -256	1825	0	 220.43	 -1	-1 	0
2025-11-08 15:46:43	 888	 -370	1744	0	 239.77	 -2	0 	0
2025-11-08 15:46:44	 923	 -378	1621	0	 297.77	 0	-3 	0
2025-11-08 15:46:45	 979	 -252	1633	0	 30.94	 1	0 	0
2025-11-08 15:46:46	 1014	 -232	1639	0	 30.94	 2	1 	0
2025-11-08 15:46:50	 1129	 -235	1582	0	 262.62	 -1	-7 	0
2025-11-08 15:46:55	 1307	 -225	1570	0	 30.94	 0	1 	0
2025-11-08 15:46:56	 1342	 -225	1587	0	 94.22	 -1	1 	0
2025-11-08 15:46:57	 1379	 -238	1711	0	 131.13	 -3	0 	0
2025-11-08 15:46:59	 1454	 -272	1711	0	 124.10	 -1	0 	0
2025-11-08 15:47:01	 1512	 -260	1675	0	 108.28	 1	-6 	0
2025-11-08 15:47:02	 1572	 -238	1631	0	 120.59	 -1	2 	0
2025-11-08 15:47:03	 1607	 -243	1657	0	 192.66	 -1	0 	0
2025-11-08 15:47:04	 1643	 -381	1616	0	 166.29	 -3	0 	0
2025-11-08 15:47:05	 1678	 -408	1659	0	 95.98	 -1	5 	0
2025-11-08 15:47:06	 1713	 -408	1824	0	 132.89	 0	1 	0
2025-11-08 15:47:07	 1748	 -482	1867	0	 187.38	 -3	0 	0
2025-11-08 15:47:08	 1783	 -632	1849	0	 187.38	 0	-1 	0
2025-11-08 15:47:12	 1917	 -559	1827	0	 345.59	 6	-2 	0
2025-11-08 15:47:13	 1952	 -293	1759	0	 350.86	 5	-2 	0
2025-11-08 15:47:15	 2008	 -273	1751	0	 4.92	 0	-1 	0
2025-11-08 15:47:16	 2069	 -273	1841	0	 26.02	 0	0 	0
2025-11-08 15:47:18	 2119	 -299	1839	0	 18.98	 -5	-2 	0
2025-11-08 15:47:19	 2154	 -379	1806	0	 11.95	 5	1 	0
2025-11-08 15:47:20	 2189	 -167	1839	0	 356.13	 2	0 	0
2025-11-08 15:47:21	 2224	 -144	1839	0	 285.82	 0	0 	0
2025-11-08 15:47:23	 2284	 -140	1720	0	 345.59	 0	-1 	0
2025-11-08 15:47:24	 2319	 -49	1699	0	 315.70	 0	-1 	0
2025-11-08 15:47:26	 2407	 -60	1707	0	 148.71	 -5	2 	0
2025-11-08 15:47:27	 2442	 -133	1728	0	 173.32	 -1	0 	0
2025-11-08 15:47:28	 2477	 -176	1720	0	 187.38	 -1	-1 	0
2025-11-08 15:47:31	 2565	 -150	1790	0	 69.61	 1	5 	0
2025-11-08 15:47:32	 2600	 -127	1841	0	 336.45	 2	-1 	0
2025-11-08 15:47:33	 2635	 -43	1808	0	 267.89	 0	0 	0
2025-11-08 15:47:34	 2679	 -106	1807	0	 192.30	 -3	-1 	0
2025-11-08 15:47:35	 2714	 -176	1764	0	 206.37	 0	-1 	0
2025-11-08 15:47:38	 2826	 -176	1774	0	 120.23	 -1	3 	0
2025-11-08 15:47:39	 2861	 -204	1820	0	 188.79	 -6	-1 	0
2025-11-08 15:47:40	 2896	 -398	1791	0	 165.94	 -3	-1 	0
2025-11-08 15:47:41	 2931	 -590	1832	0	 136.05	 -3	0 	0
2025-11-08 15:47:42	 2966	 -622	1903	16	 93.87	 -1	0 	0
2025-11-08 15:47:43	 3013	 -621	1851	0	 93.87	 0	-6 	0
2025-11-08 15:47:44	 3048	 -619	1828	0	 93.87	 -1	6 	0
2025-11-08 15:47:46	 3114	 -620	1834	0	 93.87	 0	-4 	0
2025-11-08 15:47:47	 3149	 -624	1903	16	 93.87	 -1	0 	0
2025-11-08 15:47:49	 3209	 -616	1784	0	 100.90	 0	0 	0
2025-11-08 15:47:50	 3256	 -622	1829	0	 169.45	 -1	0 	0
2025-11-08 15:47:54	 3373	 -632	1828	0	 5.98	 -1	-1 	0
2025-11-08 15:47:56	 3438	 -553	1832	0	 13.01	 1	0 	0
2025-11-08 15:47:58	 3514	 -549	1834	0	 174.38	 -4	0 	0
2025-11-08 15:47:59	 3549	 -632	1848	0	 174.38	 0	0 	0
2025-11-08 15:48:02	 3652	 -460	1824	0	 351.91	 7	-2 	0
2025-11-08 15:48:03	 3687	 -360	1808	0	 329.06	 2	-2 	0
2025-11-08 15:48:04	 3722	 -291	1768	0	 313.24	 0	-1 	0
2025-11-08 15:48:05	 3762	 -273	1748	0	 332.58	 0	-2 	0
2025-11-08 15:48:07	 3821	 -317	1767	0	 332.58	 -6	2 	0
2025-11-08 15:48:08	 3856	 -378	1767	0	 299.18	 2	-6 	0
2025-11-08 15:48:09	 3891	 -322	1744	0	 299.18	 0	0 	0
2025-11-08 15:48:10	 3926	 -391	1839	0	 299.18	 -2	0 	0
2025-11-08 15:48:12	 3998	 -408	1847	0	 132.19	 -3	2 	0
2025-11-08 15:48:13	 4033	 -503	1884	0	 172.62	 -7	0 	0
2025-11-08 15:48:14	 4070	 -587	1899	11	 172.62	 4	-1 	0
2025-11-08 15:48:15	 4105	 -523	1890	0	 172.62	 -1	0 	0
2025-11-08 15:48:16	 4162	 -578	1897	2	 172.62	 4	-1 	0
2025-11-08 15:48:17	 4197	 -569	1903	0	 163.83	 -4	0 	0
2025-11-08 15:48:19	 4270	 -603	1897	16	 163.83	 -4	0 	0
2025-11-08 15:48:23	 4412	 -578	1884	0	 337.50	 1	-1 	0
2025-11-08 15:48:24	 4447	 -476	1842	0	 337.50	 6	-3 	0
2025-11-08 15:48:25	 4482	 -233	1742	0	 337.50	 3	-2 	15
2025-11-08 15:48:26	 4517	 -240	1744	4	 337.50	 -1	0 	15
2025-11-08 15:48:27	 4552	 -216	1734	64	 332.23	 0	-1 	15
2025-11-08 15:48:28	 4587	 -208	1596	64	 212.70	 -4	-7 	0
2025-11-08 15:48:31	 4686	 -225	1582	0	 28.12	 0	1 	0
2025-11-08 15:48:32	 4721	 -225	1603	0	 73.83	 0	3 	0
2025-11-08 15:49:47	 7353	 -217	1696	0	 156.45	 0	-3 	0
2025-11-08 15:49:48	 7388	 -217	1664	0	 179.30	 0	-1 	0
2025-11-08 15:49:54	 7577	 -272	1711	0	 128.67	 -1	0 	0
2025-11-08 15:49:56	 7654	 -273	1628	0	 248.20	 -1	-3 	0
2025-11-08 15:49:57	 7703	 -408	1620	0	 144.49	 0	0 	0
2025-11-08 15:49:59	 7751	 -392	1799	0	 91.76	 0	5 	0
2025-11-08 15:50:00	 7799	 -490	1846	0	 155.04	 -4	0 	0
2025-11-08 15:50:01	 7834	 -624	1903	16	 144.49	 -1	0 	0
2025-11-08 15:50:05	 7959	 -492	1858	0	 341.02	 7	-3 	0
2025-11-08 15:50:06	 7994	 -319	1799	0	 341.02	 -4	1 	0
2025-11-08 15:50:07	 8029	 -546	1876	0	 341.02	 -8	2 	0
2025-11-08 15:50:10	 8126	 -624	1903	16	 341.02	 -1	0 	0
2025-11-08 15:50:14	 8282	 -624	1903	16	 341.02	 -1	0 	0
2025-11-08 15:50:16	 8363	 -575	1887	0	 341.02	 2	-1 	0
2025-11-08 15:50:17	 8398	 -411	1830	0	 341.02	 6	-3 	0
2025-11-08 15:50:18	 8433	 -199	1757	0	 341.02	 1	-1 	15
2025-11-08 15:50:19	 8468	 -225	1766	0	 341.02	 -1	0 	15
2025-11-08 15:50:24	 8630	 -161	1568	64	 288.28	 4	-15 	0
2025-11-08 15:50:25	 8665	 -73	1552	0	 217.97	 0	0 	0
2025-11-08 15:50:29	 8811	 -43	1552	0	 356.48	 4	-1 	0
2025-11-08 15:50:35	 9011	 -717	486	48	 336.09	 1	-2 	17
2025-11-08 15:50:36	 9046	 -681	464	48	 357.19	 0	-1 	17
2025-11-08 15:50:39	 9153	 -808	566	48	 121.99	 -4	2 	17
2025-11-08 15:50:40	 9188	 -849	703	48	 81.56	 -1	5 	17
2025-11-08 15:50:41	 9223	 -816	887	8	 71.02	 1	6 	0
2025-11-08 15:50:42	 9258	 -778	978	0	 358.95	 4	0 	0
2025-11-08 15:50:43	 9293	 -529	976	0	 358.95	 8	-1 	0
2025-11-08 15:50:44	 9348	 -337	972	0	 358.95	 0	-1 	0
2025-11-08 15:50:46	 9390	 -333	981	0	 32.34	 2	2 	0
2025-11-08 15:50:47	 9425	 -245	1007	0	 351.91	 0	0 	0
2025-11-08 15:50:48	 9475	 -232	989	0	 309.73	 0	-2 	0
2025-11-08 15:50:49	 9510	 -246	988	0	 18.28	 -1	0 	0
2025-11-08 15:50:50	 9545	 -193	1058	0	 63.98	 0	1 	6
2025-11-08 15:50:51	 9580	 -191	1121	0	 85.08	 0	1 	9
2025-11-08 15:50:52	 9615	 -180	1250	0	 90.35	 0	0 	9
2025-11-08 15:50:55	 9709	 -178	1274	0	 86.84	 0	4 	9
2025-11-08 15:50:56	 9744	 -169	1459	0	 113.20	 0	1 	0
2025-11-08 15:50:57	 9779	 -184	1487	0	 181.76	 0	0 	0
2025-11-08 15:50:58	 9814	 -340	1483	0	 222.19	 -2	-1 	9
2025-11-08 15:50:59	 9849	 -393	1451	0	 164.18	 -2	-1 	9
2025-11-08 15:51:00	 9884	 -580	1501	0	 151.88	 -4	0 	0
2025-11-08 15:51:01	 9919	 -622	1615	0	 99.14	 -2	7 	0
2025-11-08 15:51:02	 9954	 -624	1700	0	 21.80	 0	0 	0
2025-11-08 15:51:03	 9989	 -467	1706	0	 0.70	 7	0 	9
2025-11-08 15:51:05	 10060	 -519	1627	0	 235.90	 -4	-6 	9
2025-11-08 15:51:06	 10095	 -589	1515	0	 322.03	 1	-3 	0
2025-11-08 15:51:07	 10130	 -546	1472	0	 337.85	 0	-1 	0
2025-11-08 15:51:08	 10165	 -475	1476	0	 71.02	 2	2 	0
2025-11-08 15:51:09	 10200	 -487	1620	0	 99.14	 -2	6 	9
2025-11-08 15:51:10	 10235	 -514	1711	0	 48.16	 -1	0 	0
2025-11-08 15:51:11	 10286	 -543	1727	0	 90.35	 -1	0 	0
2025-11-08 15:51:13	 10342	 -531	1840	0	 46.41	 0	1 	0
2025-11-08 15:51:14	 10377	 -529	1859	0	 341.37	 0	0 	0
2025-11-08 15:51:17	 10500	 -632	1824	0	 191.95	 0	-1 	0
2025-11-08 15:51:22	 10647	 -483	1843	0	 7.38	 6	0 	0
2025-11-08 15:51:23	 10682	 -401	1866	0	 7.38	 0	0 	0
2025-11-08 15:51:24	 10717	 -557	1848	0	 7.38	 -8	-2 	0
2025-11-08 15:51:25	 10755	 -632	1833	0	 100.55	 -1	1 	0
2025-11-08 15:51:26	 10803	 -632	1855	0	 91.76	 -1	0 	0
2025-11-08 15:51:27	 10852	 -622	1872	0	 116.37	 -2	4 	0
2025-11-08 15:51:46	 11492	 -615	1900	16	 339.26	 -4	1 	0
2025-11-08 15:51:47	 11535	 -565	1881	0	 339.26	 5	-3 	0
2025-11-08 15:51:48	 11570	 -318	1788	0	 339.26	 7	-3 	0
2025-11-08 15:51:49	 11605	 -226	1753	20	 339.26	 0	-1 	15
2025-11-08 15:51:51	 11688	 -218	1733	64	 286.52	 0	-1 	15
2025-11-08 15:51:52	 11723	 -165	1552	64	 283.01	 2	-2 	0
2025-11-08 15:51:53	 11758	 -119	1552	0	 233.79	 0	0 	0
2025-11-08 15:51:57	 11876	 -128	1583	0	 317.81	 0	-1 	0
2025-11-08 15:51:58	 11911	 -77	1553	0	 12.30	 2	0 	0
2025-11-08 15:52:00	 12006	 -801	629	48	 119.88	 -1	1 	17
2025-11-08 15:52:04	 12145	 -799	646	48	 71.02	 0	2 	17
2025-11-08 15:52:05	 12180	 -776	724	48	 104.41	 0	0 	17
2025-11-08 15:52:06	 12215	 -823	915	0	 104.41	 -3	7 	0
2025-11-08 15:52:07	 12250	 -843	997	0	 104.41	 -1	0 	0
2025-11-08 15:52:14	 12492	 -866	1086	0	 104.41	 -2	6 	0
2025-11-08 15:52:15	 12527	 -904	1234	0	 104.41	 -1	0 	0
2025-11-08 15:52:16	 12562	 -922	1304	0	 116.72	 -1	2 	0
2025-11-08 15:52:17	 12597	 -929	1329	0	 180.00	 -1	0 	0
2025-11-08 15:52:20	 12686	 -1008	1330	0	 180.00	 -1	-1 	0
2025-11-08 15:52:21	 12732	 -1050	1307	0	 199.34	 -6	-3 	0
2025-11-08 15:52:22	 12767	 -1176	1304	0	 172.97	 0	0 	0
2025-11-08 15:52:24	 12833	 -1227	1308	0	 180.00	 -7	-1 	21
2025-11-08 15:52:25	 12868	 -1409	1308	0	 180.00	 -4	-1 	21
2025-11-08 15:52:26	 12903	 -1517	1308	0	 171.21	 -1	-1 	0
2025-11-08 15:52:27	 12953	 -1526	1308	0	 65.74	 0	0 	0
2025-11-08 15:52:29	 13003	 -1525	1303	0	 88.59	 -1	-1 	0
2025-11-08 15:52:36	 13268	 -1439	1316	0	 2.46	 3	0 	21
2025-11-08 15:52:37	 13303	 -1220	1327	0	 2.46	 3	0 	21
2025-11-08 15:52:38	 13338	 -1191	1327	0	 2.46	 0	0 	0
2025-11-08 15:52:39	 13373	 -1282	1324	0	 32.34	 -1	-1 	21
2025-11-08 15:53:00	 14086	 -1305	1327	0	 165.94	 -2	0 	21
2025-11-08 15:53:01	 14121	 -1324	1331	0	 185.27	 -3	-1 	21
2025-11-08 15:53:02	 14156	 -1347	1329	0	 185.27	 -1	-1 	21
2025-11-08 15:53:03	 14192	 -1715	1295	-77	 185.27	 -15	-2 	20
2025-11-08 15:53:04	 14227	 -1776	1269	-120	 211.64	 0	-1 	0
2025-11-08 15:53:07	 14349	 -1776	1262	-120	 83.67	 0	-1 	0
2025-11-08 15:53:10	 14438	 -1751	1385	-120	 78.40	 1	7 	0
2025-11-08 15:53:11	 14473	 -1714	1567	-120	 78.40	 1	7 	0
2025-11-08 15:53:12	 14508	 -1681	1758	-120	 78.40	 0	5 	0
2025-11-08 15:53:14	 14586	 -1645	1832	-120	 346.99	 5	-2 	0
2025-11-08 15:53:19	 14751	 -1512	1539	0	 164.53	 -1	0 	0
2025-11-08 15:53:21	 14818	 -1504	1550	0	 27.42	 4	2 	0
2025-11-08 15:53:22	 14853	 -1441	1583	0	 332.93	 0	0 	19
2025-11-08 15:53:23	 14888	 -1361	1540	0	 306.56	 0	-1 	0
2025-11-08 15:53:28	 15076	 -1450	1583	0	 150.12	 -3	0 	19
2025-11-08 15:53:29	 15111	 -1478	1583	0	 92.11	 -1	0 	0
2025-11-08 15:53:31	 15170	 -1509	1645	0	 102.66	 -2	6 	0
2025-11-08 15:53:34	 15299	 -1501	1638	0	 285.12	 1	-7 	0
2025-11-08 15:53:35	 15334	 -1486	1548	0	 0.70	 0	-1 	19
2025-11-08 15:53:37	 15375	 -1466	1564	0	 2.46	 0	0 	19
2025-11-08 15:53:38	 15426	 -1361	1573	0	 92.11	 -1	1 	0
2025-11-08 15:53:45	 15667	 -1319	1314	0	 174.73	 -5	0 	21
2025-11-08 15:53:46	 15702	 -1574	1337	-5	 174.73	 -9	0 	20
2025-11-08 15:53:51	 15861	 -1770	1373	-120	 69.26	 1	4 	0
2025-11-08 15:53:52	 15896	 -1753	1417	-120	 346.64	 0	0 	0
2025-11-08 15:53:53	 15962	 -1689	1295	-120	 304.45	 2	-5 	20
2025-11-08 15:53:54	 15997	 -1572	1223	-120	 344.88	 7	-3 	0
2025-11-08 15:53:55	 16032	 -1367	1167	-120	 293.91	 1	-1 	0
2025-11-08 15:53:56	 16067	 -1351	1163	-120	 253.48	 0	0 	0
2025-11-08 15:53:59	 16170	 -1353	990	-120	 269.30	 -1	-8 	0
2025-11-08 15:54:02	 16253	 -1378	789	-120	 165.59	 -3	0 	0
2025-11-08 15:54:07	 16448	 -1633	1087	0	 184.57	 -2	-1 	18
2025-11-08 15:54:08	 16487	 -1720	1079	0	 184.57	 -1	-1 	0
2025-11-08 15:54:14	 16676	 -1663	1100	0	 23.20	 6	2 	18
2025-11-08 15:54:15	 16711	 -1571	1139	0	 77.70	 0	0 	18
2025-11-08 15:54:16	 16760	 -1613	1196	-27	 128.67	 -4	4 	0
2025-11-08 15:54:19	 16859	 -1668	1263	-120	 0.70	 1	0 	0
2025-11-08 15:54:20	 16894	 -1467	1263	-120	 0.70	 8	0 	0
2025-11-08 15:54:21	 16929	 -1297	1263	-120	 341.37	 4	-1 	0
2025-11-08 15:54:22	 16964	 -1297	1233	-120	 276.33	 0	-1 	0
2025-11-08 15:54:24	 17015	 -1339	1194	-120	 265.78	 -1	-1 	0
2025-11-08 15:54:25	 17050	 -1361	982	-120	 265.78	 -1	-9 	0
2025-11-08 15:54:26	 17085	 -1375	798	-120	 197.23	 -1	-1 	0
2025-11-08 15:54:27	 17120	 -1438	794	-120	 174.38	 -7	0 	0
2025-11-08 15:54:35	 17409	 -1720	1064	0	 272.46	 0	-1 	0
2025-11-08 15:54:36	 17444	 -1712	1059	0	 272.46	 0	-3 	0
2025-11-08 15:54:38	 17535	 -1315	1311	0	 180.00	 -5	-1 	21
2025-11-08 15:54:39	 17570	 -1562	1311	0	 180.00	 -8	-1 	20
2025-11-08 15:54:40	 17605	 -1849	1311	0	 180.00	 -9	-1 	0
2025-11-08 15:54:43	 17685	 -1857	1311	0	 180.00	 -2	-1 	0
2025-11-08 15:54:44	 17720	 -1864	1311	0	 180.00	 -1	-1 	0
2025-11-08 15:54:47	 17832	 -1976	1311	0	 180.00	 -1	-1 	0
When: 2025-11-08 16:04:32 Episode: 1 Map: 5
timestamp	 tic	 x	 y	 z	 angle	 momx	 momy
2025-11-08 16:04:34	 180	 352	432	160	 270.00	 0	-1 	0
2025-11-08 16:04:35	 215	 352	311	160	 270.00	 0	-8 	0
2025-11-08 16:04:36	 250	 352	199	160	 264.73	 0	-3 	0
2025-11-08 16:04:37	 285	 352	171	160	 190.90	 0	-1 	0
2025-11-08 16:04:46	 613	 178	184	160	 175.43	 -8	0 	2
2025-11-08 16:04:47	 648	 16	202	96	 175.43	 0	0 	2
2025-11-08 16:04:50	 765	 2	204	160	 329.77	 -1	0 	2
2025-11-08 16:04:51	 800	 -9	205	160	 338.55	 -1	0 	0
2025-11-08 16:04:52	 838	 -26	208	160	 343.83	 -1	0 	0
2025-11-08 16:04:54	 886	 -15	219	160	 24.26	 4	2 	0
2025-11-08 16:04:55	 921	 -15	223	160	 18.98	 0	0 	0
2025-11-08 16:04:59	 1046	 352	431	160	 270.00	 0	-2 	0
2025-11-08 16:05:00	 1081	 352	210	174	 270.00	 0	-9 	0
2025-11-08 16:05:01	 1116	 352	95	160	 173.32	 0	-1 	0
2025-11-08 16:05:03	 1177	 329	94	160	 173.32	 -6	0 	0
2025-11-08 16:05:04	 1212	 71	124	160	 173.32	 -9	0 	0
2025-11-08 16:05:05	 1247	 -135	148	160	 125.86	 -2	0 	0
2025-11-08 16:05:06	 1291	 -144	151	160	 20.39	 2	0 	0
2025-11-08 16:05:07	 1326	 -51	186	160	 74.88	 0	0 	0
2025-11-08 16:05:09	 1384	 -94	218	160	 146.95	 -6	3 	0
2025-11-08 16:05:10	 1419	 -153	223	160	 229.57	 -1	0 	0
2025-11-08 16:05:14	 1570	 -158	119	160	 268.24	 -1	-8 	0
2025-11-08 16:05:15	 1605	 -160	35	160	 294.61	 -1	-1 	0
2025-11-08 16:05:17	 1655	 -86	48	160	 11.95	 2	0 	0
2025-11-08 16:05:18	 1690	 -55	55	160	 76.99	 0	0 	0
2025-11-08 16:05:24	 1899	 -53	31	160	 273.87	 0	-6 	0
2025-11-08 16:05:25	 1934	 -46	-70	184	 240.47	 0	-1 	0
2025-11-08 16:05:26	 1976	 -44	-66	184	 252.77	 0	0 	0
2025-11-08 16:05:28	 2056	 -43	-60	184	 254.53	 -1	0 	0
2025-11-08 16:05:32	 2206	 -70	8	160	 291.45	 -3	5 	0
2025-11-08 16:05:33	 2241	 -103	92	160	 14.06	 -1	0 	0
2025-11-08 16:05:35	 2315	 -145	167	160	 119.53	 -4	6 	0
2025-11-08 16:05:38	 2404	 -44	172	160	 338.91	 7	-3 	0
2025-11-08 16:05:39	 2439	 213	74	160	 358.24	 4	-2 	0
2025-11-08 16:05:40	 2474	 258	57	160	 28.12	 0	-1 	0
2025-11-08 16:05:42	 2534	 390	112	160	 22.85	 7	3 	0
2025-11-08 16:05:43	 2569	 537	159	160	 345.94	 5	-1 	0
2025-11-08 16:05:44	 2604	 723	116	160	 36.91	 1	-1 	0
2025-11-08 16:05:45	 2649	 737	115	160	 103.71	 -1	2 	0
2025-11-08 16:05:46	 2684	 702	223	160	 130.08	 -1	0 	3
2025-11-08 16:05:49	 2784	 758	214	160	 137.11	 1	-1 	0
2025-11-08 16:05:50	 2819	 699	223	160	 137.11	 -5	0 	3
2025-11-08 16:05:51	 2854	 601	223	96	 117.77	 -1	0 	3
2025-11-08 16:05:52	 2890	 598	268	96	 87.89	 0	6 	0
2025-11-08 16:05:53	 2941	 627	359	96	 36.91	 3	0 	0
2025-11-08 16:05:56	 3042	 620	279	96	 229.92	 -5	-6 	0
2025-11-08 16:05:57	 3077	 570	239	96	 294.96	 1	-5 	3
2025-11-08 16:05:58	 3112	 611	192	96	 294.96	 0	0 	3
2025-11-08 16:06:01	 3191	 598	218	160	 286.17	 -1	0 	3
2025-11-08 16:06:02	 3226	 616	97	160	 312.54	 0	-2 	0
2025-11-08 16:06:06	 3377	 619	81	160	 344.18	 1	-1 	0
2025-11-08 16:06:07	 3412	 832	21	160	 344.18	 7	-3 	0
2025-11-08 16:06:08	 3447	 943	-10	160	 84.38	 0	-1 	0
2025-11-08 16:06:10	 3532	 920	-47	160	 233.79	 -2	-2 	0
2025-11-08 16:06:15	 3707	 908	-65	160	 228.52	 0	0 	0
2025-11-08 16:06:16	 3742	 965	0	160	 228.52	 0	0 	4
2025-11-08 16:06:20	 3873	 1023	31	160	 24.61	 0	0 	4
2025-11-08 16:06:21	 3908	 990	28	160	 24.61	 -2	-1 	4
2025-11-08 16:06:22	 3943	 1023	53	160	 24.61	 0	0 	4
2025-11-08 16:06:23	 3978	 1009	49	160	 24.61	 -1	-1 	4
2025-11-08 16:06:26	 4080	 936	40	160	 7.03	 -7	-1 	0
2025-11-08 16:06:27	 4115	 839	28	160	 7.03	 -1	-1 	0
2025-11-08 16:06:28	 4154	 911	37	160	 7.03	 6	0 	0
2025-11-08 16:06:30	 4226	 1023	52	160	 354.73	 0	-1 	4
2025-11-08 16:06:33	 4345	 1008	48	160	 354.73	 -2	0 	4
2025-11-08 16:06:34	 4380	 1006	48	160	 354.73	 1	-1 	4
2025-11-08 16:06:36	 4421	 1022	46	160	 354.73	 -2	0 	4
2025-11-08 16:06:37	 4456	 999	49	160	 354.73	 -1	0 	4
2025-11-08 16:06:38	 4507	 888	59	160	 354.73	 1	-1 	0
2025-11-08 16:06:39	 4542	 1023	45	96	 354.73	 0	-1 	4
2025-11-08 16:06:42	 4635	 1012	45	160	 0.00	 -1	-1 	4
2025-11-08 16:06:43	 4670	 821	45	160	 0.00	 -4	-1 	0
2025-11-08 16:06:44	 4705	 900	45	160	 0.00	 7	0 	0
2025-11-08 16:06:45	 4740	 1013	45	96	 0.00	 4	0 	4
2025-11-08 16:06:46	 4775	 1085	57	96	 287.93	 0	0 	0
2025-11-08 16:06:49	 4872	 1104	62	96	 358.24	 1	-1 	0
2025-11-08 16:06:50	 4907	 1152	61	96	 358.24	 0	-1 	0
2025-11-08 16:06:51	 4942	 1217	59	96	 358.24	 1	-1 	0
2025-11-08 16:06:52	 4977	 1257	57	96	 356.48	 0	-1 	0
2025-11-08 16:06:53	 5030	 1274	21	96	 291.45	 0	-1 	0
2025-11-08 16:06:54	 5065	 1285	-6	96	 291.45	 1	-5 	0
2025-11-08 16:06:55	 5100	 1362	-164	96	 338.91	 4	-3 	0
2025-11-08 16:06:56	 5135	 1522	-276	96	 338.91	 4	-3 	0
2025-11-08 16:06:57	 5170	 1653	-316	96	 21.09	 4	1 	0
2025-11-08 16:06:58	 5205	 1811	-326	96	 345.94	 7	-2 	0
2025-11-08 16:07:02	 5344	 1829	-324	96	 171.91	 -1	0 	0
2025-11-08 16:07:03	 5379	 1661	-309	96	 175.43	 -8	0 	0
2025-11-08 16:07:04	 5414	 1556	-301	96	 119.18	 -1	0 	0
2025-11-08 16:07:05	 5449	 1476	-252	96	 147.30	 -1	-1 	8
2025-11-08 16:07:07	 5525	 1486	-242	96	 175.43	 0	0 	8
2025-11-08 16:07:08	 5568	 1436	-293	96	 214.10	 -3	-2 	8
2025-11-08 16:07:09	 5603	 1415	-313	96	 120.94	 -1	-1 	8
2025-11-08 16:07:11	 5661	 1437	-291	96	 66.45	 0	0 	8
2025-11-08 16:07:13	 5725	 1554	-312	96	 349.10	 6	-2 	0
2025-11-08 16:07:14	 5760	 1789	-357	96	 8.44	 2	-1 	0
2025-11-08 16:07:15	 5795	 1847	-335	96	 11.95	 0	0 	0
2025-11-08 16:07:20	 5966	 1815	-278	96	 120.94	 -4	5 	0
2025-11-08 16:07:21	 6008	 1800	-275	96	 129.73	 -1	-1 	0
2025-11-08 16:07:22	 6043	 1799	-291	96	 84.02	 -1	-1 	0
2025-11-08 16:07:24	 6112	 1801	-266	96	 84.02	 0	5 	0
2025-11-08 16:07:28	 6261	 1807	-145	96	 105.12	 -1	0 	0
2025-11-08 16:07:29	 6296	 1789	-137	96	 105.12	 -1	0 	0
2025-11-08 16:07:31	 6371	 1780	-210	96	 75.23	 -2	-7 	0
2025-11-08 16:07:33	 6442	 1799	-139	96	 75.23	 -1	-3 	0
2025-11-08 16:07:34	 6477	 1774	-291	96	 75.23	 -1	-7 	0
2025-11-08 16:07:35	 6512	 1742	-341	96	 101.60	 -2	5 	0
2025-11-08 16:07:37	 6581	 1721	-265	96	 101.60	 -1	0 	0
2025-11-08 16:07:39	 6646	 1696	-165	96	 71.72	 -1	-5 	0
2025-11-08 16:07:40	 6681	 1675	-368	96	 76.99	 -1	0 	0
2025-11-08 16:07:41	 6716	 1627	-296	96	 117.42	 -4	5 	0
2025-11-08 16:07:42	 6751	 1601	-273	96	 75.23	 0	0 	0
2025-11-08 16:07:43	 6786	 1642	-265	96	 76.99	 0	0 	0
2025-11-08 16:07:45	 6832	 1639	-265	96	 103.36	 -1	0 	0
2025-11-08 16:07:46	 6877	 1623	-252	96	 103.36	 -1	3 	0
2025-11-08 16:07:51	 7055	 1621	-167	96	 284.06	 1	-5 	0
2025-11-08 16:07:52	 7090	 1651	-284	96	 284.06	 0	-1 	0
2025-11-08 16:07:56	 7229	 1663	-332	96	 284.06	 1	-6 	0
2025-11-08 16:07:58	 7320	 1703	-364	96	 8.44	 5	0 	0
2025-11-08 16:07:59	 7355	 1960	-326	96	 8.44	 8	1 	9
2025-11-08 16:08:02	 7448	 2031	-309	96	 139.92	 -1	0 	9
2025-11-08 16:08:03	 7483	 1985	-273	96	 180.35	 -1	0 	9
2025-11-08 16:08:05	 7538	 1980	-415	96	 268.24	 -1	-8 	9
2025-11-08 16:08:08	 7638	 2031	-352	96	 59.06	 0	2 	9
2025-11-08 16:08:09	 7676	 2031	-336	96	 166.29	 -2	0 	9
2025-11-08 16:08:10	 7711	 1815	-290	96	 169.80	 -8	1 	0
2025-11-08 16:08:11	 7746	 1701	-269	96	 152.23	 -1	0 	0
2025-11-08 16:08:12	 7781	 1696	-255	96	 185.62	 0	0 	0
2025-11-08 16:08:13	 7816	 1672	-330	96	 238.36	 -4	-7 	0
2025-11-08 16:08:14	 7851	 1638	-368	96	 268.24	 -1	0 	0
2025-11-08 16:08:16	 7941	 1643	-260	96	 301.64	 1	-2 	0
2025-11-08 16:08:17	 7976	 1719	-376	96	 301.64	 1	0 	0
2025-11-08 16:08:19	 8051	 1737	-316	96	 284.06	 0	0 	0
2025-11-08 16:08:20	 8086	 1770	-368	96	 284.06	 1	0 	0
2025-11-08 16:08:23	 8177	 1782	-364	96	 280.55	 -1	2 	0
2025-11-08 16:08:24	 8212	 1743	-307	96	 243.63	 -3	-6 	0
2025-11-08 16:08:25	 8247	 1696	-418	96	 250.66	 -1	-4 	0
2025-11-08 16:08:26	 8282	 1710	-447	96	 250.66	 1	5 	0
2025-11-08 16:08:27	 8317	 1727	-363	96	 175.08	 0	0 	0
2025-11-08 16:08:31	 8444	 1654	-363	96	 190.55	 -5	-1 	0
2025-11-08 16:08:32	 8479	 1604	-365	96	 267.89	 -1	-1 	0
2025-11-08 16:08:33	 8517	 1645	-415	96	 292.50	 2	-6 	0
2025-11-08 16:08:36	 8621	 1647	-401	96	 86.84	 0	7 	0
2025-11-08 16:08:37	 8683	 1610	-291	96	 204.61	 -6	-3 	0
2025-11-08 16:08:38	 8718	 1531	-327	96	 280.20	 -1	-1 	0
2025-11-08 16:08:41	 8795	 1540	-387	96	 280.20	 0	-4 	0
2025-11-08 16:08:44	 8897	 1560	-475	96	 108.28	 -2	4 	0
2025-11-08 16:08:45	 8932	 1536	-358	96	 36.21	 0	0 	0
2025-11-08 16:08:46	 8967	 1639	-370	96	 350.51	 7	-2 	0
2025-11-08 16:08:47	 9002	 1647	-393	96	 41.48	 0	-1 	10
2025-11-08 16:08:48	 9037	 1698	-277	96	 8.09	 1	1 	0
2025-11-08 16:08:49	 9072	 1770	-291	96	 317.11	 1	-1 	0
2025-11-08 16:08:50	 9107	 1790	-300	96	 260.86	 0	-1 	0
2025-11-08 16:08:51	 9166	 1802	-497	96	 273.16	 0	-9 	0
2025-11-08 16:08:52	 9201	 1808	-604	96	 239.77	 0	-1 	0
2025-11-08 16:08:53	 9241	 1834	-644	96	 285.47	 1	-2 	0
2025-11-08 16:08:57	 9372	 1844	-641	96	 250.31	 0	0 	0
2025-11-08 16:08:59	 9445	 1823	-639	96	 195.82	 -4	-2 	0
2025-11-08 16:09:00	 9480	 1782	-649	96	 215.16	 -1	-1 	0
2025-11-08 16:09:02	 9531	 1787	-639	96	 229.22	 0	0 	0
2025-11-08 16:09:06	 9666	 1816	-688	96	 306.56	 0	0 	0
2025-11-08 16:09:07	 9735	 1910	-677	96	 311.84	 1	0 	0
2025-11-08 16:09:08	 9770	 1919	-662	96	 285.47	 0	0 	0
2025-11-08 16:09:14	 9978	 1754	-677	96	 185.27	 -8	-1 	0
2025-11-08 16:09:15	 10013	 1659	-677	96	 162.42	 -5	1 	0
2025-11-08 16:09:16	 10048	 1488	-614	96	 188.79	 0	0 	0
2025-11-08 16:09:18	 10100	 1488	-614	96	 188.79	 0	-1 	0
2025-11-08 16:09:20	 10190	 1550	-609	96	 8.09	 6	0 	0
2025-11-08 16:09:21	 10225	 1760	-597	96	 345.23	 6	-2 	0
2025-11-08 16:09:22	 10260	 2028	-663	87	 345.23	 7	-3 	0
2025-11-08 16:09:23	 10295	 2255	-688	80	 345.23	 6	-1 	0
2025-11-08 16:09:24	 10330	 2351	-705	80	 255.59	 0	-1 	0
2025-11-08 16:09:25	 10365	 2282	-881	80	 248.55	 -3	-8 	0
2025-11-08 16:09:26	 10400	 2236	-972	80	 172.97	 -4	0 	0
2025-11-08 16:09:28	 10446	 2117	-958	88	 171.21	 -5	0 	0
2025-11-08 16:09:29	 10481	 2064	-930	88	 100.90	 -2	4 	0
2025-11-08 16:09:30	 10516	 2032	-788	88	 162.42	 -3	1 	0
2025-11-08 16:09:31	 10551	 1855	-745	88	 164.18	 -5	0 	0
2025-11-08 16:09:32	 10586	 1799	-757	88	 238.01	 -3	-4 	0
2025-11-08 16:09:33	 10621	 1720	-848	88	 281.95	 -1	0 	0
2025-11-08 16:09:34	 10673	 1776	-830	88	 16.88	 6	1 	0
2025-11-08 16:09:35	 10708	 1917	-787	88	 11.60	 0	0 	0
2025-11-08 16:09:36	 10743	 2010	-830	88	 324.14	 3	-2 	0
2025-11-08 16:09:37	 10778	 2049	-842	88	 250.31	 0	-1 	0
When: 2025-11-08 16:09:47 Episode: 1 Map: 5
timestamp	 tic	 x	 y	 z	 angle	 momx	 momy
2025-11-08 16:09:55	 11306	 1885	-596	96	 157.50	 -1	0 	0
2025-11-08 16:09:58	 11432	 2023	-615	87	 350.86	 7	-2 	0
2025-11-08 16:09:59	 11467	 2308	-661	80	 350.86	 6	-2 	0
2025-11-08 16:10:00	 11502	 2378	-672	80	 266.48	 0	-1 	0
2025-11-08 16:10:02	 11566	 2382	-676	80	 113.55	 0	-1 	0
2025-11-08 16:10:04	 11628	 2364	-634	80	 113.55	 -3	5 	0
2025-11-08 16:10:05	 11663	 2273	-428	80	 104.77	 -1	2 	0
2025-11-08 16:10:06	 11698	 2264	-406	80	 341.72	 -1	0 	0
2025-11-08 16:10:07	 11754	 2342	-470	80	 350.51	 5	-2 	0
2025-11-08 16:10:08	 11789	 2415	-494	80	 288.98	 0	-1 	0
2025-11-08 16:10:10	 11863	 2256	-463	80	 176.48	 -1	0 	0
2025-11-08 16:10:12	 11913	 2256	-455	80	 280.20	 0	-2 	0
2025-11-08 16:10:13	 11948	 2294	-673	80	 280.20	 1	-8 	0
2025-11-08 16:10:14	 11983	 2338	-914	80	 243.28	 0	-3 	0
2025-11-08 16:10:15	 12018	 2341	-937	80	 252.07	 -1	0 	0
2025-11-08 16:10:19	 12156	 2407	-943	80	 354.02	 6	-1 	0
2025-11-08 16:10:20	 12191	 2627	-966	80	 357.54	 6	-1 	0
2025-11-08 16:10:21	 12226	 2692	-973	80	 97.73	 0	-1 	0
2025-11-08 16:10:22	 12268	 2686	-872	80	 97.73	 -1	7 	0
2025-11-08 16:10:23	 12303	 2654	-626	80	 101.25	 -1	2 	0
2025-11-08 16:10:24	 12338	 2650	-597	80	 219.02	 -1	0 	0
2025-11-08 16:10:27	 12428	 2543	-681	80	 178.59	 -3	-2 	0
2025-11-08 16:10:28	 12463	 2390	-686	80	 134.80	 -3	0 	0
2025-11-08 16:10:29	 12498	 2365	-685	80	 358.80	 -1	0 	0
When: 2025-11-08 16:11:18 Episode: 1 Map: 5
timestamp	 tic	 x	 y	 z	 angle	 momx	 momy
2025-11-08 16:11:21	 14280	 1737	-661	96	 180.00	 -8	-1 	0
2025-11-08 16:11:22	 14315	 1519	-662	96	 129.02	 -2	-1 	0
2025-11-08 16:11:23	 14369	 1503	-662	96	 337.85	 1	-1 	0
2025-11-08 16:11:24	 14404	 1664	-688	96	 337.85	 5	0 	0
2025-11-08 16:11:25	 14439	 1716	-688	96	 358.95	 0	0 	0
2025-11-08 16:11:26	 14474	 1896	-654	96	 11.25	 7	1 	0
2025-11-08 16:11:27	 14509	 2185	-596	80	 11.25	 8	1 	0
2025-11-08 16:11:28	 14544	 2310	-591	80	 315.00	 0	0 	0
2025-11-08 16:11:29	 14579	 2319	-598	80	 195.47	 0	-1 	0
2025-11-08 16:11:32	 14678	 2315	-530	80	 90.00	 -1	6 	0
2025-11-08 16:11:33	 14713	 2312	-460	80	 335.74	 0	-1 	0
2025-11-08 16:11:35	 14793	 2383	-496	80	 179.30	 -6	0 	0
2025-11-08 16:11:36	 14828	 2278	-495	80	 265.43	 -1	-1 	0
2025-11-08 16:11:37	 14863	 2258	-694	80	 284.77	 -1	-4 	0
2025-11-08 16:11:38	 14898	 2256	-734	80	 19.69	 1	0 	0
2025-11-08 16:11:39	 14933	 2365	-677	80	 19.69	 3	2 	0
2025-11-08 16:11:40	 14968	 2594	-593	80	 17.93	 4	0 	0
2025-11-08 16:11:41	 15003	 2637	-593	80	 284.77	 0	0 	0
2025-11-08 16:11:42	 15038	 2684	-768	80	 284.77	 2	-8 	0
2025-11-08 16:11:43	 15073	 2731	-945	80	 216.21	 0	-1 	0
2025-11-08 16:11:44	 15108	 2629	-944	80	 174.02	 -8	0 	0
2025-11-08 16:11:45	 15143	 2491	-930	80	 260.16	 -1	0 	0
2025-11-08 16:11:46	 15178	 2485	-939	80	 286.52	 -1	-1 	0
2025-11-08 16:11:48	 15221	 2482	-948	80	 5.62	 -1	-1 	0
When: 2025-11-08 21:19:37 Episode: 1 Map: 5
timestamp	 tic	 x	 y	 z	 angle	 momx	 momy
2025-11-08 21:19:40	 452	 1919	-661	96	 13.62	 -2	-1 	0
2025-11-08 21:19:41	 487	 1910	-673	96	 9.32	 -2	-1 	0
2025-11-08 21:19:45	 626	 1896	-678	96	 278.88	 -1	2 	0
2025-11-08 21:19:46	 661	 1892	-650	96	 278.88	 -1	0 	0
2025-11-08 21:19:50	 800	 1799	-537	96	 110.13	 -2	2 	0
2025-11-08 21:19:51	 835	 1807	-437	96	 71.46	 2	6 	0
2025-11-08 21:19:52	 870	 1810	-318	96	 78.49	 0	0 	0
2025-11-08 21:19:54	 965	 1791	-319	96	 208.56	 -2	-1 	0
2025-11-08 21:19:55	 1000	 1781	-334	96	 278.88	 0	-4 	0
2025-11-08 21:19:56	 1035	 1795	-481	96	 271.85	 0	-8 	0
2025-11-08 21:19:57	 1070	 1800	-640	96	 213.84	 0	-1 	0
2025-11-08 21:19:58	 1105	 1725	-641	96	 175.17	 -7	0 	0
2025-11-08 21:19:59	 1140	 1488	-619	96	 175.17	 0	0 	0
2025-11-08 21:20:02	 1240	 1540	-591	96	 13.45	 2	1 	0
2025-11-08 21:20:03	 1275	 1681	-577	96	 2.90	 2	0 	0
2025-11-08 21:20:04	 1310	 1728	-581	96	 347.08	 4	-2 	0
2025-11-08 21:20:05	 1345	 1975	-637	96	 347.08	 8	-2 	0
2025-11-08 21:20:06	 1380	 2186	-673	80	 2.90	 6	0 	0
2025-11-08 21:20:07	 1415	 2438	-662	80	 347.08	 3	0 	0
2025-11-08 21:20:08	 1450	 2473	-660	80	 224.03	 0	0 	0
2025-11-08 21:20:14	 1657	 2631	-658	80	 0.79	 7	0 	0
2025-11-08 21:20:17	 1772	 2735	-655	80	 98.88	 -1	2 	0
2025-11-08 21:20:18	 1807	 2700	-430	80	 98.88	 -2	8 	0
2025-11-08 21:20:19	 1842	 2648	-204	144	 121.73	 -2	0 	0
2025-11-08 21:20:21	 1900	 2632	-192	144	 162.16	 -3	0 	0
2025-11-08 21:20:22	 1935	 2464	-145	160	 135.79	 -2	0 	0
2025-11-08 21:20:39	 2528	 2448	-147	160	 221.92	 -3	-2 	0
2025-11-08 21:20:40	 2563	 2352	-234	160	 248.29	 -1	-1 	0
2025-11-08 21:20:41	 2609	 2332	-274	160	 248.29	 -3	-6 	0
2025-11-08 21:20:43	 2673	 2308	-299	184	 248.29	 -1	-1 	0
2025-11-08 21:20:44	 2708	 2289	-304	184	 248.29	 -2	-3 	0
2025-11-08 21:20:45	 2743	 2288	-304	184	 278.17	 0	-1 	0
2025-11-08 21:20:46	 2782	 2296	-304	184	 278.17	 0	-3 	0
2025-11-08 21:20:47	 2817	 2299	-304	184	 7.82	 0	-1 	0
2025-11-08 21:20:49	 2863	 2381	-246	160	 6.06	 0	0 	0
2025-11-08 21:20:50	 2919	 2391	-268	160	 278.17	 0	-6 	0
2025-11-08 21:20:51	 2954	 2399	-304	184	 262.35	 0	-1 	0
2025-11-08 21:20:53	 3026	 2348	-237	160	 135.79	 -2	2 	0
2025-11-08 21:20:54	 3061	 2302	-230	160	 209.62	 -5	-3 	0
2025-11-08 21:20:55	 3096	 2137	-290	184	 190.28	 -6	-1 	0
2025-11-08 21:20:56	 3136	 2127	-286	184	 100.63	 -1	3 	0
2025-11-08 21:20:57	 3171	 2101	-104	160	 100.63	 -1	4 	0
2025-11-08 21:20:58	 3206	 2085	-20	160	 25.05	 -1	0 	0
2025-11-08 21:21:00	 3252	 2124	-83	160	 300.67	 3	-6 	0
2025-11-08 21:21:01	 3287	 2181	-178	160	 12.74	 0	-1 	0
2025-11-08 21:21:02	 3322	 2317	-114	160	 26.81	 6	3 	0
2025-11-08 21:21:03	 3357	 2430	-19	160	 46.14	 4	4 	0
2025-11-08 21:21:04	 3392	 2479	78	176	 39.11	 0	0 	0
2025-11-08 21:21:05	 3427	 2479	110	184	 39.11	 0	4 	0
2025-11-08 21:21:06	 3462	 2479	111	184	 79.54	 0	0 	0
2025-11-08 21:21:08	 3526	 2478	111	184	 123.49	 -2	1 	0
2025-11-08 21:21:09	 3561	 2355	230	160	 123.49	 -4	5 	0
2025-11-08 21:21:10	 3596	 2256	283	160	 181.49	 -7	-1 	0
2025-11-08 21:21:11	 3631	 2144	285	160	 132.28	 -3	2 	0
2025-11-08 21:21:12	 3666	 2101	334	160	 105.91	 -1	1 	0
2025-11-08 21:21:13	 3706	 2087	346	168	 90.09	 -1	2 	0
2025-11-08 21:21:14	 3741	 2087	483	184	 144.58	 -1	0 	0
2025-11-08 21:21:15	 3776	 2091	494	184	 188.53	 0	0 	0
2025-11-08 21:21:22	 4044	 1993	407	184	 221.92	 -3	-3 	0
2025-11-08 21:21:23	 4079	 1965	384	184	 146.34	 -1	0 	0
2025-11-08 21:21:24	 4114	 1807	479	184	 134.03	 -2	0 	0
2025-11-08 21:21:25	 4149	 1786	479	184	 192.04	 -1	0 	0
2025-11-08 21:21:28	 4229	 1778	282	184	 267.63	 -1	-9 	0
2025-11-08 21:21:29	 4289	 1793	208	184	 355.52	 4	-1 	0
2025-11-08 21:21:30	 4324	 1823	208	184	 57.04	 0	0 	0
2025-11-08 21:21:32	 4395	 1813	233	184	 111.53	 -2	4 	0
2025-11-08 21:21:33	 4430	 1741	416	184	 71.10	 -1	1 	0
2025-11-08 21:21:34	 4465	 1772	442	184	 14.85	 5	1 	0
2025-11-08 21:21:35	 4500	 1936	479	184	 2.55	 0	0 	0
2025-11-08 21:21:36	 4535	 2094	486	184	 2.55	 7	0 	0
2025-11-08 21:21:38	 4580	 2125	472	184	 346.73	 4	-2 	0
2025-11-08 21:21:39	 4615	 2283	429	184	 9.58	 1	-1 	0
2025-11-08 21:21:40	 4650	 2362	495	184	 48.25	 2	0 	0
2025-11-08 21:21:41	 4685	 2407	484	184	 336.18	 4	-3 	0
2025-11-08 21:21:42	 4720	 2566	409	184	 316.85	 2	-2 	0
2025-11-08 21:21:43	 4755	 2590	398	184	 241.26	 0	-1 	0
2025-11-08 21:21:45	 4827	 2651	218	184	 288.72	 2	-8 	0
2025-11-08 21:21:46	 4862	 2676	99	176	 234.23	 0	-1 	0
2025-11-08 21:21:47	 4897	 2640	38	176	 214.89	 0	-2 	0
2025-11-08 21:21:48	 4932	 2643	25	176	 195.56	 0	0 	0
2025-11-08 21:21:51	 5058	 2693	28	176	 14.50	 2	0 	0
2025-11-08 21:21:52	 5093	 2721	29	176	 134.03	 0	0 	0
2025-11-08 21:21:53	 5128	 2610	145	176	 142.82	 -2	2 	0
2025-11-08 21:21:55	 5181	 2594	145	176	 253.56	 -1	-4 	0
2025-11-08 21:21:57	 5246	 2595	112	176	 348.49	 3	-1 	0
2025-11-08 21:21:58	 5281	 2759	95	176	 315.09	 2	-2 	0
2025-11-08 21:21:59	 5316	 2817	49	176	 281.69	 0	-1 	0
2025-11-08 21:22:01	 5390	 2830	-6	176	 281.69	 0	-2 	0
2025-11-08 21:22:06	 5563	 2833	-24	176	 276.42	 0	-4 	0
2025-11-08 21:22:07	 5598	 2850	-179	176	 276.42	 0	-2 	0
2025-11-08 21:22:08	 5652	 2855	-196	176	 302.78	 1	-3 	0
2025-11-08 21:22:09	 5687	 2916	-291	176	 9.58	 0	-1 	0
2025-11-08 21:22:11	 5742	 2895	-251	176	 118.56	 -3	5 	0
2025-11-08 21:22:12	 5777	 2832	-133	176	 162.51	 0	0 	0
2025-11-08 21:22:13	 5828	 2843	-205	176	 278.53	 1	-7 	0
2025-11-08 21:22:14	 5863	 2883	-472	176	 278.53	 0	-5 	0
2025-11-08 21:22:15	 5898	 2886	-537	184	 252.16	 -2	-5 	0
2025-11-08 21:22:19	 6021	 2840	-686	104	 60.56	 1	1 	0
2025-11-08 21:22:21	 6102	 2927	-569	104	 209.97	 -2	-1 	0
2025-11-08 21:22:22	 6137	 2803	-637	104	 173.06	 -4	-1 	0
2025-11-08 21:22:23	 6172	 2565	-616	80	 173.06	 -9	0 	0
2025-11-08 21:22:24	 6207	 2300	-590	80	 166.03	 -5	0 	0
2025-11-08 21:22:26	 6263	 2261	-583	80	 35.95	 2	1 	0
2025-11-08 21:22:27	 6298	 2356	-484	80	 35.95	 2	2 	0
2025-11-08 21:22:30	 6407	 2398	-468	80	 190.63	 -5	-1 	0
2025-11-08 21:22:31	 6442	 2319	-497	80	 266.22	 -1	-5 	0
2025-11-08 21:22:32	 6477	 2308	-618	80	 201.18	 -1	-1 	0
2025-11-08 21:22:33	 6512	 2176	-662	80	 181.85	 -7	-1 	0
2025-11-08 21:22:34	 6547	 1904	-674	96	 181.85	 -9	-1 	0
2025-11-08 21:22:35	 6582	 1730	-679	96	 166.03	 -3	0 	0
2025-11-08 21:22:36	 6617	 1502	-624	96	 167.78	 -7	1 	0
2025-11-08 21:22:42	 6844	 1474	-616	96	 185.36	 -3	-1 	0
2025-11-08 21:22:43	 6879	 1447	-618	96	 144.93	 -1	-1 	0
2025-11-08 21:22:45	 6942	 1300	-567	136	 180.09	 -4	1 	0
2025-11-08 21:22:46	 6977	 1142	-579	184	 190.63	 -3	-1 	0
2025-11-08 21:22:47	 7012	 1013	-603	184	 213.49	 -2	-1 	0
2025-11-08 21:22:48	 7047	 935	-652	184	 217.00	 -6	-5 	0
2025-11-08 21:22:49	 7082	 896	-693	184	 327.74	 0	-1 	0
2025-11-08 21:22:52	 7189	 898	-572	184	 118.92	 0	1 	0
2025-11-08 21:22:53	 7224	 898	-553	184	 178.68	 0	0 	0
2025-11-08 21:22:57	 7352	 721	-538	184	 187.47	 -3	0 	0
2025-11-08 21:22:58	 7387	 691	-535	184	 180.44	 -1	0 	0
2025-11-08 21:22:59	 7422	 485	-537	184	 180.44	 -9	-1 	0
2025-11-08 21:23:00	 7457	 231	-539	184	 180.44	 -4	-1 	0
2025-11-08 21:23:01	 7492	 10	-541	184	 180.44	 -9	-1 	0
2025-11-08 21:23:02	 7527	 -121	-542	184	 97.82	 -1	-1 	0
2025-11-08 21:23:03	 7562	 -126	-492	184	 90.79	 -1	6 	0
2025-11-08 21:23:04	 7597	 -129	-319	184	 117.16	 -1	0 	0
2025-11-08 21:23:05	 7632	 -145	-280	184	 85.52	 -1	0 	0
2025-11-08 21:23:06	 7667	 -124	-228	208	 60.91	 1	1 	0
2025-11-08 21:23:07	 7702	 -113	-207	208	 310.17	 0	0 	0
2025-11-08 21:23:08	 7739	 -110	-248	203	 280.28	 -1	-6 	0
2025-11-08 21:23:09	 7774	 -80	-505	184	 280.28	 1	-8 	0
2025-11-08 21:23:10	 7809	 -59	-624	184	 348.84	 0	-1 	0
2025-11-08 21:23:11	 7844	 106	-658	184	 355.87	 6	-1 	0
2025-11-08 21:23:12	 7879	 375	-679	184	 355.87	 8	-1 	0
2025-11-08 21:23:13	 7914	 605	-688	184	 355.87	 7	-1 	0
2025-11-08 21:23:14	 7949	 766	-688	184	 355.87	 -3	0 	0
2025-11-08 21:23:15	 7984	 536	-671	184	 355.87	 -9	0 	0
2025-11-08 21:23:16	 8019	 297	-654	184	 325.99	 -3	0 	0
2025-11-08 21:23:17	 8054	 362	-698	184	 313.68	 2	-2 	0
2025-11-08 21:23:18	 8089	 385	-707	184	 282.04	 0	-3 	0
2025-11-08 21:23:19	 8124	 422	-816	184	 217.00	 0	-1 	25
2025-11-08 21:23:20	 8159	 427	-841	184	 137.90	 -1	-1 	25
2025-11-08 21:23:22	 8248	 425	-838	184	 28.92	 -1	0 	25
2025-11-08 21:23:24	 8298	 424	-829	184	 148.45	 -1	0 	25
2025-11-08 21:23:25	 8353	 424	-820	184	 267.98	 -1	0 	25
2025-11-08 21:23:28	 8455	 300	-767	184	 185.36	 -1	0 	25
2025-11-08 21:23:32	 8578	 333	-832	184	 297.86	 2	-6 	25
2025-11-08 21:23:33	 8613	 378	-918	184	 313.68	 0	-1 	25
2025-11-08 21:23:34	 8655	 432	-944	184	 333.02	 0	0 	25
2025-11-08 21:23:36	 8724	 409	-944	184	 227.55	 -3	0 	25
2025-11-08 21:23:37	 8759	 343	-944	184	 180.09	 -1	0 	25
2025-11-08 21:23:38	 8795	 323	-890	184	 106.26	 -2	5 	25
2025-11-08 21:23:39	 8830	 275	-829	184	 171.30	 -6	1 	25
2025-11-08 21:23:40	 8865	 22	-789	184	 174.81	 -7	1 	25
2025-11-08 21:23:41	 8900	 -43	-782	184	 250.40	 -1	-1 	25
2025-11-08 21:23:42	 8946	 -45	-924	184	 269.74	 -1	-8 	25
2025-11-08 21:23:43	 8981	 -45	-1020	184	 352.35	 -1	-1 	25
2025-11-08 21:23:44	 9016	 -23	-1027	184	 345.32	 0	-1 	25
2025-11-08 21:23:46	 9068	 27	-1035	184	 350.60	 0	-1 	25
2025-11-08 21:23:49	 9186	 16	-1024	184	 327.74	 -5	2 	25
2025-11-08 21:23:50	 9221	 -48	-942	184	 327.74	 0	0 	25
2025-11-08 21:23:53	 9324	 -48	-977	184	 264.46	 -1	-6 	25
2025-11-08 21:23:54	 9359	 -48	-1111	184	 264.46	 -1	-6 	25
2025-11-08 21:23:55	 9394	 -48	-1259	184	 294.35	 -1	-1 	25
2025-11-08 21:23:57	 9447	 -38	-1267	184	 348.84	 4	-1 	0
2025-11-08 21:23:58	 9482	 -37	-1275	184	 348.84	 5	-2 	0
2025-11-08 21:23:59	 9517	 -37	-1276	184	 357.63	 0	-1 	0
2025-11-08 21:24:00	 9552	 -37	-1276	184	 8.31	 2	-1 	0
2025-11-08 21:24:01	 9587	 -37	-1276	184	 8.31	 2	-1 	0
2025-11-08 21:24:02	 9622	 -37	-1276	184	 8.31	 2	-1 	0
2025-11-08 21:24:03	 9657	 -37	-1276	184	 8.31	 2	-1 	0
2025-11-08 21:24:04	 9692	 -37	-1276	184	 8.31	 2	-1 	0
2025-11-08 21:24:05	 9727	 -37	-1276	184	 8.31	 2	-1 	0
2025-11-08 21:24:06	 9762	 -37	-1276	184	 8.31	 2	-1 	0
2025-11-08 21:24:07	 9797	 -37	-1276	184	 8.31	 2	-1 	0
2025-11-08 21:24:08	 9832	 -37	-1276	184	 8.31	 2	-1 	0
2025-11-08 21:24:09	 9867	 -37	-1276	184	 8.31	 2	-1 	0
2025-11-08 21:24:10	 9902	 -37	-1276	184	 8.31	 2	-1 	0
2025-11-08 21:24:12	 9956	 352	413	160	 270.00	 0	-5 	0
2025-11-08 21:24:13	 9991	 352	234	176	 270.00	 0	-5 	0
2025-11-08 21:24:14	 10026	 352	120	160	 208.48	 0	-1 	0
2025-11-08 21:24:15	 10061	 241	83	160	 175.08	 -3	-1 	0
2025-11-08 21:24:16	 10096	 215	76	160	 162.77	 -1	-1 	0
2025-11-08 21:24:17	 10131	 33	132	160	 162.77	 -8	2 	0
2025-11-08 21:24:18	 10166	 -91	170	160	 248.91	 -1	0 	0
2025-11-08 21:24:21	 10270	 -116	127	160	 245.39	 -2	-5 	0
2025-11-08 21:24:22	 10305	 -143	37	160	 261.21	 -1	-3 	0
2025-11-08 21:24:23	 10340	 -153	-23	160	 329.77	 -1	-1 	0
2025-11-08 21:24:24	 10375	 -52	-48	160	 347.34	 3	-1 	0
2025-11-08 21:24:25	 10410	 -17	-73	184	 349.10	 0	-1 	0
2025-11-08 21:24:29	 10530	 -15	-25	170	 252.42	 0	4 	0
2025-11-08 21:24:30	 10565	 -8	47	160	 338.55	 0	0 	0
2025-11-08 21:24:31	 10613	 89	36	160	 352.62	 7	-1 	0
2025-11-08 21:24:32	 10648	 368	0	160	 352.62	 8	-2 	0
2025-11-08 21:24:33	 10683	 538	-22	160	 352.62	 0	-1 	0
2025-11-08 21:24:34	 10728	 553	-22	160	 261.21	 0	0 	0
2025-11-08 21:24:36	 10801	 562	-21	160	 162.77	 0	-1 	0
2025-11-08 21:24:38	 10856	 575	-20	160	 178.59	 0	0 	0
2025-11-08 21:24:39	 10904	 444	-17	160	 178.59	 -4	0 	1
2025-11-08 21:24:40	 10939	 343	-15	160	 178.59	 -4	0 	1
2025-11-08 21:24:41	 10974	 310	-14	160	 233.09	 -1	0 	1
2025-11-08 21:24:43	 11016	 303	-57	96	 262.97	 -1	-1 	1
2025-11-08 21:24:44	 11074	 305	-88	96	 285.82	 0	-2 	0
2025-11-08 21:24:45	 11109	 339	-179	96	 292.85	 2	-7 	0
2025-11-08 21:24:46	 11144	 415	-358	96	 336.80	 0	-2 	0
2025-11-08 21:24:47	 11179	 440	-364	96	 356.13	 0	0 	0
2025-11-08 21:24:48	 11214	 437	-363	96	 356.13	 -1	0 	0
2025-11-08 21:24:50	 11278	 439	-361	96	 170.16	 0	0 	0
2025-11-08 21:24:52	 11334	 453	-362	96	 166.64	 0	-1 	0
2025-11-08 21:24:53	 11380	 465	-357	96	 182.46	 0	0 	0
2025-11-08 21:24:54	 11419	 472	-350	96	 229.92	 0	0 	0
2025-11-08 21:24:55	 11464	 462	-352	96	 182.46	 -1	-1 	0
2025-11-08 21:24:56	 11499	 250	-363	96	 182.46	 -9	-1 	0
2025-11-08 21:24:57	 11534	 45	-372	96	 120.94	 -2	-1 	0
2025-11-08 21:24:58	 11575	 36	-372	96	 4.92	 2	0 	0
2025-11-08 21:24:59	 11610	 264	-353	96	 4.92	 7	0 	0
2025-11-08 21:25:00	 11645	 511	-332	96	 11.95	 2	0 	0
2025-11-08 21:25:01	 11680	 616	-240	96	 48.87	 5	5 	0
2025-11-08 21:25:02	 11715	 743	-105	96	 347.34	 0	0 	0
2025-11-08 21:25:03	 11750	 781	-168	96	 294.61	 2	-1 	0
2025-11-08 21:25:06	 11837	 644	-160	96	 196.17	 -4	0 	0
2025-11-08 21:25:07	 11872	 518	-286	96	 238.36	 -5	-7 	0
2025-11-08 21:25:08	 11907	 449	-395	96	 164.53	 -1	-1 	0
2025-11-08 21:25:09	 11942	 369	-334	96	 127.62	 -3	1 	0
2025-11-08 21:25:10	 11977	 343	-300	96	 99.49	 -1	4 	0
2025-11-08 21:25:11	 12012	 337	-240	96	 52.03	 2	1 	0
2025-11-08 21:25:12	 12047	 402	-105	96	 52.03	 1	2 	0
2025-11-08 21:25:13	 12082	 431	-46	96	 52.03	 0	3 	1
2025-11-08 21:25:19	 12288	 574	-23	160	 357.54	 7	-1 	0
2025-11-08 21:25:20	 12323	 701	-28	160	 83.67	 0	-1 	0
2025-11-08 21:25:21	 12358	 704	-22	160	 157.50	 -1	0 	0
2025-11-08 21:25:25	 12488	 700	-13	160	 293.06	 -1	0 	0
When: 2025-11-08 21:26:43 Episode: 1 Map: 5
timestamp	 tic	 x	 y	 z	 angle	 momx	 momy
2025-11-08 21:26:49	 15411	 1628	-677	96	 336.18	 6	-4 	0
2025-11-08 21:26:50	 15446	 1693	-688	96	 37.71	 0	0 	0
2025-11-08 21:26:57	 15673	 1811	-662	96	 12.74	 7	1 	0
2025-11-08 21:26:58	 15708	 1953	-639	96	 332.31	 4	-2 	0
2025-11-08 21:26:59	 15743	 1996	-658	96	 332.31	 0	-1 	0
2025-11-08 21:27:00	 15778	 2126	-688	80	 332.31	 5	-1 	0
2025-11-08 21:27:01	 15813	 2285	-688	80	 291.88	 1	0 	0
2025-11-08 21:27:02	 15848	 2299	-793	80	 270.79	 0	-8 	0
2025-11-08 21:27:03	 15883	 2301	-940	80	 198.72	 0	-1 	0
2025-11-08 21:27:04	 15918	 2192	-959	80	 186.42	 0	-1 	0
2025-11-08 21:27:06	 15985	 2091	-909	88	 140.71	 -4	1 	0
2025-11-08 21:27:07	 16020	 1957	-786	88	 145.99	 -3	2 	0
2025-11-08 21:27:08	 16055	 1876	-745	88	 158.29	 -2	0 	0
2025-11-08 21:27:09	 16090	 1844	-762	88	 228.60	 -4	-4 	0
2025-11-08 21:27:10	 16125	 1764	-848	88	 228.60	 -1	0 	0
2025-11-08 21:27:13	 16235	 1911	-821	88	 10.63	 7	1 	0
2025-11-08 21:27:14	 16270	 2016	-791	88	 270.44	 0	0 	0
2025-11-08 21:27:16	 16342	 2010	-866	88	 263.41	 -1	-7 	0
2025-11-08 21:27:17	 16398	 2027	-988	88	 316.14	 4	-5 	0
2025-11-08 21:27:18	 16433	 2173	-1128	88	 3.60	 1	-2 	0
2025-11-08 21:27:19	 16468	 2294	-1112	88	 14.15	 7	1 	0
2025-11-08 21:27:20	 16503	 2423	-1080	88	 330.21	 0	0 	0
2025-11-08 21:27:22	 16571	 2390	-1065	88	 150.91	 -4	0 	0
2025-11-08 21:27:23	 16606	 2217	-1065	88	 150.91	 -6	0 	0
2025-11-08 21:27:24	 16641	 2095	-1065	88	 92.90	 -1	0 	0
2025-11-08 21:27:25	 16676	 2089	-1000	88	 41.92	 -1	1 	0
2025-11-08 21:27:26	 16714	 2099	-992	88	 350.95	 3	-1 	0
2025-11-08 21:27:29	 16796	 2201	-1008	80	 357.98	 1	-1 	0
2025-11-08 21:27:30	 16853	 2289	-1004	80	 3.25	 7	0 	0
2025-11-08 21:27:31	 16888	 2425	-996	80	 64.78	 0	0 	0
2025-11-08 21:27:32	 16923	 2474	-911	80	 64.78	 1	1 	0
2025-11-08 21:27:34	 16973	 2519	-834	88	 129.81	 5	-7 	0
2025-11-08 21:27:35	 17008	 2565	-864	88	 164.97	 0	0 	0
2025-11-08 21:27:36	 17059	 2434	-829	88	 159.70	 -4	0 	0
2025-11-08 21:27:38	 17113	 2432	-807	88	 29.62	 4	2 	0
2025-11-08 21:27:39	 17148	 2513	-760	88	 307.00	 0	0 	0
2025-11-08 21:27:40	 17183	 2546	-818	88	 248.99	 0	-1 	0
2025-11-08 21:27:41	 17218	 2473	-922	80	 233.17	 -3	-4 	0
2025-11-08 21:27:42	 17253	 2413	-974	80	 198.02	 -3	-2 	0
2025-11-08 21:27:43	 17288	 2304	-1008	80	 132.98	 -1	0 	0
2025-11-08 21:27:44	 17323	 2275	-961	80	 92.55	 -1	1 	0
2025-11-08 21:27:45	 17358	 2271	-807	80	 89.03	 0	7 	0
2025-11-08 21:27:46	 17393	 2274	-633	80	 154.07	 0	0 	0
2025-11-08 21:27:47	 17437	 2256	-623	80	 175.17	 -5	0 	0
2025-11-08 21:27:48	 17472	 2004	-602	80	 175.17	 -9	0 	0
2025-11-08 21:27:49	 17507	 1785	-589	96	 175.17	 -6	0 	0
2025-11-08 21:27:50	 17542	 1731	-585	96	 85.52	 -1	0 	0
2025-11-08 21:27:51	 17587	 1811	-540	96	 52.12	 0	-1 	0
2025-11-08 21:27:54	 17697	 1731	-586	96	 187.47	 -4	-3 	0
2025-11-08 21:27:55	 17732	 1570	-624	96	 178.68	 -6	-1 	0
2025-11-08 21:27:58	 17824	 1411	-622	96	 178.68	 -7	0 	0
2025-11-08 21:27:59	 17859	 1145	-616	184	 178.68	 -5	0 	0
2025-11-08 21:28:00	 17894	 1003	-613	184	 201.53	 -3	0 	0
2025-11-08 21:28:01	 17929	 943	-644	184	 233.17	 -2	-2 	0
2025-11-08 21:28:04	 18030	 930	-654	184	 71.81	 0	2 	0
2025-11-08 21:28:05	 18065	 983	-491	192	 84.11	 0	0 	0
2025-11-08 21:28:06	 18101	 974	-400	165	 103.45	 -1	4 	0
2025-11-08 21:28:07	 18136	 973	-346	160	 159.70	 -1	0 	0
2025-11-08 21:28:08	 18171	 882	-281	160	 143.88	 -5	3 	0
2025-11-08 21:28:09	 18206	 764	-241	160	 184.31	 -7	-1 	0
2025-11-08 21:28:10	 18241	 696	-242	184	 277.47	 -1	0 	0
2025-11-08 21:28:12	 18325	 746	-249	175	 351.30	 5	-1 	0
2025-11-08 21:28:13	 18360	 922	-276	160	 351.30	 7	-2 	0
2025-11-08 21:28:14	 18395	 1085	-313	160	 326.69	 1	-1 	0
2025-11-08 21:28:16	 18465	 1103	-320	160	 251.10	 -1	-1 	0
2025-11-08 21:28:17	 18500	 1068	-416	160	 221.22	 -1	0 	0
2025-11-08 21:28:19	 18548	 1009	-356	160	 133.33	 -5	5 	0
2025-11-08 21:28:20	 18583	 882	-225	160	 133.33	 -1	0 	0
2025-11-08 21:28:30	 18950	 757	-266	160	 198.37	 -4	-2 	0
2025-11-08 21:28:31	 18985	 675	-293	184	 198.37	 -1	-1 	0
2025-11-08 21:28:32	 19022	 672	-278	184	 80.60	 -1	0 	0
2025-11-08 21:28:33	 19057	 679	-260	184	 8.53	 3	0 	0
2025-11-08 21:28:34	 19092	 911	-225	160	 8.53	 7	0 	0
2025-11-08 21:28:35	 19127	 978	-225	160	 275.36	 0	0 	0
2025-11-08 21:28:36	 19162	 949	-337	160	 261.30	 -2	-4 	0
2025-11-08 21:28:37	 19197	 973	-432	160	 294.70	 2	-1 	0
2025-11-08 21:28:39	 19257	 962	-432	160	 219.11	 -3	-1 	0
2025-11-08 21:28:40	 19292	 904	-432	160	 143.53	 -1	0 	0
2025-11-08 21:28:41	 19334	 894	-328	160	 94.31	 -1	7 	0
2025-11-08 21:28:42	 19369	 887	-236	160	 162.86	 -1	0 	0
2025-11-08 21:28:43	 19404	 793	-225	160	 136.49	 -2	0 	0
2025-11-08 21:28:46	 19515	 779	-218	184	 106.61	 -1	3 	0
2025-11-08 21:28:47	 19550	 740	-105	96	 106.61	 -1	0 	0
2025-11-08 21:28:50	 19640	 782	-107	96	 196.26	 -4	-2 	0
2025-11-08 21:28:51	 19675	 639	-152	96	 240.21	 -3	-3 	0
2025-11-08 21:28:52	 19710	 548	-297	96	 189.23	 -1	-2 	0
2025-11-08 21:28:53	 19745	 402	-333	96	 159.35	 -3	-1 	0
2025-11-08 21:28:54	 19780	 377	-337	96	 106.61	 -1	-1 	0
2025-11-08 21:28:55	 19821	 354	-241	96	 103.10	 -1	0 	0
2025-11-08 21:28:56	 19856	 357	-205	96	 80.24	 0	5 	0
2025-11-08 21:28:57	 19891	 381	-81	96	 141.77	 0	0 	0
2025-11-08 21:29:00	 19997	 330	-17	160	 125.95	 -1	0 	1
2025-11-08 21:29:02	 20047	 342	79	160	 59.15	 0	2 	0
2025-11-08 21:29:03	 20082	 346	106	160	 347.08	 0	0 	0
2025-11-08 21:29:06	 20188	 164	101	160	 181.85	 -8	-1 	0
2025-11-08 21:29:07	 20223	 34	96	160	 218.76	 -1	-1 	0
2025-11-08 21:29:08	 20264	 10	51	160	 246.88	 -2	-5 	0
2025-11-08 21:29:09	 20299	 -9	6	160	 283.80	 -1	-1 	0
2025-11-08 21:29:10	 20350	 125	8	160	 1.14	 7	0 	0
2025-11-08 21:29:11	 20385	 402	13	160	 1.14	 8	0 	0
2025-11-08 21:29:12	 20420	 684	19	160	 1.14	 6	0 	0
2025-11-08 21:29:13	 20455	 946	24	160	 345.32	 4	0 	0
2025-11-08 21:29:14	 20490	 1003	25	96	 232.82	 0	0 	4
2025-11-08 21:29:18	 20614	 991	36	160	 109.78	 -1	0 	4
2025-11-08 21:29:19	 20649	 996	158	160	 85.17	 0	7 	0
2025-11-08 21:29:20	 20684	 1005	276	160	 134.38	 0	0 	0
2025-11-08 21:29:21	 20734	 992	303	160	 164.27	 -4	0 	0
2025-11-08 21:29:22	 20769	 916	319	160	 85.17	 0	3 	0
2025-11-08 21:29:25	 20869	 926	329	160	 283.45	 1	-5 	7
2025-11-08 21:29:26	 20904	 985	84	160	 283.45	 1	-6 	4
2025-11-08 21:29:27	 20939	 1010	-16	96	 346.73	 0	0 	4
2025-11-08 21:29:28	 20980	 1209	11	96	 0.79	 5	0 	0
2025-11-08 21:29:29	 21015	 1406	7	96	 355.52	 7	-1 	0
2025-11-08 21:29:30	 21050	 1693	-14	96	 355.52	 8	-1 	0
2025-11-08 21:29:35	 21200	 1839	-28	160	 21.88	 0	0 	18
2025-11-08 21:29:36	 21235	 1985	30	160	 6.06	 1	0 	0
2025-11-08 21:29:37	 21275	 2001	36	160	 295.75	 0	-2 	0
2025-11-08 21:29:38	 21310	 2076	-118	160	 286.96	 0	-2 	0
2025-11-08 21:29:40	 21392	 2084	-135	160	 95.36	 -1	0 	0
2025-11-08 21:29:41	 21427	 2064	75	160	 95.36	 -1	5 	0
2025-11-08 21:29:42	 21462	 2062	154	160	 79.54	 0	4 	0
2025-11-08 21:29:43	 21497	 2103	343	168	 79.54	 0	0 	0
2025-11-08 21:29:44	 21532	 2111	362	168	 102.39	 0	0 	5
2025-11-08 21:29:45	 21567	 2084	492	184	 146.34	 -1	1 	0
2025-11-08 21:29:49	 21720	 2055	488	184	 186.77	 -5	-1 	0
2025-11-08 21:29:50	 21755	 1837	462	184	 186.77	 -8	-1 	0
2025-11-08 21:29:52	 21794	 1712	434	184	 269.38	 -1	-4 	0
2025-11-08 21:29:53	 21829	 1711	278	184	 211.38	 -1	-2 	0
2025-11-08 21:29:54	 21885	 1715	277	184	 65.48	 1	3 	0
2025-11-08 21:29:55	 21920	 1802	464	184	 21.53	 1	2 	0
2025-11-08 21:29:56	 21955	 1959	474	184	 356.92	 7	-1 	0
2025-11-08 21:29:57	 21990	 2111	466	184	 277.82	 0	-1 	0
2025-11-08 21:29:58	 22025	 2080	388	179	 254.97	 0	-2 	0
2025-11-08 21:29:59	 22073	 2087	384	168	 276.06	 0	-1 	0
2025-11-08 21:30:00	 22108	 2109	176	160	 276.06	 0	-6 	0
2025-11-08 21:30:01	 22143	 2115	121	160	 179.38	 0	-1 	0
2025-11-08 21:30:02	 22178	 1909	121	160	 179.38	 -9	0 	0
2025-11-08 21:30:04	 22236	 1797	1	160	 214.54	 -3	-4 	18
2025-11-08 21:30:05	 22271	 1757	-36	96	 174.11	 -4	0 	0
2025-11-08 21:30:06	 22306	 1609	-24	96	 174.11	 -1	0 	0
2025-11-08 21:30:07	 22341	 1426	-6	96	 174.11	 -8	0 	0
2025-11-08 21:30:08	 22376	 1140	24	96	 174.11	 -8	0 	0
2025-11-08 21:30:09	 22411	 1024	36	96	 174.11	 -6	0 	4
2025-11-08 21:30:12	 22517	 997	39	160	 174.11	 0	-1 	4
2025-11-08 21:30:13	 22552	 863	53	160	 174.11	 -3	0 	0
2025-11-08 21:30:14	 22587	 836	56	160	 211.03	 -1	0 	0
2025-11-08 21:30:16	 22648	 881	-83	160	 272.55	 0	-3 	0
2025-11-08 21:30:17	 22683	 890	-110	160	 256.73	 0	-1 	0
2025-11-08 21:30:20	 22788	 831	32	160	 109.07	 -2	2 	0
2025-11-08 21:30:21	 22823	 820	58	160	 144.23	 -1	0 	0
2025-11-08 21:30:22	 22866	 750	95	160	 188.17	 -3	-1 	0
2025-11-08 21:30:23	 22901	 520	66	160	 188.17	 -9	-2 	0
2025-11-08 21:30:24	 22936	 260	29	160	 188.17	 -4	-1 	0
2025-11-08 21:30:25	 22971	 228	24	160	 228.60	 -1	-1 	0
2025-11-08 21:30:27	 23021	 139	33	160	 214.54	 -1	0 	0
2025-11-08 21:30:30	 23131	 115	33	160	 182.90	 -5	-1 	0
2025-11-08 21:30:31	 23166	 -43	25	160	 233.88	 -2	-1 	0
2025-11-08 21:30:33	 23234	 -43	26	160	 5.71	 3	0 	0
2025-11-08 21:30:34	 23269	 200	50	160	 5.71	 8	0 	0
2025-11-08 21:30:35	 23304	 339	64	160	 309.46	 0	0 	0
2025-11-08 21:30:36	 23353	 383	44	160	 332.31	 5	-3 	0
2025-11-08 21:30:37	 23388	 501	-18	160	 332.31	 1	-1 	0
2025-11-08 21:30:38	 23423	 560	-40	160	 355.17	 4	-1 	0
2025-11-08 21:30:39	 23458	 751	-50	184	 355.17	 0	-1 	0
2025-11-08 21:30:40	 23498	 751	-75	184	 335.83	 0	-1 	0
2025-11-08 21:30:43	 23599	 752	-122	179	 274.31	 0	-7 	0
2025-11-08 21:30:44	 23634	 769	-168	96	 265.52	 0	0 	0
2025-11-08 21:30:45	 23681	 735	-148	96	 153.02	 -6	2 	0
2025-11-08 21:30:46	 23716	 627	-105	96	 232.12	 -1	0 	0
2025-11-08 21:30:47	 23751	 590	-219	96	 253.21	 -3	-8 	0
2025-11-08 21:30:48	 23786	 542	-376	96	 188.17	 -1	-1 	0
2025-11-08 21:30:49	 23821	 398	-369	96	 174.11	 -8	0 	0
2025-11-08 21:30:50	 23856	 170	-346	96	 133.68	 -2	0 	0
2025-11-08 21:30:51	 23891	 90	-220	96	 123.13	 -3	4 	0
2025-11-08 21:30:52	 23926	 -16	-180	96	 184.66	 -8	-1 	0
2025-11-08 21:30:53	 23961	 -117	-170	96	 221.57	 -1	0 	0
2025-11-08 21:30:55	 24009	 -96	-170	96	 358.68	 5	-1 	0
2025-11-08 21:30:56	 24044	 56	-194	96	 314.74	 4	-4 	0
2025-11-08 21:30:57	 24079	 245	-378	96	 314.74	 5	-6 	0
2025-11-08 21:30:58	 24114	 372	-448	96	 288.37	 0	0 	0
2025-11-08 21:30:59	 24171	 372	-470	96	 249.70	 -2	-5 	8
2025-11-08 21:31:03	 24289	 342	-543	184	 249.70	 -3	-6 	0
2025-11-08 21:31:04	 24324	 320	-604	184	 142.47	 -1	-1 	0
2025-11-08 21:31:07	 24433	 366	-535	184	 56.34	 1	1 	0
2025-11-08 21:31:08	 24468	 375	-513	184	 309.11	 0	0 	0
2025-11-08 21:31:09	 24516	 398	-684	184	 277.47	 1	-8 	0
2025-11-08 21:31:12	 24595	 403	-692	184	 263.41	 -1	0 	0
2025-11-08 21:31:13	 24630	 399	-681	184	 268.68	 -1	0 	0
2025-11-08 21:31:14	 24695	 400	-668	184	 254.62	 0	0 	0
When: 2025-11-08 21:31:22 Episode: 1 Map: 5
timestamp	 tic	 x	 y	 z	 angle	 momx	 momy
2025-11-08 21:31:23	 24968	 882	-225	160	 135.09	 -1	0 	0
2025-11-08 21:31:27	 25113	 924	-267	160	 314.38	 2	-3 	0
2025-11-08 21:31:28	 25148	 1041	-387	160	 347.78	 0	-1 	0
2025-11-08 21:31:29	 25183	 1095	-358	160	 49.31	 2	1 	0
2025-11-08 21:31:30	 25218	 1113	-295	160	 98.53	 -1	6 	0
2025-11-08 21:31:32	 25274	 997	-271	160	 191.69	 -8	-2 	0
2025-11-08 21:31:33	 25309	 862	-299	160	 147.74	 -1	-1 	0
2025-11-08 21:31:34	 25344	 848	-287	160	 142.47	 0	0 	0
2025-11-08 21:31:35	 25387	 805	-230	160	 128.41	 -4	4 	0
2025-11-08 21:31:36	 25422	 782	-225	160	 77.43	 -1	0 	0
2025-11-08 21:31:39	 25519	 733	-112	96	 226.85	 -3	-3 	0
2025-11-08 21:31:40	 25554	 567	-290	96	 223.33	 -5	-5 	0
2025-11-08 21:31:41	 25589	 404	-400	96	 211.03	 -5	-3 	0
2025-11-08 21:31:42	 25624	 357	-426	96	 124.89	 -1	0 	0
2025-11-08 21:31:43	 25659	 301	-349	96	 128.41	 -1	0 	0
2025-11-08 21:31:45	 25718	 299	-330	96	 73.92	 0	0 	0
2025-11-08 21:31:46	 25753	 291	-349	96	 73.92	 -1	-1 	0
2025-11-08 21:31:47	 25788	 301	-315	96	 73.92	 1	5 	0
2025-11-08 21:31:48	 25823	 361	-172	96	 73.92	 2	6 	0
2025-11-08 21:31:49	 25858	 392	-81	96	 167.08	 0	0 	0
2025-11-08 21:31:52	 25983	 393	-79	96	 253.21	 -1	-4 	0
2025-11-08 21:31:53	 26018	 354	-208	96	 249.70	 -1	-1 	0
2025-11-08 21:31:54	 26053	 335	-261	96	 276.06	 -1	-2 	0
2025-11-08 21:31:56	 26105	 329	-278	96	 272.55	 0	-1 	0
2025-11-08 21:31:57	 26140	 337	-448	96	 272.55	 0	0 	0
2025-11-08 21:31:59	 26209	 342	-496	96	 272.55	 0	0 	8
2025-11-08 21:32:02	 26316	 345	-540	184	 298.92	 0	-1 	0
2025-11-08 21:32:03	 26351	 393	-635	184	 276.06	 0	-4 	0
2025-11-08 21:32:05	 26439	 405	-702	184	 276.06	 -1	0 	0
2025-11-08 21:32:07	 26503	 418	-738	184	 290.13	 2	-6 	25
2025-11-08 21:32:08	 26538	 474	-891	184	 355.17	 0	-1 	25
2025-11-08 21:32:11	 26628	 460	-865	184	 116.46	 -3	5 	25
2025-11-08 21:32:12	 26663	 398	-741	184	 135.79	 -1	0 	25
2025-11-08 21:32:13	 26716	 395	-774	184	 269.38	 -1	-6 	25
2025-11-08 21:32:16	 26812	 387	-944	184	 190.28	 -3	-1 	25
2025-11-08 21:32:17	 26847	 295	-904	184	 149.85	 -6	3 	25
2025-11-08 21:32:18	 26882	 149	-830	184	 193.80	 -7	-2 	25
2025-11-08 21:32:19	 26917	 -22	-868	184	 251.81	 -1	-1 	25
2025-11-08 21:32:21	 26989	 -32	-868	184	 297.51	 -1	0 	25
2025-11-08 21:32:23	 27071	 16	-968	184	 295.75	 3	-7 	25
2025-11-08 21:32:24	 27106	 60	-1059	184	 308.06	 0	-1 	25
2025-11-08 21:32:25	 27141	 -13	-987	184	 315.09	 -5	4 	25
2025-11-08 21:32:26	 27176	 -48	-878	184	 315.09	 0	2 	25
2025-11-08 21:32:27	 27211	 -48	-854	184	 2.55	 0	0 	25
2025-11-08 21:32:36	 27514	 5	-973	184	 327.39	 0	-2 	25
2025-11-08 21:32:37	 27549	 79	-1008	184	 344.97	 0	-1 	25
2025-11-08 21:32:38	 27584	 127	-1053	184	 344.97	 4	-2 	0
2025-11-08 21:32:39	 27619	 177	-1075	184	 25.40	 0	-1 	0
2025-11-08 21:32:40	 27656	 270	-1041	184	 25.40	 3	0 	0
2025-11-08 21:32:41	 27691	 392	-1037	184	 20.13	 0	0 	0
2025-11-08 21:32:42	 27726	 423	-1034	184	 2.55	 0	0 	0
2025-11-08 21:32:43	 27767	 423	-1037	184	 343.21	 0	-1 	0
2025-11-08 21:32:45	 27813	 419	-1036	184	 318.60	 -1	0 	0
2025-11-08 21:32:49	 27954	 416	-1011	184	 279.93	 -1	1 	0
2025-11-08 21:32:50	 28009	 415	-995	184	 279.93	 -1	0 	0
2025-11-08 21:32:52	 28079	 410	-1031	184	 264.11	 -1	-6 	0
2025-11-08 21:32:53	 28114	 384	-1240	184	 269.38	 -1	-4 	26
2025-11-08 21:32:54	 28149	 374	-1283	184	 14.85	 -1	-1 	26
2025-11-08 21:32:57	 28238	 369	-1278	184	 93.37	 -1	0 	26
When: 2025-11-08 21:33:29 Episode: 1 Map: 5
timestamp	 tic	 x	 y	 z	 angle	 momx	 momy
2025-11-08 21:33:32	 29450	 -45	-881	184	 276.42	 0	-6 	25
2025-11-08 21:33:33	 29485	 -31	-1012	184	 334.42	 0	-1 	25
2025-11-08 21:33:35	 29525	 -9	-1026	184	 341.46	 1	-1 	25
2025-11-08 21:33:36	 29560	 88	-1040	184	 353.76	 3	-1 	25
2025-11-08 21:33:37	 29595	 194	-1046	184	 2.55	 6	0 	0
2025-11-08 21:33:38	 29630	 311	-1041	184	 2.55	 0	0 	0
2025-11-08 21:33:39	 29665	 412	-1039	184	 339.70	 1	0 	0
2025-11-08 21:33:40	 29714	 419	-1025	184	 295.75	 -1	0 	0
2025-11-08 21:33:41	 29749	 410	-1004	184	 276.42	 -1	0 	0
2025-11-08 21:33:42	 29784	 403	-1042	184	 264.11	 -1	-4 	0
2025-11-08 21:33:43	 29819	 377	-1279	183	 264.11	 -1	-9 	26
2025-11-08 21:33:44	 29854	 357	-1416	184	 264.11	 -1	0 	0
2025-11-08 21:33:45	 29891	 344	-1416	184	 265.87	 -1	0 	0
2025-11-08 21:33:47	 29977	 407	-1488	184	 248.29	 0	0 	0
2025-11-08 21:33:48	 30012	 387	-1470	184	 243.02	 -3	-6 	0
2025-11-08 21:33:50	 30060	 395	-1488	184	 304.54	 1	0 	0
2025-11-08 21:33:51	 30103	 395	-1488	184	 241.26	 -2	0 	0
2025-11-08 21:34:21	 31064	 1252	730	40	 169.80	 -5	-1 	0
2025-11-08 21:34:22	 31099	 1131	825	40	 127.62	 -3	2 	0
2025-11-08 21:34:23	 31134	 1109	851	40	 106.52	 -1	0 	0
2025-11-08 21:34:24	 31169	 1104	940	40	 146.95	 0	0 	0
2025-11-08 21:34:25	 31208	 1104	952	40	 182.11	 -1	0 	0
2025-11-08 21:34:26	 31243	 1104	949	40	 182.11	 -1	-1 	0
2025-11-08 21:34:27	 31280	 1072	933	40	 194.41	 -6	-2 	0
2025-11-08 21:34:28	 31315	 961	919	40	 178.59	 -2	-1 	0
2025-11-08 21:34:29	 31362	 944	918	40	 158.59	 -2	-1 	0
2025-11-08 21:36:04	 34641	 1398	731	40	 204.61	 -4	-2 	0
2025-11-08 21:36:05	 34676	 1306	689	40	 171.21	 -1	-1 	0
2025-11-08 21:36:06	 34711	 1274	703	40	 123.75	 -2	2 	0
2025-11-08 21:36:07	 34746	 1191	822	40	 123.75	 -3	3 	0
2025-11-08 21:36:08	 34781	 1128	879	40	 86.84	 -1	0 	0
2025-11-08 21:36:09	 34816	 1135	956	40	 76.29	 0	2 	0
2025-11-08 21:36:10	 34851	 1135	1005	40	 350.16	 0	0 	0
2025-11-08 21:36:11	 34886	 1208	977	40	 341.37	 6	-3 	0
2025-11-08 21:36:12	 34921	 1242	979	40	 260.51	 0	0 	0
2025-11-08 21:36:14	 34983	 1244	980	40	 269.30	 -1	-1 	0
2025-11-08 21:36:15	 35024	 1241	990	40	 276.33	 -1	0 	0
2025-11-08 21:36:16	 35073	 1246	923	40	 276.33	 0	-8 	0
2025-11-08 21:36:17	 35108	 1256	815	40	 193.71	 0	-1 	0
2025-11-08 21:36:18	 35155	 1257	802	40	 84.73	 0	-1 	0
2025-11-08 21:36:20	 35209	 1263	880	40	 84.73	 0	2 	0
2025-11-08 21:36:21	 35244	 1263	1030	40	 84.73	 0	6 	0
2025-11-08 21:36:23	 35316	 1215	1115	40	 179.65	 -2	-1 	0
2025-11-08 21:36:24	 35355	 1201	1108	40	 186.68	 0	0 	0
2025-11-08 21:36:26	 35418	 1186	1106	40	 186.68	 -5	-1 	0
2025-11-08 21:36:27	 35453	 985	1090	40	 186.68	 -4	-1 	0
2025-11-08 21:36:28	 35488	 959	1115	40	 163.83	 -4	1 	0
2025-11-08 21:36:29	 35523	 869	1135	40	 225.35	 -1	0 	0
2025-11-08 21:36:32	 35614	 861	1135	40	 11.25	 -1	0 	0
2025-11-08 21:36:35	 35720	 852	1135	40	 357.19	 -1	0 	0
2025-11-08 21:36:36	 35755	 734	1135	40	 295.66	 -1	0 	0
2025-11-08 21:36:37	 35790	 724	1113	40	 265.78	 -1	-5 	0
2025-11-08 21:36:38	 35833	 718	976	40	 265.78	 -1	-1 	0
2025-11-08 21:36:39	 35868	 709	976	40	 316.76	 -1	0 	0
2025-11-08 21:36:41	 35947	 756	931	40	 334.34	 1	-2 	0
2025-11-08 21:36:42	 35982	 824	912	40	 350.16	 4	-1 	0
2025-11-08 21:36:43	 36017	 961	900	40	 295.66	 0	-1 	0
2025-11-08 21:36:44	 36052	 1015	762	40	 279.84	 1	-4 	0
2025-11-08 21:36:45	 36087	 983	615	40	 248.20	 -3	-8 	0
2025-11-08 21:36:46	 36122	 943	528	40	 183.16	 -1	0 	0
2025-11-08 21:36:47	 36157	 761	528	40	 183.16	 -4	0 	0
2025-11-08 21:36:48	 36192	 689	558	40	 135.70	 -5	4 	0
2025-11-08 21:36:49	 36227	 571	672	40	 169.10	 -1	0 	0
2025-11-08 21:36:50	 36262	 452	687	-40	 169.10	 -3	0 	10
2025-11-08 21:36:51	 36297	 430	687	-180	 169.10	 -1	0 	10
2025-11-08 21:36:55	 36442	 392	695	-512	 142.73	 -1	0 	10
2025-11-08 21:37:02	 36677	 439	679	40	 341.02	 5	-3 	10
2025-11-08 21:37:03	 36712	 602	623	40	 42.54	 0	-1 	0
2025-11-08 21:37:04	 36747	 623	682	40	 70.66	 0	4 	0
2025-11-08 21:37:05	 36782	 655	774	40	 33.75	 4	3 	0
2025-11-08 21:37:06	 36817	 746	858	40	 74.18	 1	5 	0
2025-11-08 21:37:07	 36854	 750	958	40	 93.52	 -1	4 	0
2025-11-08 21:37:08	 36889	 730	1101	40	 102.30	 -2	6 	0
2025-11-08 21:37:11	 37010	 760	1095	40	 315.00	 4	-5 	0
2025-11-08 21:37:12	 37045	 834	1040	40	 315.00	 1	-1 	0
2025-11-08 21:37:13	 37080	 884	984	40	 315.00	 0	-1 	0
2025-11-08 21:37:15	 37118	 901	961	40	 315.00	 3	-4 	0
2025-11-08 21:37:16	 37153	 971	891	40	 285.12	 0	-1 	0
2025-11-08 21:37:17	 37188	 985	743	40	 274.57	 0	-3 	0
2025-11-08 21:37:18	 37223	 1000	564	40	 255.23	 0	-4 	0
2025-11-08 21:37:19	 37258	 1002	532	40	 169.10	 0	-1 	0
2025-11-08 21:37:20	 37320	 993	687	40	 86.48	 -1	4 	0
2025-11-08 21:37:21	 37355	 990	730	40	 328.71	 -1	0 	0
2025-11-08 21:37:23	 37405	 1042	656	40	 298.83	 1	0 	0
2025-11-08 21:37:25	 37470	 1055	645	40	 279.49	 0	-4 	0
2025-11-08 21:37:26	 37505	 1068	568	40	 316.41	 0	-1 	0
2025-11-08 21:37:29	 37620	 1043	534	40	 51.33	 -2	-2 	0
2025-11-08 21:37:30	 37662	 1084	586	40	 88.24	 0	0 	17
2025-11-08 21:37:32	 37732	 1076	614	40	 119.88	 -2	1 	17
2025-11-08 21:37:33	 37767	 1104	565	40	 119.88	 1	-3 	0
2025-11-08 21:37:34	 37802	 1091	589	40	 119.88	 -2	2 	0
2025-11-08 21:37:35	 37837	 1077	613	40	 128.67	 -1	0 	17
2025-11-08 21:37:37	 37890	 976	634	40	 177.89	 -1	0 	0
2025-11-08 21:37:38	 37942	 960	594	40	 198.98	 -1	-2 	0
2025-11-08 21:37:39	 37982	 950	581	40	 118.12	 -2	1 	0
2025-11-08 21:37:40	 38017	 884	611	40	 169.10	 -6	1 	0
2025-11-08 21:37:41	 38059	 844	678	40	 121.64	 -1	2 	0
2025-11-08 21:37:43	 38127	 720	689	40	 114.61	 -1	3 	0
2025-11-08 21:37:44	 38162	 694	812	40	 158.55	 -1	0 	0
2025-11-08 21:37:46	 38208	 670	820	40	 179.65	 -4	0 	0
2025-11-08 21:37:47	 38243	 635	820	40	 179.65	 -1	0 	0
2025-11-08 21:37:48	 38297	 592	943	40	 111.09	 -1	3 	0
2025-11-08 21:37:49	 38332	 599	1053	40	 74.18	 1	5 	0
2025-11-08 21:37:51	 38382	 638	1133	40	 351.56	 4	-1 	0
2025-11-08 21:37:52	 38417	 801	1109	40	 348.05	 1	-1 	0
2025-11-08 21:37:53	 38452	 970	1123	40	 5.62	 7	0 	0
2025-11-08 21:37:54	 38487	 1051	1131	40	 70.66	 0	0 	0
2025-11-08 21:37:57	 38591	 1121	1127	40	 337.50	 2	-1 	0
2025-11-08 21:37:58	 38626	 1144	1125	40	 239.06	 -1	-2 	0
2025-11-08 21:37:59	 38661	 1094	1040	40	 268.95	 -1	-1 	0
2025-11-08 21:38:00	 38708	 1118	1034	40	 268.95	 0	-1 	0
2025-11-08 21:38:01	 38743	 1104	976	40	 244.34	 0	-1 	0
2025-11-08 21:38:02	 38791	 1103	912	40	 307.62	 0	-1 	0
2025-11-08 21:38:03	 38826	 1235	749	40	 307.62	 4	-6 	0
2025-11-08 21:38:04	 38861	 1277	696	40	 328.71	 0	-1 	0
2025-11-08 21:38:06	 38930	 1230	620	40	 232.03	 -2	-4 	0
2025-11-08 21:38:07	 38965	 1190	512	40	 256.64	 -2	0 	0
2025-11-08 21:38:10	 39058	 1186	519	40	 42.54	 2	2 	0
2025-11-08 21:38:11	 39093	 1263	648	40	 42.54	 0	2 	0
2025-11-08 21:38:12	 39128	 1307	680	40	 9.14	 5	1 	0
2025-11-08 21:38:13	 39163	 1471	713	40	 9.14	 0	0 	0
2025-11-08 21:38:14	 39216	 1403	705	40	 356.84	 -3	-1 	0
2025-11-08 21:38:15	 39251	 1374	700	40	 233.79	 -1	-1 	0
2025-11-08 21:38:17	 39312	 1207	749	40	 163.48	 -8	2 	0
2025-11-08 21:38:18	 39347	 1032	801	40	 133.59	 -2	0 	0
2025-11-08 21:38:19	 39382	 989	821	40	 170.51	 -1	0 	0
2025-11-08 21:38:21	 39433	 977	724	40	 244.34	 -1	-4 	0
2025-11-08 21:38:22	 39485	 927	737	40	 166.99	 -7	1 	0
2025-11-08 21:38:23	 39520	 848	765	40	 158.20	 0	0 	0
2025-11-08 21:38:26	 39610	 816	815	40	 188.09	 -1	0 	0
2025-11-08 21:38:27	 39645	 658	753	40	 202.15	 -8	-3 	0
2025-11-08 21:38:28	 39680	 592	720	40	 263.67	 0	-1 	0
2025-11-08 21:38:29	 39715	 590	632	40	 230.27	 -1	-1 	0
2025-11-08 21:38:30	 39750	 485	616	38	 184.57	 -8	-1 	10
2025-11-08 21:38:34	 39905	 396	606	-512	 156.45	 -4	1 	10
2025-11-08 21:38:35	 39940	 392	663	-512	 203.91	 0	0 	10
2025-11-08 21:38:36	 39978	 392	615	-512	 267.19	 -1	-7 	10
2025-11-08 21:38:37	 40013	 392	584	-420	 226.76	 -1	-1 	10
2025-11-08 21:38:39	 40076	 392	584	-168	 226.76	 -1	-1 	10
2025-11-08 21:38:41	 40160	 392	657	40	 133.59	 -1	4 	10
2025-11-08 21:38:43	 40206	 392	695	40	 133.59	 -1	0 	10
2025-11-08 21:38:44	 40252	 485	598	40	 133.59	 2	-3 	10
2025-11-08 21:38:46	 40326	 490	647	40	 101.95	 -1	4 	10
2025-11-08 21:38:47	 40361	 456	695	40	 101.95	 -2	0 	10
2025-11-08 21:38:48	 40396	 446	695	40	 65.04	 1	0 	10
2025-11-08 21:38:49	 40431	 474	695	40	 84.38	 0	0 	10
2025-11-08 21:38:52	 40516	 486	695	40	 172.27	 -4	0 	10
2025-11-08 21:38:53	 40551	 392	695	40	 172.27	 -1	0 	10
2025-11-08 21:38:54	 40600	 392	695	40	 137.11	 -1	0 	10
2025-11-08 21:38:55	 40651	 422	646	40	 161.72	 0	-1 	10
2025-11-08 21:38:56	 40686	 392	677	40	 161.72	 -1	1 	10
2025-11-08 21:38:58	 40729	 464	672	40	 161.72	 2	-1 	10
2025-11-08 21:38:59	 40764	 493	662	40	 172.27	 0	-1 	10
2025-11-08 21:39:03	 40906	 416	655	40	 184.57	 -2	-1 	10
2025-11-08 21:39:04	 40941	 417	653	40	 177.54	 0	-1 	10
2025-11-08 21:39:07	 41047	 429	651	40	 181.05	 0	-1 	10
2025-11-08 21:39:11	 41182	 495	695	40	 226.76	 0	0 	10
2025-11-08 21:39:12	 41231	 451	576	40	 249.61	 -3	-8 	10
2025-11-08 21:39:13	 41266	 355	318	-424	 249.61	 -3	-8 	0
2025-11-08 21:39:14	 41301	 319	220	-512	 135.35	 -1	-1 	0
2025-11-08 21:39:18	 41432	 297	255	-512	 119.53	 -2	1 	0
2025-11-08 21:39:19	 41467	 266	309	-512	 126.56	 -1	0 	0
2025-11-08 21:39:20	 41502	 314	256	-512	 135.35	 2	-3 	0
2025-11-08 21:39:21	 41537	 302	267	-512	 144.14	 -3	2 	0
2025-11-08 21:39:22	 41572	 247	282	-512	 193.36	 -6	-2 	0
2025-11-08 21:39:23	 41607	 65	272	-512	 193.36	 -7	-1 	0
2025-11-08 21:39:24	 41642	 -162	272	-512	 193.36	 -7	-1 	0
2025-11-08 21:39:25	 41677	 -249	284	-512	 135.35	 -4	3 	0
2025-11-08 21:39:26	 41712	 -366	371	-512	 147.66	 -7	3 	0
2025-11-08 21:39:27	 41747	 -604	522	-512	 147.66	 -8	4 	0
2025-11-08 21:39:28	 41782	 -697	581	-512	 72.07	 -1	0 	0
2025-11-08 21:39:30	 41865	 -736	568	-512	 17.58	 0	-1 	0
2025-11-08 21:39:32	 41935	 -736	554	-512	 17.58	 0	-1 	0
2025-11-08 21:39:34	 41990	 -655	584	-512	 22.85	 11	4 	0
2025-11-08 21:39:35	 42025	 -424	661	-568	 15.82	 5	-2 	0
2025-11-08 21:39:36	 42060	 -418	660	-568	 254.53	 0	-1 	0
2025-11-08 21:39:37	 42112	 -418	656	-568	 236.95	 -1	-1 	0
2025-11-08 21:39:39	 42169	 -418	617	-568	 272.11	 0	-5 	0
2025-11-08 21:39:40	 42204	 -339	515	-568	 324.84	 5	-5 	0
2025-11-08 21:39:41	 42239	 -174	434	-568	 351.21	 5	-2 	0
2025-11-08 21:39:42	 42274	 71	392	-568	 10.55	 4	-1 	0
2025-11-08 21:39:43	 42309	 215	428	-568	 333.63	 2	0 	0
2025-11-08 21:39:44	 42344	 415	345	-568	 0.00	 4	-2 	0
2025-11-08 21:39:45	 42379	 496	336	-560	 7.03	 1	0 	0
2025-11-08 21:39:46	 42414	 615	362	-560	 7.03	 0	0 	0
2025-11-08 21:39:50	 42548	 573	367	-560	 187.73	 -2	0 	0
2025-11-08 21:39:51	 42583	 515	353	-560	 198.28	 1	0 	0
2025-11-08 21:40:40	 44303	 615	367	-560	 256.29	 -1	-1 	0
2025-11-08 21:40:43	 44429	 37	997	-400	 204.61	 0	0 	15
2025-11-08 21:40:45	 44499	 42	1002	-400	 183.52	 0	0 	15
2025-11-08 21:40:47	 44563	 52	1013	-400	 223.95	 0	0 	15
2025-11-08 21:40:48	 44598	 32	1037	-400	 176.48	 -4	0 	0
2025-11-08 21:40:49	 44633	 -34	1045	-384	 195.82	 1	0 	13
2025-11-08 21:40:50	 44670	 -10	1056	-384	 134.30	 2	0 	13
2025-11-08 21:40:51	 44705	 -44	1127	-384	 127.27	 -4	5 	13
2025-11-08 21:40:52	 44740	 -128	1199	-384	 178.24	 -3	0 	13
2025-11-08 21:40:53	 44775	 -234	1199	-384	 236.25	 -1	0 	13
2025-11-08 21:40:55	 44828	 -266	1199	-384	 343.48	 -2	0 	13
2025-11-08 21:40:56	 44863	 -297	1199	-384	 343.48	 -2	0 	13
2025-11-08 21:41:00	 44995	 -291	1191	-384	 315.35	 0	-1 	13
2025-11-08 21:41:01	 45046	 -205	1040	-384	 299.53	 3	-7 	13
2025-11-08 21:41:02	 45081	 -147	937	-384	 299.53	 0	-1 	13
2025-11-08 21:41:05	 45186	 -176	935	-384	 171.56	 -6	0 	13
2025-11-08 21:41:06	 45221	 -416	971	-461	 171.56	 -7	1 	0
2025-11-08 21:41:07	 45256	 -522	987	-512	 171.56	 -4	0 	0
2025-11-08 21:41:08	 45291	 -641	1004	-568	 141.68	 -1	0 	0
2025-11-08 21:41:11	 45390	 -632	923	-568	 280.20	 1	-7 	0
2025-11-08 21:41:12	 45425	 -583	651	-568	 283.71	 1	-7 	0
2025-11-08 21:41:13	 45460	 -521	587	-568	 338.20	 5	-3 	0
2025-11-08 21:41:14	 45495	 -277	489	-568	 338.20	 7	-4 	0
2025-11-08 21:41:15	 45530	 -106	431	-568	 25.66	 4	1 	0
2025-11-08 21:41:16	 45565	 116	532	-568	 13.36	 4	1 	0
2025-11-08 21:41:17	 45600	 247	491	-568	 331.17	 6	-4 	0
2025-11-08 21:41:18	 45635	 483	362	-568	 343.48	 3	-3 	0
2025-11-08 21:41:21	 45728	 611	331	-560	 236.25	 -2	-3 	0
2025-11-08 21:41:22	 45763	 552	203	-560	 236.25	 -1	-3 	0
2025-11-08 21:41:27	 45970	 129	984	-434	 355.43	 6	-1 	0
2025-11-08 21:41:28	 46005	 396	962	-512	 355.43	 8	-1 	0
2025-11-08 21:41:30	 46049	 495	930	-512	 269.30	 -1	-5 	0
2025-11-08 21:41:31	 46084	 493	771	-512	 323.79	 -1	-1 	0
2025-11-08 21:41:32	 46119	 495	773	-512	 28.83	 0	2 	0
2025-11-08 21:41:33	 46154	 511	810	-512	 355.43	 0	0 	0
2025-11-08 21:41:34	 46203	 425	816	-512	 14.77	 -3	0 	0
2025-11-08 21:41:35	 46238	 396	818	-512	 83.32	 -1	0 	0
2025-11-08 21:41:36	 46273	 408	925	-512	 137.81	 0	0 	0
2025-11-08 21:41:37	 46308	 333	1002	-512	 181.76	 -2	0 	0
2025-11-08 21:41:38	 46343	 198	985	-496	 192.30	 -8	-2 	0
2025-11-08 21:41:39	 46378	 70	967	-400	 172.97	 -6	0 	0
2025-11-08 21:41:40	 46423	 16	979	-400	 172.97	 -1	0 	15
2025-11-08 21:41:41	 46458	 16	995	-400	 172.97	 0	0 	15
2025-11-08 21:41:42	 46493	 -89	1014	-384	 172.97	 -3	0 	13
2025-11-08 21:41:43	 46528	 -116	1017	-384	 172.97	 -1	0 	13
2025-11-08 21:41:44	 46563	 -273	1037	-384	 172.97	 -2	0 	13
2025-11-08 21:41:45	 46598	 -290	1039	-384	 172.97	 0	-1 	13
2025-11-08 21:41:46	 46633	 -140	1020	-384	 172.97	 1	-1 	13
2025-11-08 21:41:51	 46785	 -124	1018	-384	 359.30	 1	-1 	13
2025-11-08 21:41:52	 46820	 68	1016	-400	 359.30	 3	-1 	0
2025-11-08 21:41:53	 46855	 89	1016	-416	 359.30	 -7	0 	0
2025-11-08 21:41:54	 46890	 -167	1019	-384	 359.30	 -8	0 	13
2025-11-08 21:41:55	 46925	 -236	1046	-384	 36.21	 4	3 	13
2025-11-08 21:41:56	 46960	 -91	1158	-384	 87.19	 1	2 	13
2025-11-08 21:41:58	 47051	 -116	1199	-384	 176.84	 -6	0 	13
2025-11-08 21:41:59	 47086	 -235	1193	-384	 245.39	 -2	-3 	13
2025-11-08 21:42:00	 47121	 -285	1094	-384	 245.39	 -2	-3 	13
2025-11-08 21:42:01	 47156	 -323	1013	-384	 194.41	 -2	-1 	0
2025-11-08 21:42:02	 47191	 -489	965	-512	 194.41	 -8	-2 	0
2025-11-08 21:42:03	 47226	 -677	913	-568	 252.42	 -1	-1 	0
2025-11-08 21:42:04	 47261	 -628	778	-568	 291.09	 2	-8 	0
2025-11-08 21:42:05	 47296	 -555	608	-568	 356.13	 3	-2 	0
2025-11-08 21:42:06	 47331	 -313	583	-568	 356.13	 8	-1 	0
2025-11-08 21:42:07	 47366	 -129	528	-568	 322.73	 3	-3 	0
2025-11-08 21:42:08	 47401	 26	411	-568	 10.20	 1	-2 	0
2025-11-08 21:42:09	 47436	 186	477	-568	 24.26	 5	2 	0
2025-11-08 21:42:10	 47471	 247	506	-568	 322.73	 1	-2 	0
2025-11-08 21:42:11	 47506	 388	403	-568	 342.07	 3	-2 	0
2025-11-08 21:42:12	 47541	 612	325	-560	 333.28	 4	-2 	0
2025-11-08 21:42:16	 47660	 26	996	-400	 143.09	 -3	1 	15
2025-11-08 21:42:17	 47695	 -96	1087	-384	 113.20	 -2	0 	13
2025-11-08 21:42:18	 47730	 -128	1144	-384	 113.20	 -1	0 	13
2025-11-08 21:42:20	 47825	 -94	1149	-384	 358.95	 4	-1 	13
2025-11-08 21:42:23	 47917	 -36	1074	-384	 255.23	 -2	-7 	13
2025-11-08 21:42:24	 47952	 -54	1005	-384	 274.57	 -1	-1 	13
2025-11-08 21:42:25	 47987	 -53	979	-384	 274.57	 0	-1 	13
2025-11-08 21:42:26	 48022	 -47	901	-384	 274.57	 0	-1 	13
2025-11-08 21:42:27	 48057	 -54	957	-384	 274.57	 -1	6 	13
2025-11-08 21:42:28	 48092	 -68	1118	-384	 274.57	 -1	3 	13
2025-11-08 21:42:29	 48127	 -85	1199	-384	 274.57	 -1	0 	13
2025-11-08 21:42:31	 48199	 -143	1188	-384	 191.95	 -7	-2 	13
2025-11-08 21:42:32	 48234	 -224	1171	-384	 256.99	 -1	-1 	13
2025-11-08 21:42:34	 48291	 -161	1108	-384	 316.76	 5	-5 	13
2025-11-08 21:42:35	 48326	 -66	1020	-384	 0.70	 0	-1 	13
2025-11-08 21:42:36	 48378	 1	991	-384	 337.85	 6	-3 	0
2025-11-08 21:42:37	 48413	 251	889	-510	 276.33	 7	-3 	0
2025-11-08 21:42:38	 48448	 290	687	-512	 255.23	 -2	-8 	0
2025-11-08 21:42:39	 48483	 260	561	-512	 334.34	 -1	-1 	0
2025-11-08 21:42:40	 48518	 299	516	-512	 315.00	 4	-5 	0
2025-11-08 21:42:41	 48553	 406	409	-568	 358.95	 0	-1 	0
2025-11-08 21:42:42	 48588	 494	367	-568	 336.09	 6	-3 	0
2025-11-08 21:42:43	 48623	 615	309	-560	 278.09	 0	-1 	0
2025-11-08 21:42:46	 48712	 110	992	-427	 180.00	 5	0 	0
2025-11-08 21:42:47	 48747	 283	992	-512	 283.71	 1	0 	0
2025-11-08 21:42:48	 48782	 313	972	-512	 301.29	 2	-5 	0
2025-11-08 21:42:49	 48817	 427	786	-512	 334.69	 1	-3 	0
2025-11-08 21:42:50	 48852	 495	785	-512	 13.36	 0	0 	0
2025-11-08 21:42:54	 49014	 439	810	-512	 164.53	 -7	2 	0
2025-11-08 21:42:55	 49049	 175	889	-480	 164.53	 -8	2 	0
2025-11-08 21:42:56	 49084	 -4	939	-384	 164.53	 -1	0 	13
2025-11-08 21:42:57	 49119	 -58	906	-384	 219.02	 -6	-5 	13
2025-11-08 21:42:58	 49154	 -196	794	-512	 139.92	 -2	-2 	0
2025-11-08 21:42:59	 49189	 -236	851	-512	 120.59	 -2	2 	0
2025-11-08 21:43:00	 49224	 -327	879	-512	 152.23	 -6	0 	0
2025-11-08 21:43:01	 49259	 -389	884	-512	 62.58	 0	1 	0
2025-11-08 21:43:02	 49294	 -337	1016	-512	 62.58	 0	1 	0
2025-11-08 21:43:10	 49551	 -337	1025	-512	 262.62	 -1	-3 	0
2025-11-08 21:43:11	 49586	 -366	803	-512	 274.92	 -1	-5 	0
2025-11-08 21:43:12	 49621	 -372	758	-512	 348.75	 -1	-1 	0
2025-11-08 21:43:13	 49656	 -178	718	-512	 348.75	 7	-2 	0
2025-11-08 21:43:14	 49691	 -98	705	-512	 18.63	 3	0 	0
2025-11-08 21:43:15	 49726	 131	781	-512	 18.63	 7	2 	0
2025-11-08 21:43:16	 49761	 204	806	-512	 55.55	 1	1 	0
2025-11-08 21:43:17	 49796	 280	915	-512	 74.88	 0	0 	0
2025-11-08 21:43:18	 49833	 263	928	-512	 166.29	 -5	1 	0
2025-11-08 21:43:19	 49868	 101	968	-432	 166.29	 -6	1 	0
2025-11-08 21:43:20	 49903	 -68	1009	-384	 166.29	 -3	0 	13
2025-11-08 21:43:21	 49938	 -110	1019	-384	 118.83	 -1	0 	13
2025-11-08 21:43:24	 50043	 -28	1135	-384	 234.49	 4	6 	13
2025-11-08 21:43:25	 50078	 -17	1199	-384	 222.19	 0	0 	13
2025-11-08 21:43:26	 50132	 -58	1199	-384	 157.15	 -6	0 	13
2025-11-08 21:43:27	 50167	 -119	1199	-384	 157.15	 -3	0 	13
2025-11-08 21:43:28	 50202	 -244	1199	-384	 162.42	 -1	0 	13
2025-11-08 21:43:29	 50237	 -304	1172	-384	 201.09	 0	-1 	13
2025-11-08 21:44:18	 51926	 -298	1138	-384	 283.71	 1	-6 	13
2025-11-08 21:44:19	 51961	 -283	1078	-384	 296.02	 0	-1 	13
2025-11-08 21:44:20	 52015	 -206	1031	-384	 329.41	 2	-2 	13
2025-11-08 21:44:21	 52050	 -153	1012	-384	 348.75	 4	-1 	13
2025-11-08 21:44:22	 52085	 -87	998	-384	 348.75	 0	-1 	13
2025-11-08 21:44:23	 52120	 126	956	-427	 348.75	 7	-2 	0
2025-11-08 21:44:24	 52155	 333	915	-512	 343.48	 1	-1 	0
2025-11-08 21:44:25	 52190	 360	889	-512	 301.29	 2	-5 	0
2025-11-08 21:44:26	 52225	 459	726	-512	 253.83	 0	-2 	0
2025-11-08 21:44:27	 52260	 435	720	-512	 246.80	 -1	0 	0
2025-11-08 21:44:30	 52342	 424	707	-512	 262.62	 -1	-4 	0
2025-11-08 21:44:31	 52377	 417	613	-512	 287.23	 -1	-1 	10
2025-11-08 21:44:35	 52527	 480	606	40	 357.54	 6	-1 	10
2025-11-08 21:44:36	 52562	 646	598	40	 341.72	 3	-1 	0
2025-11-08 21:44:37	 52597	 799	537	40	 341.72	 5	-3 	0
2025-11-08 21:44:38	 52632	 917	545	40	 39.73	 4	3 	0
2025-11-08 21:44:39	 52667	 1001	618	40	 64.34	 0	0 	0
2025-11-08 21:44:41	 52751	 1003	642	40	 104.77	 -2	4 	0
2025-11-08 21:44:42	 52786	 980	722	40	 94.22	 -1	0 	0
2025-11-08 21:44:43	 52824	 980	713	40	 190.90	 0	-1 	0
2025-11-08 21:44:45	 52872	 979	703	40	 347.34	 -1	-1 	0
2025-11-08 21:44:52	 53141	 1030	815	40	 66.45	 0	0 	0
2025-11-08 21:44:55	 53223	 976	815	40	 180.70	 -1	-1 	0
2025-11-08 21:44:57	 53295	 952	968	40	 105.12	 -2	7 	0
2025-11-08 21:44:58	 53330	 926	1007	40	 131.48	 -1	0 	0
2025-11-08 21:44:59	 53369	 850	1010	40	 129.73	 1	-1 	0
2025-11-08 21:45:07	 53604	 1393	735	40	 180.00	 -4	-1 	0
2025-11-08 21:45:08	 53639	 1348	735	40	 180.00	 -4	-1 	0
2025-11-08 21:45:09	 53674	 1246	735	40	 139.57	 -1	-1 	0
2025-11-08 21:45:10	 53709	 1173	828	40	 130.78	 -5	5 	0
2025-11-08 21:45:11	 53744	 1070	943	40	 164.18	 -1	0 	0
2025-11-08 21:45:12	 53781	 975	905	40	 209.88	 -7	-3 	0
2025-11-08 21:45:13	 53816	 848	836	40	 213.40	 0	-2 	0
2025-11-08 21:45:14	 53851	 829	784	40	 188.79	 -1	0 	0
2025-11-08 21:45:15	 53886	 664	809	40	 171.21	 -8	1 	0
2025-11-08 21:45:16	 53921	 592	773	40	 236.25	 -1	-6 	0
2025-11-08 21:45:17	 53956	 576	624	40	 185.27	 -1	-2 	0
2025-11-08 21:45:18	 53991	 437	632	-32	 225.70	 -3	0 	10
2025-11-08 21:45:19	 54026	 407	635	-172	 288.98	 -1	0 	10
2025-11-08 21:45:21	 54096	 441	584	-452	 288.98	 1	-1 	10
When: 2025-11-08 21:45:25 Episode: 1 Map: 6
timestamp	 tic	 x	 y	 z	 angle	 momx	 momy
2025-11-08 21:45:28	 54324	 -337	1029	-512	 238.36	 -1	-1 	0
2025-11-08 21:45:30	 54378	 -343	1023	-512	 319.22	 -1	-1 	0
2025-11-08 21:45:31	 54428	 -337	990	-512	 261.21	 0	-1 	0
2025-11-08 21:45:32	 54463	 -354	873	-512	 322.73	 -1	-1 	0
2025-11-08 21:45:33	 54498	 -185	802	-512	 340.31	 7	-3 	0
2025-11-08 21:45:34	 54533	 9	744	-512	 3.16	 6	0 	0
2025-11-08 21:45:35	 54568	 276	756	-512	 3.16	 8	0 	0
2025-11-08 21:45:36	 54603	 495	768	-512	 333.28	 0	0 	0
2025-11-08 21:45:38	 54657	 480	744	-512	 236.60	 -3	-1 	0
2025-11-08 21:45:39	 54692	 447	737	-512	 243.63	 -1	-1 	0
2025-11-08 21:45:41	 54782	 473	632	-512	 284.06	 0	-2 	10
2025-11-08 21:45:42	 54817	 463	656	-512	 305.16	 -1	0 	10
2025-11-08 21:45:43	 54852	 478	637	-464	 312.19	 0	-1 	10
2025-11-08 21:45:47	 54991	 545	640	40	 3.16	 0	0 	0
2025-11-08 21:45:48	 55026	 657	596	40	 336.80	 6	-3 	0
2025-11-08 21:45:49	 55061	 860	528	40	 336.80	 4	-1 	0
2025-11-08 21:45:50	 55096	 1054	528	40	 336.80	 6	-1 	0
2025-11-08 21:45:55	 55274	 1199	512	40	 82.27	 0	1 	0
2025-11-08 21:45:56	 55309	 1211	623	40	 34.80	 0	0 	0
2025-11-08 21:45:57	 55344	 1263	640	40	 92.81	 0	0 	0
2025-11-08 21:45:59	 55381	 1248	780	40	 129.73	 -1	1 	0
2025-11-08 21:46:01	 55473	 1245	797	40	 145.55	 -2	0 	0
2025-11-08 21:46:02	 55508	 1104	902	40	 147.30	 0	1 	0
2025-11-08 21:46:03	 55543	 1045	912	40	 185.98	 -6	-1 	0
2025-11-08 21:46:04	 55578	 940	918	40	 131.48	 -3	2 	0
2025-11-08 21:46:05	 55613	 845	1060	40	 147.30	 -1	1 	0
2025-11-08 21:46:08	 55708	 842	1077	40	 149.06	 -1	0 	0
2025-11-08 21:46:09	 55743	 659	1187	40	 149.06	 -7	4 	0
2025-11-08 21:46:10	 55778	 592	1235	40	 55.90	 0	0 	0
2025-11-08 21:46:13	 55893	 773	1229	40	 357.89	 7	-1 	0
2025-11-08 21:46:15	 55967	 874	1202	40	 257.70	 -1	-2 	0
2025-11-08 21:46:16	 56002	 846	1070	40	 257.70	 -1	-2 	0
2025-11-08 21:46:17	 56037	 858	1024	40	 298.12	 2	-5 	0
2025-11-08 21:46:18	 56072	 909	905	40	 247.15	 -2	-5 	0
2025-11-08 21:46:19	 56107	 863	834	40	 273.52	 -1	-1 	0
2025-11-08 21:46:20	 56142	 870	675	40	 273.52	 0	-6 	0
2025-11-08 21:46:21	 56177	 875	586	40	 6.68	 0	-1 	0
2025-11-08 21:46:22	 56212	 952	592	40	 54.14	 0	0 	0
2025-11-08 21:46:23	 56247	 1053	725	40	 54.14	 2	3 	0
2025-11-08 21:46:24	 56282	 1112	764	40	 6.68	 5	0 	0
2025-11-08 21:46:25	 56317	 1263	752	40	 343.83	 0	-1 	0
2025-11-08 21:46:26	 56352	 1346	709	40	 350.86	 4	-2 	0
2025-11-08 21:46:27	 56387	 1455	675	40	 350.86	 0	-1 	0
2025-11-08 21:46:29	 56436	 1469	707	40	 31.29	 1	2 	0
2025-11-08 21:46:32	 56553	 1395	719	40	 180.35	 -7	-1 	0
2025-11-08 21:46:33	 56588	 1223	725	40	 136.41	 -4	2 	0
2025-11-08 21:46:34	 56623	 1104	824	40	 159.26	 -1	1 	0
2025-11-08 21:46:35	 56658	 1104	849	40	 215.51	 0	0 	0
2025-11-08 21:46:37	 56742	 1104	694	40	 250.66	 0	-4 	0
2025-11-08 21:46:38	 56777	 1079	656	40	 236.60	 -1	0 	0
2025-11-08 21:46:40	 56838	 1068	633	40	 262.97	 -1	-5 	17
2025-11-08 21:46:41	 56873	 1063	591	40	 204.96	 -1	-1 	17
2025-11-08 21:46:43	 56934	 1040	623	184	 145.20	 -1	0 	17
2025-11-08 21:46:51	 57215	 1071	592	184	 359.30	 0	-1 	17
2025-11-08 21:46:53	 57291	 1230	590	40	 11.60	 3	-1 	0
2025-11-08 21:46:54	 57326	 1263	625	40	 81.91	 0	4 	0
2025-11-08 21:46:55	 57361	 1237	730	40	 132.89	 -4	4 	0
2025-11-08 21:46:56	 57396	 1148	786	40	 183.87	 -6	-1 	0
2025-11-08 21:46:58	 57448	 976	768	40	 220.78	 -1	-3 	0
2025-11-08 21:46:59	 57483	 940	721	40	 169.80	 -4	0 	0
2025-11-08 21:47:00	 57518	 848	746	40	 168.05	 0	0 	0
2025-11-08 21:47:01	 57562	 842	815	40	 124.10	 -1	0 	0
2025-11-08 21:47:02	 57607	 730	816	40	 176.84	 -6	0 	0
2025-11-08 21:47:03	 57642	 672	813	40	 220.78	 -3	-3 	0
2025-11-08 21:47:04	 57677	 592	707	40	 257.70	 0	-1 	0
2025-11-08 21:47:05	 57712	 585	628	40	 203.20	 -1	-1 	0
2025-11-08 21:47:06	 57747	 458	610	13	 185.62	 -7	-1 	10
2025-11-08 21:47:11	 57909	 422	607	-512	 185.62	 0	0 	10
2025-11-08 21:47:17	 58138	 443	610	40	 11.60	 3	0 	10
2025-11-08 21:47:18	 58173	 623	647	40	 46.76	 0	0 	0
2025-11-08 21:47:19	 58211	 626	757	40	 78.40	 0	6 	0
2025-11-08 21:47:20	 58246	 629	879	40	 108.28	 -2	0 	0
2025-11-08 21:47:21	 58281	 592	1020	40	 108.28	 -1	6 	0
2025-11-08 21:47:22	 58316	 592	1248	40	 108.28	 -1	6 	0
2025-11-08 21:47:25	 58393	 753	1218	40	 346.99	 7	-2 	0
2025-11-08 21:47:27	 58473	 879	1178	40	 278.44	 0	-4 	0
2025-11-08 21:47:28	 58508	 879	1096	40	 354.02	 0	-1 	0
2025-11-08 21:47:29	 58547	 900	1123	40	 25.66	 4	2 	0
2025-11-08 21:47:30	 58582	 1023	1139	40	 76.64	 0	0 	0
2025-11-08 21:47:31	 58634	 1030	1150	40	 94.22	 -1	1 	0
2025-11-08 21:47:33	 58689	 1029	1168	40	 94.22	 -1	2 	0
2025-11-08 21:47:37	 58833	 1016	1351	40	 94.22	 -1	1 	0
2025-11-08 21:47:38	 58868	 1011	1408	40	 64.34	 -1	1 	0
2025-11-08 21:47:41	 58952	 1009	1414	40	 255.59	 -1	-3 	0
2025-11-08 21:47:42	 58987	 1002	1389	40	 190.55	 -1	-1 	0
2025-11-08 21:47:46	 59131	 971	1391	40	 83.67	 0	0 	0
2025-11-08 21:47:47	 59172	 1047	1410	40	 15.12	 6	1 	0
2025-11-08 21:47:48	 59207	 1148	1444	56	 15.12	 6	1 	0
2025-11-08 21:47:49	 59242	 1222	1464	56	 345.23	 0	0 	0
2025-11-08 21:47:50	 59293	 1222	1424	56	 267.89	 -1	0 	0
2025-11-08 21:47:53	 59394	 1225	1496	56	 267.89	 -1	-3 	0
2025-11-08 21:47:54	 59429	 1224	1470	56	 202.85	 -1	-1 	0
2025-11-08 21:47:55	 59464	 1195	1457	56	 162.42	 -1	-1 	0
2025-11-08 21:48:00	 59623	 1152	1427	56	 223.59	 -1	-1 	0
2025-11-08 21:48:01	 59658	 1136	1424	56	 255.23	 -1	0 	0
2025-11-08 21:48:02	 59718	 1046	1422	47	 191.95	 -7	-1 	0
2025-11-08 21:48:03	 59753	 976	1376	40	 230.62	 0	-2 	0
2025-11-08 21:48:07	 59874	 982	1368	40	 19.69	 3	1 	0
2025-11-08 21:48:08	 59909	 1116	1416	56	 318.16	 0	0 	0
2025-11-08 21:48:09	 59944	 1171	1377	68	 318.16	 0	-1 	5
2025-11-08 21:48:12	 60037	 1235	1383	184	 2.11	 2	0 	5
2025-11-08 21:48:13	 60072	 1264	1386	184	 355.08	 0	0 	5
2025-11-08 21:48:14	 60107	 1413	1368	184	 5.62	 6	0 	0
2025-11-08 21:48:15	 60142	 1583	1386	184	 42.54	 0	0 	0
2025-11-08 21:48:17	 60227	 1583	1347	184	 97.03	 0	-1 	0
2025-11-08 21:48:19	 60286	 1583	1338	184	 90.00	 0	-1 	0
2025-11-08 21:48:24	 60472	 1583	1332	184	 177.89	 -1	0 	0
2025-11-08 21:48:25	 60507	 1482	1336	184	 177.89	 -7	0 	0
2025-11-08 21:48:26	 60542	 1307	1342	184	 177.89	 -5	0 	0
2025-11-08 21:48:27	 60577	 1231	1345	56	 126.91	 -1	0 	5
2025-11-08 21:48:31	 60713	 1222	1345	184	 111.09	 -1	1 	5
2025-11-08 21:48:32	 60748	 1198	1391	184	 28.48	 -1	0 	5
2025-11-08 21:48:33	 60789	 1378	1343	184	 346.29	 4	-2 	0
2025-11-08 21:48:34	 60824	 1420	1330	184	 104.06	 0	-1 	0
2025-11-08 21:48:35	 60870	 1350	1391	184	 119.88	 -2	0 	0
2025-11-08 21:48:37	 60915	 1349	1388	184	 342.77	 3	-2 	0
2025-11-08 21:48:38	 60950	 1551	1326	184	 12.66	 2	-1 	0
2025-11-08 21:48:39	 60985	 1577	1318	184	 121.64	 0	-1 	0
2025-11-08 21:48:40	 61041	 1524	1469	168	 109.34	 -3	6 	0
2025-11-08 21:48:41	 61076	 1488	1588	120	 54.84	 0	0 	0
2025-11-08 21:48:44	 61168	 1568	1628	106	 24.96	 5	2 	0
2025-11-08 21:48:45	 61203	 1691	1685	104	 90.00	 0	0 	0
2025-11-08 21:48:46	 61238	 1630	1726	104	 149.77	 -6	3 	0
2025-11-08 21:48:47	 61273	 1515	1804	104	 84.73	 -1	3 	0
2025-11-08 21:48:48	 61308	 1523	1945	104	 153.28	 0	0 	0
2025-11-08 21:48:49	 61343	 1404	1944	104	 184.92	 -8	-1 	0
2025-11-08 21:48:50	 61378	 1122	1919	104	 184.92	 -9	-1 	0
2025-11-08 21:48:51	 61426	 1029	1909	104	 184.92	 -4	-1 	0
2025-11-08 21:48:52	 61461	 983	1905	104	 116.37	 -1	-1 	0
2025-11-08 21:48:53	 61499	 969	1975	104	 97.03	 -1	0 	0
2025-11-08 21:48:55	 61570	 988	1883	104	 102.30	 1	-6 	0
2025-11-08 21:48:58	 61662	 973	1872	104	 181.41	 -5	-1 	0
2025-11-08 21:48:59	 61697	 811	1872	104	 151.52	 -2	0 	20
2025-11-08 21:49:00	 61732	 857	1872	104	 144.49	 0	0 	20
2025-11-08 21:49:03	 61838	 854	1880	104	 144.49	 -2	1 	20
2025-11-08 21:49:05	 61898	 839	1891	104	 39.02	 1	0 	20
2025-11-08 21:49:06	 61933	 962	1967	104	 65.39	 1	0 	0
2025-11-08 21:49:08	 62005	 962	1966	104	 188.44	 -4	-1 	0
2025-11-08 21:49:09	 62040	 784	1940	-8	 188.44	 -2	-1 	20
2025-11-08 21:49:10	 62075	 765	1937	-8	 102.30	 -1	-1 	20
2025-11-08 21:49:14	 62205	 729	1967	-8	 112.50	 -1	0 	0
2025-11-08 21:49:15	 62267	 713	1967	-8	 188.09	 -3	-1 	0
2025-11-08 21:49:16	 62302	 672	1949	-8	 188.09	 0	-1 	0
2025-11-08 21:49:23	 62538	 603	1929	-8	 239.06	 -2	-1 	0
2025-11-08 21:49:27	 62675	 585	1923	-8	 200.74	 -4	-2 	0
2025-11-08 21:49:28	 62710	 396	1872	-8	 200.74	 -6	-1 	0
2025-11-08 21:49:29	 62745	 335	1872	-8	 116.37	 -1	0 	0
2025-11-08 21:49:31	 62805	 446	1872	-8	 0.35	 7	0 	0
2025-11-08 21:49:32	 62840	 602	1873	-8	 291.80	 0	0 	0
2025-11-08 21:49:33	 62875	 623	1751	-8	 284.77	 0	-6 	0
2025-11-08 21:49:36	 62988	 623	1546	-8	 90.00	 -1	2 	0
2025-11-08 21:49:37	 63023	 623	1774	-8	 90.00	 -1	8 	0
2025-11-08 21:49:38	 63079	 619	1965	-8	 207.77	 -3	-2 	0
2025-11-08 21:49:39	 63114	 533	1934	-8	 149.77	 -4	1 	0
2025-11-08 21:49:40	 63149	 414	1967	8	 183.16	 -3	-1 	0
2025-11-08 21:49:41	 63184	 181	1955	24	 183.16	 -7	-1 	0
2025-11-08 21:49:42	 63219	 112	1951	24	 183.16	 -1	-1 	0
2025-11-08 21:49:45	 63298	 114	1955	24	 228.87	 0	1 	0
2025-11-08 21:49:47	 63384	 118	1967	24	 246.45	 0	0 	0
2025-11-08 21:49:52	 63556	 179	1957	24	 349.80	 3	-1 	0
2025-11-08 21:49:53	 63591	 224	1949	24	 17.93	 0	-1 	0
2025-11-08 21:49:59	 63793	 131	1967	24	 165.23	 -4	0 	0
2025-11-08 21:50:00	 63828	 100	1967	24	 272.46	 -1	0 	0
2025-11-08 21:50:01	 63863	 101	1842	24	 267.19	 -1	-6 	0
2025-11-08 21:50:02	 63898	 89	1585	24	 267.19	 -1	-6 	0
2025-11-08 21:50:08	 64101	 88	1544	24	 9.14	 2	0 	0
2025-11-08 21:50:09	 64136	 256	1571	48	 42.54	 1	0 	0
2025-11-08 21:50:10	 64192	 272	1574	48	 82.97	 0	-1 	0
2025-11-08 21:50:12	 64268	 265	1562	48	 53.09	 -1	-1 	0
2025-11-08 21:50:14	 64318	 254	1554	48	 75.94	 -1	-1 	0
2025-11-08 21:50:15	 64370	 248	1550	48	 37.27	 -1	-1 	0
2025-11-08 21:50:19	 64503	 269	1547	48	 2.11	 4	0 	0
2025-11-08 21:50:20	 64538	 517	1556	56	 2.11	 5	0 	0
2025-11-08 21:50:21	 64573	 578	1558	56	 10.90	 0	0 	0
2025-11-08 21:50:23	 64630	 563	1551	56	 10.90	 -1	-1 	0
2025-11-08 21:50:25	 64697	 538	1550	56	 10.90	 -1	-1 	0
2025-11-08 21:50:26	 64753	 525	1547	56	 10.90	 -1	-1 	0
2025-11-08 21:50:31	 64906	 511	1546	56	 358.59	 -1	-1 	0
2025-11-08 21:50:33	 64993	 622	1544	-8	 39.02	 -2	-1 	0
2025-11-08 21:50:35	 65061	 594	1550	-8	 39.02	 0	0 	0
2025-11-08 21:50:39	 65191	 623	1548	-8	 100.55	 -1	2 	0
2025-11-08 21:50:40	 65226	 592	1762	-8	 100.55	 -1	5 	0
2025-11-08 21:50:41	 65261	 592	1893	-8	 169.10	 0	0 	0
2025-11-08 21:50:42	 65296	 563	1916	-8	 149.77	 -5	2 	0
2025-11-08 21:50:43	 65331	 437	1967	8	 176.13	 -3	0 	0
2025-11-08 21:50:44	 65366	 250	1967	24	 176.13	 -8	0 	0
2025-11-08 21:50:46	 65426	 80	1953	24	 272.81	 0	-5 	0
2025-11-08 21:50:47	 65461	 93	1705	24	 272.81	 0	-9 	0
2025-11-08 21:50:48	 65522	 126	1546	32	 5.98	 3	0 	0
2025-11-08 21:50:49	 65557	 230	1557	40	 3.63	 2	0 	0
2025-11-08 21:50:50	 65592	 267	1560	48	 3.52	 0	0 	0
When: 2025-11-08 21:53:13 Episode: 1 Map: 6
timestamp	 tic	 x	 y	 z	 angle	 momx	 momy
2025-11-08 21:53:14	 70595	 1014	1367	40	 32.70	 -1	0 	0
2025-11-08 21:53:18	 70709	 972	1372	40	 178.24	 -2	0 	0
2025-11-08 21:53:21	 70822	 1133	1300	56	 336.45	 5	-3 	5
2025-11-08 21:53:22	 70869	 1158	1296	116	 16.88	 0	0 	5
2025-11-08 21:53:23	 70904	 1189	1305	184	 11.60	 0	0 	5
2025-11-08 21:53:26	 71002	 1346	1323	184	 6.33	 7	0 	0
2025-11-08 21:53:27	 71037	 1502	1340	184	 32.70	 1	0 	0
2025-11-08 21:53:31	 71188	 1520	1342	184	 169.80	 1	0 	0
2025-11-08 21:53:32	 71223	 1545	1341	184	 169.80	 1	-1 	0
2025-11-08 21:53:36	 71370	 1557	1347	184	 90.70	 -1	3 	0
2025-11-08 21:53:37	 71405	 1554	1585	134	 90.70	 -1	8 	0
2025-11-08 21:53:38	 71440	 1550	1876	104	 94.22	 -1	6 	0
2025-11-08 21:53:39	 71475	 1549	1946	104	 201.45	 -1	0 	0
2025-11-08 21:53:42	 71564	 1553	1958	104	 245.39	 0	0 	0
2025-11-08 21:53:46	 71698	 1552	1957	104	 252.42	 -1	-4 	0
2025-11-08 21:53:47	 71733	 1488	1746	104	 252.42	 -1	-3 	0
2025-11-08 21:53:48	 71768	 1488	1718	104	 349.10	 0	-1 	0
2025-11-08 21:53:49	 71803	 1666	1683	104	 349.10	 7	-2 	0
2025-11-08 21:53:50	 71838	 1783	1675	104	 8.44	 0	0 	0
2025-11-08 21:53:53	 71946	 1626	1728	104	 161.37	 -8	2 	0
2025-11-08 21:53:54	 71981	 1533	1767	104	 92.81	 -1	3 	0
2025-11-08 21:53:55	 72016	 1521	1949	104	 126.21	 -1	1 	0
2025-11-08 21:53:56	 72051	 1452	1957	104	 189.49	 -7	-2 	0
2025-11-08 21:53:57	 72086	 1207	1916	104	 180.70	 -4	-1 	0
2025-11-08 21:53:59	 72148	 1025	1909	104	 180.70	 -5	-1 	0
2025-11-08 21:54:00	 72183	 967	1908	104	 152.58	 -1	-1 	0
2025-11-08 21:54:01	 72239	 953	1975	104	 98.09	 -1	0 	0
2025-11-08 21:54:03	 72311	 883	1949	69	 189.49	 -6	-2 	20
2025-11-08 21:54:04	 72346	 788	1927	-8	 170.16	 -1	-1 	20
2025-11-08 21:54:05	 72382	 768	1967	104	 126.21	 -1	0 	20
2025-11-08 21:54:07	 72435	 827	1887	104	 126.21	 0	-1 	20
2025-11-08 21:54:09	 72492	 860	1897	104	 29.53	 4	2 	20
2025-11-08 21:54:10	 72527	 993	1967	104	 91.05	 0	0 	0
2025-11-08 21:54:11	 72562	 983	1967	104	 126.21	 -1	0 	0
2025-11-08 21:54:12	 72610	 894	1950	90	 191.25	 -7	-2 	20
2025-11-08 21:54:13	 72645	 675	1907	-8	 157.85	 -3	-1 	0
2025-11-08 21:54:14	 72685	 672	1967	-8	 91.05	 -1	4 	0
2025-11-08 21:54:15	 72720	 672	1967	-8	 98.09	 -1	0 	0
2025-11-08 21:54:17	 72798	 688	1968	-8	 73.48	 1	1 	0
2025-11-08 21:54:18	 72838	 703	1971	-8	 103.36	 0	-3 	0
2025-11-08 21:54:19	 72873	 692	1903	-8	 147.30	 -5	2 	0
2025-11-08 21:54:20	 72908	 672	1952	-8	 147.30	 0	0 	0
2025-11-08 21:54:24	 73046	 596	1948	-8	 184.22	 -1	-1 	0
2025-11-08 21:54:30	 73242	 568	1938	-8	 201.80	 -5	-2 	0
2025-11-08 21:54:31	 73277	 383	1872	-8	 201.80	 0	0 	0
2025-11-08 21:54:32	 73312	 582	1958	-8	 203.55	 6	2 	0
2025-11-08 21:54:33	 73347	 625	1967	-8	 275.62	 0	0 	0
2025-11-08 21:54:35	 73410	 465	1965	0	 180.70	 -8	-1 	0
2025-11-08 21:54:36	 73445	 181	1962	24	 180.70	 -9	-1 	0
2025-11-08 21:54:37	 73502	 85	1965	24	 193.01	 0	0 	0
2025-11-08 21:54:38	 73537	 92	1967	24	 212.34	 0	0 	0
2025-11-08 21:54:46	 73819	 91	1966	24	 203.55	 -3	-2 	0
2025-11-08 21:54:47	 73854	 80	1904	24	 203.55	 0	-1 	0
2025-11-08 21:54:50	 73947	 80	1908	24	 99.84	 -1	3 	0
2025-11-08 21:54:54	 74071	 80	1871	24	 256.29	 -1	-7 	0
2025-11-08 21:54:55	 74106	 80	1655	24	 256.29	 0	-4 	0
2025-11-08 21:54:56	 74141	 80	1621	24	 256.29	 0	-1 	0
2025-11-08 21:54:57	 74176	 111	1777	24	 256.29	 0	3 	0
2025-11-08 21:54:58	 74211	 111	1815	24	 149.06	 0	0 	0
2025-11-08 21:54:59	 74250	 80	1868	24	 161.37	 0	0 	0
2025-11-08 21:55:00	 74285	 80	1885	24	 161.37	 -1	1 	0
2025-11-08 21:55:01	 74320	 80	1909	24	 236.95	 0	0 	0
2025-11-08 21:55:02	 74357	 80	1858	24	 266.84	 0	-1 	0
2025-11-08 21:55:03	 74392	 80	1713	24	 266.84	 -1	-8 	0
2025-11-08 21:55:11	 74676	 97	1548	24	 14.06	 4	1 	0
2025-11-08 21:55:12	 74711	 258	1573	48	 347.70	 6	-2 	0
2025-11-08 21:55:13	 74746	 375	1551	56	 47.46	 0	-1 	0
2025-11-08 21:55:15	 74835	 365	1544	56	 114.77	 -1	0 	0
When: 2025-11-08 21:55:52 Episode: 1 Map: 6
timestamp	 tic	 x	 y	 z	 angle	 momx	 momy
2025-11-08 21:55:53	 76117	 1015	1360	40	 88.95	 -1	1 	0
2025-11-08 21:55:56	 76233	 1004	1370	40	 185.27	 -4	-1 	0
2025-11-08 21:55:59	 76336	 995	1361	40	 348.75	 5	-2 	0
2025-11-08 21:56:00	 76371	 1212	1318	56	 348.75	 2	-1 	5
2025-11-08 21:56:01	 76406	 1185	1323	84	 348.75	 -1	0 	5
2025-11-08 21:56:02	 76441	 1173	1331	56	 329.41	 -1	0 	5
2025-11-08 21:56:05	 76528	 1162	1327	56	 334.69	 -1	-1 	5
2025-11-08 21:56:06	 76574	 1154	1323	184	 15.12	 -1	-1 	5
2025-11-08 21:56:10	 76690	 1344	1332	184	 2.81	 7	0 	0
2025-11-08 21:56:11	 76725	 1541	1342	184	 25.66	 1	0 	0
2025-11-08 21:56:12	 76760	 1554	1363	184	 97.73	 0	1 	0
2025-11-08 21:56:13	 76819	 1554	1371	184	 92.46	 0	-3 	0
2025-11-08 21:56:20	 77055	 1556	1323	184	 95.98	 -1	5 	0
2025-11-08 21:56:21	 77090	 1528	1583	136	 95.98	 -1	8 	0
2025-11-08 21:56:22	 77125	 1521	1725	104	 13.36	 3	1 	0
2025-11-08 21:56:23	 77160	 1665	1765	104	 311.84	 0	0 	0
2025-11-08 21:56:24	 77203	 1687	1775	104	 213.40	 0	0 	0
2025-11-08 21:56:26	 77280	 1615	1775	104	 150.12	 -3	0 	0
2025-11-08 21:56:27	 77315	 1563	1783	104	 81.56	 0	3 	0
2025-11-08 21:56:28	 77350	 1569	1874	104	 146.60	 -3	2 	0
2025-11-08 21:56:29	 77385	 1403	1967	104	 155.39	 -3	0 	0
2025-11-08 21:56:30	 77420	 1280	1943	104	 185.27	 -6	-2 	0
2025-11-08 21:56:31	 77455	 1061	1935	104	 178.24	 -9	0 	0
2025-11-08 21:56:33	 77527	 998	1967	104	 141.33	 -3	0 	0
2025-11-08 21:56:34	 77562	 972	1967	104	 167.70	 -1	0 	0
2025-11-08 21:56:36	 77600	 815	1933	-8	 192.30	 -5	-1 	20
2025-11-08 21:56:37	 77635	 768	1923	-8	 141.33	 -1	-1 	20
2025-11-08 21:56:38	 77670	 690	1975	-8	 104.41	 -1	0 	0
2025-11-08 21:56:40	 77744	 688	1968	-8	 174.73	 0	-1 	0
2025-11-08 21:56:42	 77838	 672	1942	-8	 201.09	 0	-1 	0
2025-11-08 21:56:45	 77944	 676	1934	-8	 188.79	 0	-1 	0
2025-11-08 21:56:46	 77979	 650	1933	-8	 192.30	 -1	-1 	18
2025-11-08 21:56:47	 78014	 617	1935	-8	 178.24	 -1	0 	0
2025-11-08 21:56:51	 78144	 568	1931	-8	 188.79	 -3	-1 	0
2025-11-08 21:56:52	 78179	 413	1888	-8	 197.58	 -5	-2 	0
2025-11-08 21:56:53	 78214	 535	1927	-2	 195.82	 7	2 	0
2025-11-08 21:56:54	 78249	 578	1967	-8	 164.18	 -2	0 	0
2025-11-08 21:56:55	 78284	 455	1967	8	 172.97	 -7	0 	0
2025-11-08 21:56:56	 78319	 208	1967	24	 172.97	 -1	0 	0
2025-11-08 21:56:57	 78354	 139	1964	24	 202.85	 -2	-1 	0
2025-11-08 21:56:59	 78409	 121	1958	24	 274.92	 0	0 	0
2025-11-08 21:57:00	 78444	 137	1963	24	 274.92	 1	0 	0
2025-11-08 21:57:01	 78479	 173	1967	24	 202.85	 1	0 	0
2025-11-08 21:57:02	 78514	 200	1967	24	 197.58	 0	0 	0
2025-11-08 21:57:03	 78549	 213	1967	24	 189.70	 0	0 	0
2025-11-08 21:58:02	 80577	 1401	751	40	 134.65	 -1	0 	0
When: 2025-11-08 21:58:30 Episode: 1 Map: 1
timestamp	 tic	 x	 y	 z	 angle	 momx	 momy
2025-11-08 21:58:34	 405	 -96	784	56	 82.97	 -1	-1 	0
2025-11-08 21:58:37	 481	 -97	767	56	 88.24	 0	0 	0
2025-11-08 21:58:38	 516	 -91	972	16	 88.24	 0	8 	0
2025-11-08 21:58:39	 551	 -82	1260	48	 88.24	 0	6 	0
2025-11-08 21:58:40	 586	 -85	1315	56	 75.94	 -1	-1 	0
2025-11-08 21:58:44	 745	 -31	1165	40	 305.86	 1	-5 	0
2025-11-08 21:58:45	 780	 31	1041	8	 342.77	 0	-2 	0
2025-11-08 21:58:46	 815	 47	1034	8	 16.17	 0	0 	0
2025-11-08 21:58:47	 850	 158	1098	8	 31.99	 3	1 	0
2025-11-08 21:58:48	 885	 173	1153	8	 116.37	 -3	5 	0
2025-11-08 21:58:49	 920	 125	1252	16	 23.20	 -1	0 	0
2025-11-08 21:58:50	 955	 177	1254	8	 39.02	 0	-1 	0
2025-11-08 21:58:53	 1044	 52	1235	32	 188.44	 -8	-2 	0
2025-11-08 21:58:54	 1079	 -223	1194	19	 181.41	 -9	-2 	0
2025-11-08 21:58:55	 1114	 -322	1177	8	 77.70	 0	1 	0
2025-11-08 21:58:56	 1149	 -299	1263	8	 44.30	 0	0 	0
2025-11-08 21:58:57	 1190	 -166	1263	40	 353.32	 2	0 	0
2025-11-08 21:58:58	 1225	 -135	1263	48	 290.04	 0	0 	0
2025-11-08 21:59:00	 1294	 -81	1117	32	 290.04	 2	-6 	0
2025-11-08 21:59:01	 1329	 -47	1024	24	 319.92	 0	-2 	0
2025-11-08 21:59:02	 1364	 -41	1009	16	 82.97	 0	-1 	0
2025-11-08 21:59:03	 1406	 -79	1210	48	 100.55	 -2	6 	0
2025-11-08 21:59:04	 1441	 -96	1412	56	 91.76	 -1	7 	0
2025-11-08 21:59:05	 1476	 -99	1525	56	 30.23	 -1	0 	0
2025-11-08 21:59:06	 1511	 -46	1573	56	 39.02	 5	4 	0
2025-11-08 21:59:07	 1546	 50	1647	56	 341.02	 0	0 	0
2025-11-08 21:59:09	 1603	 47	1647	56	 348.05	 -1	0 	0
2025-11-08 21:59:11	 1702	 44	1647	56	 348.05	 2	-1 	0
2025-11-08 21:59:12	 1737	 228	1607	56	 355.08	 2	-1 	0
2025-11-08 21:59:13	 1772	 249	1600	56	 3.87	 -1	-1 	0
2025-11-08 21:59:17	 1887	 237	1598	56	 330.47	 0	-1 	0
2025-11-08 21:59:18	 1922	 374	1540	56	 321.68	 2	-1 	0
2025-11-08 21:59:19	 1957	 401	1522	56	 268.95	 0	-1 	0
2025-11-08 21:59:20	 1992	 429	1409	56	 256.64	 0	-2 	0
2025-11-08 21:59:21	 2027	 431	1419	56	 249.61	 0	0 	0
2025-11-08 21:59:22	 2062	 431	1437	56	 258.46	 0	0 	0
2025-11-08 21:59:57	 3283	 -97	765	56	 84.73	 -1	-1 	0
2025-11-08 21:59:59	 3322	 -88	855	54	 84.73	 0	4 	0
2025-11-08 22:00:00	 3357	 -80	942	8	 84.73	 0	0 	0
2025-11-08 22:00:01	 3392	 -67	1092	32	 84.73	 0	7 	0
2025-11-08 22:00:02	 3427	 -46	1313	56	 91.76	 0	1 	0
2025-11-08 22:00:04	 3501	 -40	1301	56	 104.06	 0	-1 	0
2025-11-08 22:00:05	 3558	 -40	1285	56	 90.00	 -1	-1 	0
2025-11-08 22:00:08	 3635	 -41	1266	56	 90.00	 -1	-1 	0
2025-11-08 22:00:09	 3698	 -41	1264	56	 90.00	 -1	2 	0
2025-11-08 22:00:10	 3733	 -42	1375	56	 90.00	 -1	0 	0
2025-11-08 22:00:13	 3819	 -43	1374	56	 86.48	 -1	-1 	0
2025-11-08 22:00:15	 3908	 -44	1364	56	 71.84	 -1	-1 	0
2025-11-08 22:00:20	 4047	 -97	893	29	 90.00	 -1	6 	0
2025-11-08 22:00:21	 4082	 -97	1041	24	 90.00	 -1	0 	0
2025-11-08 22:00:23	 4134	 -103	1034	16	 63.63	 -1	-1 	0
2025-11-08 22:00:24	 4169	 -94	1058	24	 67.15	 0	0 	0
2025-11-08 22:00:27	 4300	 -93	1053	24	 151.17	 -1	-1 	0
2025-11-08 22:00:29	 4355	 -98	1226	48	 91.41	 -1	7 	0
2025-11-08 22:00:30	 4390	 -103	1437	56	 91.41	 -1	1 	0
2025-11-08 22:00:32	 4475	 -39	1509	56	 47.46	 4	5 	0
2025-11-08 22:00:33	 4510	 -17	1565	56	 0.00	 0	0 	0
2025-11-08 22:00:34	 4545	 61	1582	56	 352.97	 4	-1 	0
2025-11-08 22:00:35	 4580	 267	1552	56	 352.97	 1	0 	0
2025-11-08 22:00:37	 4638	 251	1552	56	 16.79	 -1	0 	0
2025-11-08 22:00:43	 4820	 -97	804	56	 90.00	 -1	1 	0
2025-11-08 22:00:44	 4855	 -97	952	8	 97.03	 -1	1 	0
2025-11-08 22:00:45	 4890	 -102	1014	16	 97.03	 -1	0 	0
2025-11-08 22:00:47	 4935	 -108	1005	16	 53.09	 -1	-1 	0
2025-11-08 22:00:48	 4970	 -112	996	16	 72.42	 -1	-1 	0
2025-11-08 22:00:50	 5048	 -62	1137	40	 70.66	 2	7 	0
2025-11-08 22:00:51	 5083	 -17	1265	56	 97.03	 0	0 	0
2025-11-08 22:00:52	 5136	 -29	1364	56	 97.03	 -1	3 	0
2025-11-08 22:00:53	 5171	 -34	1391	56	 84.73	 -1	0 	0
2025-11-08 22:00:55	 5238	 -17	1541	56	 75.94	 0	6 	0
2025-11-08 22:00:56	 5273	 -25	1544	56	 53.09	 -1	-1 	0
2025-11-08 22:00:57	 5310	 41	1592	56	 33.75	 5	3 	0
2025-11-08 22:00:58	 5345	 194	1644	56	 356.84	 5	-1 	0
2025-11-08 22:00:59	 5380	 239	1652	56	 330.47	 0	-1 	0
2025-11-08 22:01:00	 5415	 237	1642	56	 325.20	 -1	0 	0
2025-11-08 22:01:02	 5464	 216	1658	56	 322.44	 -1	0 	0
2025-11-08 22:02:01	 7495	 -95	798	56	 84.73	 0	4 	0
2025-11-08 22:02:02	 7530	 -73	1037	24	 84.73	 0	8 	0
2025-11-08 22:02:03	 7565	 -49	1301	56	 86.48	 0	3 	0
2025-11-08 22:02:07	 7718	 -41	1373	56	 82.97	 0	4 	0
2025-11-08 22:02:08	 7753	 -35	1424	56	 82.97	 0	0 	0
2025-11-08 22:02:09	 7788	 -15	1580	56	 63.63	 0	3 	0
2025-11-08 22:02:10	 7823	 75	1647	56	 21.45	 2	0 	0
2025-11-08 22:02:11	 7858	 201	1649	56	 2.11	 7	0 	0
2025-11-08 22:02:12	 7893	 239	1650	56	 349.80	 1	-1 	0
2025-11-08 22:02:14	 7960	 221	1657	56	 349.80	 -3	0 	0
2025-11-08 22:02:15	 7995	 197	1658	56	 302.34	 0	-2 	0
2025-11-08 22:02:16	 8030	 189	1647	56	 358.01	 -1	-1 	0
2025-11-08 22:02:21	 8177	 -97	798	56	 90.00	 -1	4 	0
2025-11-08 22:02:22	 8212	 -97	968	8	 90.00	 -1	1 	0
2025-11-08 22:02:25	 8320	 -96	984	16	 70.66	 0	2 	0
2025-11-08 22:02:26	 8355	 -24	1182	40	 77.70	 1	4 	0
2025-11-08 22:02:27	 8390	 -36	1331	56	 104.06	 -2	5 	0
2025-11-08 22:02:28	 8425	 -49	1386	56	 91.76	 -1	0 	0
2025-11-08 22:02:32	 8535	 -24	1504	56	 77.70	 1	7 	0
2025-11-08 22:02:33	 8570	 2	1618	56	 16.17	 3	1 	0
2025-11-08 22:02:34	 8605	 166	1647	56	 42.54	 1	0 	0
2025-11-08 22:02:35	 8640	 239	1753	56	 53.09	 0	2 	0
2025-11-08 22:02:36	 8675	 239	1774	56	 298.83	 0	0 	0
2025-11-08 22:02:46	 9025	 239	1668	56	 275.98	 0	-6 	0
2025-11-08 22:02:47	 9060	 239	1615	56	 344.53	 0	-1 	0
2025-11-08 22:02:48	 9095	 397	1628	56	 5.62	 7	0 	0
2025-11-08 22:02:49	 9130	 599	1648	56	 307.62	 1	0 	0
2025-11-08 22:02:50	 9165	 609	1587	56	 267.19	 -1	-7 	0
2025-11-08 22:02:53	 9271	 584	1523	56	 119.53	 -1	0 	0
2025-11-08 22:02:55	 9369	 600	1525	56	 161.72	 0	-1 	0
2025-11-08 22:02:57	 9425	 621	1518	56	 161.72	 1	-1 	0
2025-11-08 22:02:58	 9460	 576	1534	56	 161.72	 -7	2 	0
2025-11-08 22:03:00	 9522	 526	1556	56	 15.82	 2	0 	0
2025-11-08 22:03:01	 9557	 691	1603	56	 15.82	 1	0 	0
2025-11-08 22:03:02	 9592	 708	1607	56	 303.75	 0	-2 	0
2025-11-08 22:03:03	 9627	 708	1572	56	 242.23	 -1	-1 	0
2025-11-08 22:03:05	 9698	 621	1711	56	 120.94	 -2	0 	0
2025-11-08 22:03:06	 9733	 588	1704	56	 200.04	 -5	-2 	0
2025-11-08 22:03:07	 9768	 440	1596	56	 200.04	 -5	-3 	0
2025-11-08 22:03:08	 9803	 391	1573	56	 170.16	 -1	-1 	0
2025-11-08 22:03:10	 9887	 260	1608	56	 164.88	 -8	2 	0
2025-11-08 22:03:11	 9922	 328	1589	56	 164.88	 7	-2 	0
2025-11-08 22:03:12	 9957	 419	1565	56	 182.46	 0	-1 	0
2025-11-08 22:03:15	 10060	 362	1509	56	 228.16	 -4	-4 	0
2025-11-08 22:03:16	 10095	 336	1477	56	 270.35	 0	-1 	0
2025-11-08 22:03:18	 10158	 336	1450	56	 270.35	 0	-6 	0
2025-11-08 22:03:19	 10193	 337	1186	56	 270.35	 0	-9 	0
2025-11-08 22:03:20	 10228	 339	966	56	 270.35	 0	-2 	0
2025-11-08 22:03:21	 10278	 339	948	56	 347.61	 -1	0 	0
2025-11-08 22:06:49	 17498	 -97	790	56	 93.52	 -1	0 	0
2025-11-08 22:06:53	 17638	 -99	773	56	 86.48	 -1	-1 	0
2025-11-08 22:06:54	 17699	 -93	865	51	 86.48	 0	6 	0
2025-11-08 22:06:55	 17734	 -77	1126	32	 86.48	 0	7 	0
2025-11-08 22:06:56	 17769	 -64	1337	56	 86.48	 0	1 	0
2025-11-08 22:06:59	 17855	 -63	1350	56	 107.58	 0	-1 	0
2025-11-08 22:07:01	 17917	 -74	1423	56	 98.79	 -2	6 	0
2025-11-08 22:07:02	 17952	 -89	1517	56	 19.69	 -1	0 	0
2025-11-08 22:07:03	 17994	 -18	1546	56	 19.69	 6	2 	0
2025-11-08 22:07:04	 18029	 155	1627	56	 10.90	 4	1 	0
2025-11-08 22:07:05	 18064	 299	1611	56	 342.77	 6	-2 	0
2025-11-08 22:07:06	 18099	 305	1570	56	 288.28	 1	-4 	0
2025-11-08 22:07:07	 18134	 301	1552	56	 323.28	 -1	0 	0
When: 2025-11-08 22:07:29 Episode: 1 Map: 1
timestamp	 tic	 x	 y	 z	 angle	 momx	 momy
2025-11-08 22:07:31	 177	 -96	784	56	 90.00	 -1	0 	0
2025-11-08 22:07:37	 374	 -97	800	56	 88.24	 0	0 	0
2025-11-08 22:07:38	 409	 -90	1000	16	 88.24	 0	7 	0
2025-11-08 22:07:39	 444	 -82	1287	56	 88.24	 0	7 	0
2025-11-08 22:07:40	 479	 -79	1364	56	 95.27	 0	0 	0
2025-11-08 22:07:43	 592	 -83	1356	56	 68.91	 -1	-1 	0
2025-11-08 22:07:44	 627	 -35	1481	56	 68.91	 2	7 	0
2025-11-08 22:07:46	 691	 -17	1535	56	 19.69	 0	0 	0
2025-11-08 22:07:47	 726	 43	1583	56	 346.29	 3	-1 	0
2025-11-08 22:07:48	 761	 204	1552	56	 346.29	 5	-1 	0
2025-11-08 22:07:49	 796	 233	1552	56	 19.69	 1	0 	0
2025-11-08 22:07:50	 831	 278	1568	56	 356.84	 0	0 	0
2025-11-08 22:07:51	 866	 284	1565	56	 353.32	 0	-1 	0
2025-11-08 22:07:57	 1072	 392	1539	56	 333.98	 3	-1 	0
2025-11-08 22:07:58	 1107	 431	1500	56	 281.25	 0	-5 	0
2025-11-08 22:07:59	 1142	 431	1360	56	 281.25	 0	-7 	0
2025-11-08 22:08:00	 1177	 431	1360	56	 281.25	 0	-6 	0
2025-11-08 22:08:01	 1212	 426	1357	56	 240.82	 -2	-4 	0
2025-11-08 22:08:02	 1247	 427	1369	56	 240.82	 0	0 	0
2025-11-08 22:08:06	 1389	 426	1396	56	 107.23	 -2	4 	0
2025-11-08 22:08:07	 1424	 366	1588	56	 63.28	 -1	1 	0
2025-11-08 22:08:08	 1459	 457	1647	56	 24.61	 3	0 	0
2025-11-08 22:08:09	 1494	 647	1684	56	 5.27	 3	1 	0
2025-11-08 22:08:13	 1631	 685	1550	56	 265.08	 0	-3 	0
2025-11-08 22:08:14	 1666	 636	1531	56	 194.77	 -6	-2 	0
2025-11-08 22:08:15	 1701	 556	1524	56	 119.18	 -1	0 	0
2025-11-08 22:08:16	 1737	 548	1577	56	 36.56	 -1	0 	0
2025-11-08 22:08:17	 1772	 677	1618	56	 31.29	 2	0 	0
2025-11-08 22:08:18	 1807	 707	1626	56	 154.34	 0	0 	0
2025-11-08 22:08:19	 1848	 534	1619	56	 182.46	 -8	-1 	0
2025-11-08 22:08:20	 1883	 351	1610	56	 258.05	 -1	-1 	0
2025-11-08 22:08:21	 1918	 341	1423	56	 272.11	 0	-8 	0
2025-11-08 22:08:22	 1953	 350	1357	56	 255.02	 0	-1 	0
2025-11-08 22:08:32	 2273	 -97	774	56	 84.73	 -1	-1 	0
2025-11-08 22:08:34	 2323	 -94	806	56	 84.73	 0	5 	0
2025-11-08 22:08:35	 2358	 -71	1065	24	 84.73	 0	8 	0
2025-11-08 22:08:36	 2393	 -46	1285	56	 107.58	 0	1 	0
2025-11-08 22:08:39	 2508	 -42	1300	56	 95.27	 -1	2 	0
2025-11-08 22:08:40	 2543	 -63	1528	56	 82.97	 -1	5 	0
2025-11-08 22:08:41	 2578	 -61	1583	56	 351.56	 0	0 	0
2025-11-08 22:08:42	 2613	 113	1559	56	 0.35	 4	-1 	0
2025-11-08 22:08:43	 2648	 161	1552	56	 0.35	 0	-1 	0
2025-11-08 22:08:47	 2775	 280	1553	56	 16.17	 4	0 	0
2025-11-08 22:08:48	 2810	 309	1553	56	 339.26	 0	0 	0
2025-11-08 22:08:49	 2858	 374	1529	56	 272.46	 1	-1 	0
2025-11-08 22:08:50	 2893	 363	1424	56	 267.19	 -1	-6 	0
2025-11-08 22:08:51	 2928	 361	1334	56	 267.19	 0	-1 	0
2025-11-08 22:08:52	 2963	 357	1336	56	 293.55	 -1	0 	0
When: 2025-11-08 22:09:00 Episode: 1 Map: 3
timestamp	 tic	 x	 y	 z	 angle	 momx	 momy
2025-11-08 22:09:01	 3216	 2713	2854	40	 267.54	 0	-1 	15
2025-11-08 22:09:04	 3323	 2679	2919	40	 88.24	 -1	0 	15
2025-11-08 22:09:05	 3358	 2679	3091	40	 86.48	 0	2 	15
2025-11-08 22:09:06	 3393	 2680	3118	40	 330.47	 0	0 	15
2025-11-08 22:09:08	 3435	 2778	3013	40	 283.01	 1	-2 	15
2025-11-08 22:09:09	 3470	 2792	2950	40	 235.55	 -3	-4 	15
2025-11-08 22:09:11	 3544	 2711	2821	40	 268.95	 -1	-4 	15
2025-11-08 22:09:12	 3579	 2710	2767	40	 277.73	 -1	-1 	20
2025-11-08 22:09:19	 3845	 2734	2651	13	 281.60	 1	-7 	0
2025-11-08 22:09:20	 3880	 2763	2508	-120	 220.08	 0	-1 	0
2025-11-08 22:09:22	 3958	 2738	2494	-120	 195.47	 -4	-1 	0
2025-11-08 22:09:23	 3993	 2660	2472	-144	 195.47	 -1	-1 	0
2025-11-08 22:09:24	 4028	 2658	2471	-144	 179.65	 0	0 	0
2025-11-08 22:09:26	 4076	 2599	2471	-144	 179.65	 -7	0 	0
2025-11-08 22:09:27	 4111	 2325	2473	-144	 179.65	 -9	0 	0
2025-11-08 22:09:28	 4151	 2357	2473	-144	 155.04	 0	-1 	0
2025-11-08 22:09:29	 4186	 2296	2460	-144	 190.20	 0	-1 	0
2025-11-08 22:09:30	 4221	 2380	2471	-144	 198.98	 1	0 	0
2025-11-08 22:09:31	 4274	 2398	2474	-144	 4.22	 2	0 	0
2025-11-08 22:09:32	 4309	 2567	2477	-144	 355.43	 7	-1 	0
2025-11-08 22:09:33	 4344	 2640	2472	-144	 344.88	 0	-1 	0
2025-11-08 22:09:40	 4559	 2727	2427	-122	 341.37	 6	-3 	0
2025-11-08 22:09:41	 4594	 2949	2347	-128	 357.19	 3	-1 	0
2025-11-08 22:09:42	 4629	 3128	2330	-144	 357.19	 2	-1 	0
2025-11-08 22:09:44	 4708	 3018	2457	-128	 132.54	 -6	5 	0
2025-11-08 22:09:45	 4743	 2920	2554	-144	 204.61	 -4	-1 	0
2025-11-08 22:09:46	 4778	 2706	2461	-120	 199.34	 -8	-4 	0
2025-11-08 22:09:47	 4813	 2481	2426	-128	 174.73	 -8	0 	0
2025-11-08 22:09:48	 4848	 2296	2444	-144	 174.73	 0	0 	0
2025-11-08 22:09:50	 4931	 2341	2502	-144	 71.02	 1	2 	0
2025-11-08 22:09:51	 4966	 2338	2536	-144	 162.42	 -5	1 	0
2025-11-08 22:09:52	 5001	 2296	2559	-144	 160.66	 0	0 	0
2025-11-08 22:09:55	 5088	 2471	2488	-144	 337.85	 7	-4 	0
2025-11-08 22:09:56	 5123	 2577	2445	-144	 32.34	 0	-1 	0
2025-11-08 22:09:58	 5218	 2576	2444	-144	 343.12	 -1	0 	0
2025-11-08 22:09:59	 5253	 2561	2436	-144	 51.68	 -1	-1 	0
2025-11-08 22:10:02	 5337	 2703	2415	-144	 351.91	 7	-2 	0
2025-11-08 22:10:03	 5372	 2984	2375	-128	 351.91	 8	-2 	0
2025-11-08 22:10:04	 5407	 3168	2342	-144	 351.91	 2	-1 	0
2025-11-08 22:10:05	 5442	 3261	2327	-144	 56.95	 0	-1 	0
2025-11-08 22:10:06	 5477	 3236	2380	-144	 120.23	 -4	5 	0
2025-11-08 22:10:07	 5512	 3183	2447	-144	 44.65	 -1	0 	0
2025-11-08 22:10:10	 5614	 3130	2422	-144	 155.04	 -1	-1 	0
2025-11-08 22:10:11	 5649	 3114	2435	-144	 112.85	 -1	1 	0
2025-11-08 22:10:12	 5684	 3104	2465	-144	 88.24	 0	3 	0
2025-11-08 22:10:13	 5722	 3105	2423	-144	 88.24	 -1	-7 	0
2025-11-08 22:10:14	 5757	 3101	2286	-128	 88.24	 -1	-1 	0
2025-11-08 22:10:15	 5792	 3075	2359	-128	 107.58	 -3	6 	16
2025-11-08 22:10:16	 5827	 3012	2558	-144	 70.66	 -1	1 	0
2025-11-08 22:10:18	 5904	 3006	2574	-144	 179.65	 -2	0 	0
2025-11-08 22:10:19	 5939	 2791	2576	-144	 179.65	 -8	0 	0
2025-11-08 22:10:20	 5974	 2504	2577	-144	 179.65	 -9	0 	0
2025-11-08 22:10:22	 6038	 2320	2569	-144	 193.71	 0	-1 	0
2025-11-08 22:10:23	 6090	 2319	2546	-144	 269.30	 -1	-5 	0
2025-11-08 22:10:24	 6125	 2317	2432	-144	 269.30	 -1	-1 	0
2025-11-08 22:10:26	 6169	 2337	2342	-144	 278.09	 1	-8 	0
2025-11-08 22:10:27	 6204	 2356	2256	40	 227.11	 0	0 	17
2025-11-08 22:10:28	 6263	 2342	2192	40	 336.09	 -1	0 	0
2025-11-08 22:10:32	 6402	 2515	2194	40	 0.70	 7	0 	0
2025-11-08 22:10:33	 6437	 2803	2197	40	 0.70	 8	0 	0
2025-11-08 22:10:34	 6472	 3088	2201	40	 0.70	 8	0 	0
2025-11-08 22:10:44	 6813	 2791	2696	40	 211.99	 -7	-4 	0
2025-11-08 22:10:45	 6848	 2560	2552	-144	 208.48	 -8	-5 	0
2025-11-08 22:10:46	 6883	 2393	2533	-144	 164.53	 -8	1 	0
2025-11-08 22:10:49	 6971	 2298	2528	-144	 282.30	 0	-1 	0
2025-11-08 22:10:50	 7006	 2344	2425	-144	 282.30	 1	-8 	0
2025-11-08 22:10:51	 7041	 2381	2256	-96	 203.20	 0	-2 	0
2025-11-08 22:10:52	 7076	 2320	2240	40	 211.99	 0	-1 	17
2025-11-08 22:10:53	 7121	 2320	2192	40	 322.73	 -1	-1 	0
2025-11-08 22:10:54	 7156	 2320	2192	40	 343.83	 0	-1 	0
2025-11-08 22:10:55	 7202	 2400	2192	40	 8.44	 0	0 	0
2025-11-08 22:10:56	 7237	 2544	2192	40	 352.62	 7	-1 	0
2025-11-08 22:10:57	 7272	 2708	2192	40	 15.47	 0	0 	0
2025-11-08 22:10:58	 7307	 2778	2209	40	 352.62	 1	0 	0
2025-11-08 22:10:59	 7342	 2930	2192	40	 349.10	 4	-1 	0
2025-11-08 22:11:00	 7377	 3071	2192	40	 22.50	 0	0 	0
2025-11-08 22:11:02	 7425	 3081	2206	40	 85.78	 0	4 	0
2025-11-08 22:11:03	 7460	 3098	2434	-128	 85.78	 0	7 	0
2025-11-08 22:10:19	 5939	 2791	2576	-144	 179.65	 -8	0 	0
2025-11-08 22:10:20	 5974	 2504	2577	-144	 179.65	 -9	0 	0
2025-11-08 22:10:22	 6038	 2320	2569	-144	 193.71	 0	-1 	0
2025-11-08 22:10:23	 6090	 2319	2546	-144	 269.30	 -1	-5 	0
2025-11-08 22:10:24	 6125	 2317	2432	-144	 269.30	 -1	-1 	0
2025-11-08 22:10:26	 6169	 2337	2342	-144	 278.09	 1	-8 	0
2025-11-08 22:10:27	 6204	 2356	2256	40	 227.11	 0	0 	17
2025-11-08 22:10:28	 6263	 2342	2192	40	 336.09	 -1	0 	0
2025-11-08 22:10:32	 6402	 2515	2194	40	 0.70	 7	0 	0
2025-11-08 22:10:33	 6437	 2803	2197	40	 0.70	 8	0 	0
2025-11-08 22:10:34	 6472	 3088	2201	40	 0.70	 8	0 	0
2025-11-08 22:10:44	 6813	 2791	2696	40	 211.99	 -7	-4 	0
2025-11-08 22:10:45	 6848	 2560	2552	-144	 208.48	 -8	-5 	0
2025-11-08 22:10:46	 6883	 2393	2533	-144	 164.53	 -8	1 	0
2025-11-08 22:10:49	 6971	 2298	2528	-144	 282.30	 0	-1 	0
2025-11-08 22:10:50	 7006	 2344	2425	-144	 282.30	 1	-8 	0
2025-11-08 22:10:51	 7041	 2381	2256	-96	 203.20	 0	-2 	0
2025-11-08 22:10:52	 7076	 2320	2240	40	 211.99	 0	-1 	17
2025-11-08 22:10:53	 7121	 2320	2192	40	 322.73	 -1	-1 	0
2025-11-08 22:10:54	 7156	 2320	2192	40	 343.83	 0	-1 	0
2025-11-08 22:10:55	 7202	 2400	2192	40	 8.44	 0	0 	0
2025-11-08 22:10:56	 7237	 2544	2192	40	 352.62	 7	-1 	0
2025-11-08 22:10:57	 7272	 2708	2192	40	 15.47	 0	0 	0
2025-11-08 22:10:58	 7307	 2778	2209	40	 352.62	 1	0 	0
2025-11-08 22:10:59	 7342	 2930	2192	40	 349.10	 4	-1 	0
2025-11-08 22:11:00	 7377	 3071	2192	40	 22.50	 0	0 	0
2025-11-08 22:11:02	 7425	 3081	2206	40	 85.78	 0	4 	0
2025-11-08 22:11:03	 7460	 3098	2434	-128	 85.78	 0	7 	0


