                         Chocolate Doom 3.1.0
Z_Init: Init zone memory allocation daemon. 
zone memory: 0x7e0a7bfa3010, 2000000 allocated for zone
Using /home/estudiante/.local/share/chocolate-doom/ for configuration and saves
V_Init: allocate screens.
M_LoadDefaults: Load system defaults.
saving config in /home/estudiante/.local/share/chocolate-doom/default.cfg
W_Init: Init WADfiles.
 adding ../misc/OriginalWADs/DOOM2.WAD
===========================================================================
                         DOOM 2: Hell on Earth
===========================================================================
 Chocolate Doom is free software, covered by the GNU General Public
 License.  There is NO warranty; not even for MERCHANTABILITY or FITNESS
 FOR A PARTICULAR PURPOSE. You are welcome to change and distribute
 copies under certain conditions. See the source for more information.
===========================================================================
I_Init: Setting up machine state.
OPL_Init: Using driver 'SDL'.
NET_Init: Init network subsystem.
M_Init: Init miscellaneous info.
R_Init: Init DOOM refresh daemon - ......................................
P_Init: Init Playloop state.
S_Init: Setting up sound.
I_SDL_PrecacheSounds: Precaching all sound effects.....................
D_CheckNetGame: Checking network game status.
startskill 2  deathmatch: 0  startmap: 1  startepisode: 1
player 1 of 1 (1 nodes)
Emulating the behavior of the 'Doom 1.9' executable.
HU_Init: Setting up heads up display.
ST_Init: Init status bar.
When: 2025-11-07 10:35:27 Episode: 1 Map: 11
timestamp	 tic	 x	 y	 z	 angle	 momx	 momy
2025-11-07 10:35:28	 395	 448	752	128	 91.41	 0	-1 	0
When: 2025-11-07 10:35:29 Episode: 1 Map: 1
timestamp	 tic	 x	 y	 z	 angle	 momx	 momy
2025-11-07 10:35:42	 853	 -104	777	56	 220.08	 -3	-3 	0
2025-11-07 10:35:43	 888	 -244	685	56	 183.16	 -7	-1 	0
2025-11-07 10:35:44	 923	 -436	674	56	 107.58	 -2	-1 	0
2025-11-07 10:35:45	 958	 -484	820	56	 100.55	 -2	6 	0
2025-11-07 10:35:46	 993	 -498	876	56	 42.54	 -1	1 	0
2025-11-07 10:35:49	 1100	 -497	869	56	 275.98	 0	-4 	0
2025-11-07 10:35:50	 1135	 -471	753	56	 341.02	 3	-2 	0
2025-11-07 10:35:51	 1170	 -277	682	56	 24.96	 2	-1 	0
2025-11-07 10:35:52	 1205	 -170	753	56	 60.12	 2	0 	0
2025-11-07 10:35:53	 1240	 -152	890	29	 93.52	 -1	7 	0
2025-11-07 10:35:54	 1275	 -126	1170	32	 72.42	 1	8 	0
2025-11-07 10:35:55	 1310	 -78	1451	56	 102.30	 -1	7 	0
2025-11-07 10:35:56	 1345	 -1	1647	56	 19.69	 2	0 	0
2025-11-07 10:35:57	 1380	 125	1647	56	 53.09	 0	0 	0
2025-11-07 10:35:58	 1415	 192	1685	56	 351.56	 0	0 	0
2025-11-07 10:35:59	 1450	 257	1625	56	 319.92	 3	-4 	0
2025-11-07 10:36:00	 1485	 413	1577	56	 35.51	 5	3 	0
2025-11-07 10:36:01	 1520	 598	1687	56	 26.72	 6	3 	0
2025-11-07 10:36:03	 1570	 679	1581	56	 272.46	 2	-8 	0
2025-11-07 10:36:04	 1605	 581	1499	56	 149.41	 -2	1 	0
2025-11-07 10:36:05	 1640	 483	1587	56	 198.63	 -5	-1 	0
2025-11-07 10:36:06	 1675	 336	1545	56	 263.67	 0	-1 	0
2025-11-07 10:36:07	 1710	 353	1398	56	 325.20	 0	-2 	0
2025-11-07 10:36:09	 1784	 355	1380	56	 304.10	 0	-1 	0
2025-11-07 10:36:10	 1819	 395	1307	56	 279.49	 1	-8 	0
2025-11-07 10:36:11	 1854	 427	1206	56	 225.00	 -2	-6 	0
2025-11-07 10:36:12	 1889	 417	1143	56	 101.95	 -1	-1 	0
2025-11-07 10:36:13	 1924	 427	1207	56	 155.47	 0	1 	0
2025-11-07 10:36:14	 1963	 428	1219	56	 269.73	 -1	-3 	0
2025-11-07 10:36:15	 1998	 427	991	56	 269.73	 -1	-9 	0
2025-11-07 10:36:16	 2033	 426	800	40	 345.31	 -1	-2 	0
2025-11-07 10:36:17	 2083	 420	798	40	 125.94	 -3	3 	0
2025-11-07 10:36:18	 2118	 350	1014	56	 67.93	 1	7 	0
2025-11-07 10:36:19	 2153	 375	1294	56	 97.81	 -1	8 	0
2025-11-07 10:36:20	 2188	 340	1572	56	 113.63	 -1	4 	0
2025-11-07 10:36:21	 2223	 318	1610	56	 212.07	 -4	-3 	0
2025-11-07 10:36:22	 2258	 160	1552	56	 192.74	 -4	-1 	0
2025-11-07 10:36:23	 2293	 -9	1552	56	 240.20	 -2	0 	0
2025-11-07 10:36:24	 2328	 -17	1482	56	 263.05	 0	-2 	0
2025-11-07 10:36:25	 2363	 -17	1462	56	 219.10	 0	-1 	0
2025-11-07 10:36:29	 2484	 -21	1548	56	 29.26	 1	1 	0
2025-11-07 10:36:30	 2519	 79	1611	56	 41.56	 0	0 	0
2025-11-07 10:36:31	 2554	 169	1642	56	 78.48	 1	0 	0
2025-11-07 10:36:32	 2603	 179	1656	56	 92.54	 -1	3 	0
2025-11-07 10:36:36	 2733	 175	1753	56	 92.54	 0	-5 	0
2025-11-07 10:36:37	 2768	 176	1737	56	 92.54	 -1	0 	0
2025-11-07 10:36:43	 2974	 174	1775	56	 83.75	 -1	1 	0
2025-11-07 10:36:45	 3058	 172	1791	56	 90.78	 -2	-1 	0
2025-11-07 10:36:47	 3112	 144	1809	56	 90.78	 -1	4 	0
2025-11-07 10:36:48	 3147	 143	1868	48	 90.78	 -1	0 	0
2025-11-07 10:36:49	 3182	 141	2036	48	 94.30	 -1	7 	0
2025-11-07 10:36:50	 3217	 63	2223	48	 122.42	 -2	0 	0
2025-11-07 10:36:53	 3324	 48	2223	48	 325.98	 1	-1 	0
2025-11-07 10:36:54	 3359	 231	2099	48	 318.95	 6	-5 	0
2025-11-07 10:36:55	 3394	 317	1862	48	 250.39	 -2	-8 	0
2025-11-07 10:36:56	 3429	 229	1823	56	 180.08	 -7	-1 	0
2025-11-07 10:36:57	 3464	 100	1902	48	 81.64	 -1	6 	0
2025-11-07 10:36:58	 3499	 160	2157	48	 44.73	 4	6 	0
2025-11-07 10:36:59	 3534	 239	2304	48	 67.58	 0	0 	0
2025-11-07 10:37:01	 3595	 239	2295	48	 299.26	 0	-3 	0
2025-11-07 10:37:02	 3630	 239	2268	48	 7.81	 0	-1 	0
2025-11-07 10:37:04	 3716	 144	2375	48	 132.62	 0	0 	0
2025-11-07 10:37:06	 3772	 159	2390	48	 35.94	 3	2 	0
2025-11-07 10:37:07	 3807	 309	2494	48	 343.21	 1	0 	0
2025-11-07 10:37:08	 3842	 373	2464	48	 265.03	 0	-4 	0
2025-11-07 10:37:09	 3877	 350	2364	48	 263.53	 -2	-10 	0
2025-11-07 10:37:10	 3912	 324	2136	48	 202.01	 -1	-2 	0
2025-11-07 10:37:11	 3947	 235	2170	48	 149.28	 -6	3 	0
2025-11-07 10:37:12	 3982	 82	2287	48	 164.04	 -4	0 	3
2025-11-07 10:37:13	 4017	 23	2287	48	 76.15	 -1	0 	3
2025-11-07 10:37:14	 4052	 47	2364	48	 39.24	 0	1 	0
2025-11-07 10:37:15	 4087	 47	2374	48	 342.99	 0	-1 	3
2025-11-07 10:37:16	 4137	 89	2430	48	 339.47	 0	0 	3
2025-11-07 10:37:17	 4183	 119	2413	48	 316.62	 4	-4 	3
2025-11-07 10:37:18	 4218	 197	2378	48	 230.47	 -2	-4 	0
2025-11-07 10:37:19	 4253	 158	2318	48	 230.47	 -1	-1 	0
2025-11-07 10:37:20	 4288	 144	2271	48	 274.41	 0	-1 	0
2025-11-07 10:37:31	 4676	 148	2205	48	 274.41	 0	-7 	0
2025-11-07 10:37:32	 4711	 169	1939	48	 274.41	 0	-9 	0
2025-11-07 10:37:33	 4746	 191	1651	56	 279.69	 0	-7 	0
2025-11-07 10:37:34	 4781	 259	1572	56	 353.51	 6	-1 	0
2025-11-07 10:37:35	 4816	 431	1545	56	 353.51	 0	-1 	0
2025-11-07 10:37:36	 4851	 439	1567	56	 40.97	 2	3 	0
2025-11-07 10:37:37	 4886	 528	1647	56	 328.90	 0	0 	0
2025-11-07 10:37:38	 4921	 589	1517	56	 293.75	 3	-8 	0
2025-11-07 10:37:40	 4967	 611	1490	56	 83.16	 0	2 	0
2025-11-07 10:37:41	 5002	 634	1701	56	 83.16	 -2	1 	0
2025-11-07 10:37:43	 5069	 652	1680	56	 4.06	 2	-3 	0
2025-11-07 10:37:44	 5104	 719	1596	56	 307.81	 0	-4 	0
2025-11-07 10:37:45	 5139	 604	1488	56	 212.89	 -4	-1 	0
2025-11-07 10:37:46	 5174	 494	1577	56	 158.40	 -7	3 	0
2025-11-07 10:37:47	 5209	 408	1605	56	 244.53	 -2	-3 	0
2025-11-07 10:37:48	 5244	 365	1520	56	 274.41	 -1	-3 	0
2025-11-07 10:37:49	 5279	 373	1290	56	 274.41	 0	-9 	0
2025-11-07 10:37:50	 5314	 395	1001	56	 274.41	 0	-9 	0
2025-11-07 10:37:51	 5349	 409	832	40	 320.12	 0	-1 	0
2025-11-07 10:37:52	 5384	 401	812	40	 228.71	 -3	-4 	0
2025-11-07 10:37:53	 5419	 240	663	40	 209.37	 -6	-4 	0
2025-11-07 10:37:55	 5506	 198	651	40	 151.37	 -1	0 	0
2025-11-07 10:37:57	 5562	 161	648	40	 167.19	 -2	0 	5
2025-11-07 10:38:02	 5762	 90	679	152	 0.54	 3	0 	5
2025-11-07 10:38:03	 5797	 180	679	152	 0.54	 1	0 	5
2025-11-07 10:38:06	 5883	 195	679	152	 207.62	 -2	-1 	0
2025-11-07 10:38:07	 5918	 150	677	152	 207.62	 5	3 	5
2025-11-07 10:38:08	 5953	 132	651	152	 202.34	 -7	-3 	5
2025-11-07 10:38:10	 6042	 49	657	152	 163.67	 -4	1 	0
2025-11-07 10:38:11	 6077	 9	668	152	 190.04	 -1	0 	0
2025-11-07 10:38:12	 6112	 -48	653	152	 190.04	 0	-1 	0
2025-11-07 10:38:26	 6602	 23	667	152	 11.09	 2	0 	0
2025-11-07 10:38:27	 6637	 89	679	152	 11.09	 0	0 	5
2025-11-07 10:38:29	 6697	 10	663	152	 11.09	 -7	-2 	0
2025-11-07 10:38:32	 6781	 -9	679	152	 53.28	 0	0 	0
2025-11-07 10:38:34	 6866	 25	662	152	 327.15	 4	-3 	0
2025-11-07 10:38:35	 6901	 90	648	152	 11.09	 0	0 	5
2025-11-07 10:38:38	 7012	 53	648	152	 11.09	 -3	-1 	0
2025-11-07 10:38:48	 7342	 -8	648	152	 355.27	 5	-1 	0
2025-11-07 10:38:49	 7377	 99	648	152	 355.27	 0	0 	5
2025-11-07 10:38:50	 7436	 166	648	152	 355.27	 6	-1 	5
2025-11-07 10:38:51	 7471	 367	642	40	 355.27	 0	-1 	0
2025-11-07 10:38:52	 7506	 430	587	40	 12.85	 4	-2 	0
2025-11-07 10:38:53	 7541	 520	667	40	 65.58	 3	6 	0
2025-11-07 10:38:54	 7576	 688	883	47	 23.40	 6	4 	0
2025-11-07 10:38:56	 7623	 794	943	40	 321.87	 1	-1 	0
2025-11-07 10:38:57	 7658	 837	923	40	 341.21	 5	-2 	0
2025-11-07 10:38:58	 7693	 980	875	40	 357.03	 0	-1 	0
2025-11-07 10:39:01	 7794	 1010	871	40	 357.03	 4	-1 	0
2025-11-07 10:39:02	 7829	 1100	866	40	 357.03	 0	-1 	0
2025-11-07 10:39:05	 7943	 1044	911	40	 141.17	 -4	2 	0
2025-11-07 10:39:06	 7978	 1003	986	40	 84.92	 0	5 	0
2025-11-07 10:39:08	 8057	 993	1073	40	 107.77	 -2	5 	0
2025-11-07 10:39:09	 8101	 962	1185	40	 357.03	 1	-1 	0
2025-11-07 10:39:10	 8136	 1055	1151	40	 288.47	 0	-1 	0
2025-11-07 10:39:11	 8171	 1042	1089	40	 219.92	 -1	-1 	0
2025-11-07 10:39:12	 8206	 935	1092	40	 177.73	 -3	1 	0
2025-11-07 10:39:14	 8271	 922	1134	40	 51.17	 0	1 	0
2025-11-07 10:39:36	 8960	 1101	1966	0	 262.97	 -1	-4 	13
2025-11-07 10:39:37	 8995	 1098	1925	0	 271.76	 0	-4 	13
2025-11-07 10:39:38	 9030	 1098	1805	-24	 262.97	 -1	-3 	0
2025-11-07 10:39:39	 9074	 1080	1770	-24	 233.09	 -3	-4 	0
2025-11-07 10:39:40	 9109	 1088	1793	-24	 259.45	 1	2 	0
2025-11-07 10:39:41	 9144	 1032	1885	-16	 319.22	 -6	4 	0
2025-11-07 10:39:42	 9179	 871	2023	0	 17.23	 -1	0 	13
2025-11-07 10:39:48	 9377	 920	1989	0	 326.25	 5	-4 	13
2025-11-07 10:39:49	 9412	 997	1937	0	 305.16	 0	-1 	13
2025-11-07 10:39:50	 9458	 1001	1915	16	 277.03	 0	-1 	13
When: 2025-11-07 10:40:39 Episode: 1 Map: 1
timestamp	 tic	 x	 y	 z	 angle	 momx	 momy
2025-11-07 10:40:41	 11191	 -97	836	56	 90.00	 -1	2 	0
2025-11-07 10:40:42	 11226	 -85	917	8	 107.58	 0	0 	0
2025-11-07 10:40:44	 11312	 -83	943	8	 88.24	 0	4 	0
2025-11-07 10:40:45	 11347	 -62	1022	24	 56.60	 1	1 	0
2025-11-07 10:40:46	 11382	 -75	1068	24	 111.09	 -3	2 	0
2025-11-07 10:40:47	 11417	 -100	1096	24	 46.05	 -1	0 	0
2025-11-07 10:40:48	 11457	 -74	1142	40	 60.12	 0	0 	0
2025-11-07 10:40:49	 11492	 -51	1199	40	 68.91	 2	5 	0
2025-11-07 10:40:50	 11527	 -55	1428	56	 98.79	 -3	5 	0
2025-11-07 10:40:51	 11562	 3	1576	56	 12.66	 6	4 	0
2025-11-07 10:40:52	 11597	 171	1602	56	 49.57	 0	-1 	0
2025-11-07 10:40:53	 11632	 198	1637	56	 2.11	 0	0 	0
2025-11-07 10:40:54	 11667	 352	1576	56	 337.50	 7	-4 	0
2025-11-07 10:40:55	 11702	 431	1509	56	 14.41	 0	-1 	0
2025-11-07 10:40:56	 11737	 424	1541	56	 102.30	 -2	5 	0
2025-11-07 10:40:57	 11772	 364	1640	56	 181.41	 -6	0 	0
2025-11-07 10:40:58	 11807	 178	1668	56	 98.79	 -3	3 	0
2025-11-07 10:40:59	 11842	 150	1717	56	 91.76	 -1	0 	0
2025-11-07 10:41:01	 11897	 148	1775	56	 91.76	 -1	0 	0
2025-11-07 10:41:02	 11949	 151	1830	48	 84.73	 0	0 	0
2025-11-07 10:41:03	 11984	 144	1691	56	 84.73	 0	-6 	0
2025-11-07 10:41:04	 12019	 140	1636	56	 65.39	 -1	-1 	0
2025-11-07 10:41:06	 12074	 161	1702	56	 68.91	 0	2 	0
2025-11-07 10:41:07	 12109	 166	1731	56	 68.91	 0	0 	0
2025-11-07 10:41:08	 12162	 144	1772	56	 95.27	 -1	0 	0
2025-11-07 10:41:12	 12294	 144	1771	56	 77.70	 -1	-1 	0
2025-11-07 10:41:13	 12329	 144	1659	56	 77.70	 0	-2 	0
2025-11-07 10:41:20	 12556	 144	1650	56	 82.62	 0	2 	0
2025-11-07 10:41:21	 12591	 166	1826	54	 98.44	 0	2 	0
2025-11-07 10:41:22	 12626	 169	1853	48	 72.07	 0	1 	0
2025-11-07 10:41:23	 12661	 237	2064	48	 77.34	 2	6 	0
2025-11-07 10:41:24	 12696	 228	2204	48	 72.07	 -1	1 	0
2025-11-07 10:41:25	 12738	 222	2221	48	 42.19	 1	1 	0
2025-11-07 10:41:26	 12773	 239	2266	48	 42.19	 0	2 	0
2025-11-07 10:41:27	 12808	 237	2352	48	 107.23	 -2	3 	0
2025-11-07 10:41:28	 12843	 168	2579	48	 123.05	 -2	4 	0
2025-11-07 10:41:34	 13056	 159	2595	48	 263.67	 -1	-2 	0
2025-11-07 10:41:35	 13093	 155	2577	48	 247.85	 -2	-4 	0
2025-11-07 10:41:36	 13128	 142	2546	48	 277.73	 -1	-1 	0
2025-11-07 10:41:37	 13163	 167	2448	48	 226.76	 -1	0 	0
2025-11-07 10:41:38	 13198	 150	2449	48	 253.12	 -1	-4 	0
2025-11-07 10:41:39	 13233	 144	2408	48	 253.12	 0	-1 	0
2025-11-07 10:41:42	 13336	 173	2531	48	 29.88	 0	2 	0
2025-11-07 10:41:43	 13371	 344	2550	48	 358.24	 7	-1 	0
2025-11-07 10:41:44	 13406	 617	2543	48	 17.58	 4	-1 	0
2025-11-07 10:41:46	 13481	 623	2671	48	 193.36	 -2	-1 	0
2025-11-07 10:41:47	 13516	 480	2631	48	 205.66	 0	-1 	0
2025-11-07 10:41:48	 13551	 376	2510	48	 223.24	 -6	-6 	0
2025-11-07 10:41:49	 13586	 328	2393	48	 305.86	 3	-6 	3
2025-11-07 10:41:50	 13621	 348	2209	48	 240.82	 -3	-8 	0
2025-11-07 10:41:51	 13656	 218	1956	48	 240.82	 -5	-8 	0
2025-11-07 10:41:52	 13691	 183	1693	56	 305.86	 3	-8 	0
2025-11-07 10:41:53	 13726	 266	1557	56	 28.48	 0	-1 	0
2025-11-07 10:41:54	 13761	 450	1647	56	 28.48	 2	0 	0
2025-11-07 10:41:55	 13796	 623	1681	56	 24.96	 6	3 	0
2025-11-07 10:41:56	 13831	 709	1624	56	 312.89	 4	-5 	0
2025-11-07 10:41:57	 13869	 705	1573	56	 212.70	 -4	-3 	0
2025-11-07 10:41:58	 13904	 572	1507	56	 186.33	 -1	0 	0
2025-11-07 10:42:00	 13949	 582	1559	56	 73.83	 1	5 	0
2025-11-07 10:42:03	 14084	 581	1686	56	 207.42	 -6	-3 	0
2025-11-07 10:42:04	 14119	 389	1565	56	 223.24	 -5	-3 	0
2025-11-07 10:42:05	 14154	 336	1417	56	 265.43	 -1	-4 	0
2025-11-07 10:42:06	 14189	 336	1196	56	 265.43	 -1	-8 	0
2025-11-07 10:42:07	 14224	 336	929	56	 265.43	 -1	-8 	0
2025-11-07 10:42:08	 14259	 336	775	40	 237.30	 0	-1 	0
2025-11-07 10:42:09	 14294	 202	658	40	 207.42	 -7	-5 	0
2025-11-07 10:42:14	 14468	 80	679	44	 156.45	 -1	0 	5
2025-11-07 10:42:18	 14581	 -48	656	152	 189.84	 -1	-1 	0
2025-11-07 10:42:21	 14715	 -33	648	152	 352.97	 2	-1 	0
2025-11-07 10:42:22	 14750	 62	648	152	 352.97	 0	0 	0
2025-11-07 10:42:28	 14952	 117	648	152	 352.97	 6	-1 	5
2025-11-07 10:42:29	 14987	 367	642	40	 352.97	 0	-1 	0
2025-11-07 10:42:30	 15022	 398	584	40	 338.91	 1	-3 	0
2025-11-07 10:42:31	 15057	 562	604	40	 17.58	 7	2 	0
2025-11-07 10:42:32	 15092	 842	652	56	 1.76	 8	0 	0
2025-11-07 10:42:33	 15127	 1036	660	40	 80.86	 1	0 	0
2025-11-07 10:42:34	 15162	 1020	793	40	 61.52	 -1	2 	0
2025-11-07 10:42:35	 15197	 1063	825	40	 12.30	 0	0 	0
2025-11-07 10:42:39	 15323	 1085	831	40	 12.30	 4	0 	0
2025-11-07 10:42:40	 15358	 1135	860	40	 12.30	 0	0 	0
2025-11-07 10:42:43	 15466	 1032	857	40	 182.81	 -7	-1 	0
2025-11-07 10:42:44	 15501	 848	847	40	 182.81	 -2	-1 	0
2025-11-07 10:42:45	 15536	 724	841	56	 182.81	 -8	-1 	0
2025-11-07 10:42:46	 15571	 484	855	40	 117.77	 -7	3 	0
2025-11-07 10:42:47	 15606	 366	1079	56	 52.73	 1	7 	0
2025-11-07 10:42:48	 15641	 431	1279	56	 79.10	 0	5 	0
2025-11-07 10:42:49	 15676	 431	1495	56	 79.10	 0	6 	0
2025-11-07 10:42:50	 15711	 436	1618	56	 342.42	 0	0 	0
2025-11-07 10:42:52	 15784	 392	1626	56	 175.43	 -6	0 	0
2025-11-07 10:42:53	 15819	 188	1643	56	 124.45	 -2	0 	0
2025-11-07 10:42:54	 15854	 200	1685	56	 54.14	 3	5 	0
2025-11-07 10:42:55	 15889	 241	1843	48	 48.87	 0	5 	0
2025-11-07 10:42:56	 15924	 251	1902	48	 289.34	 0	0 	0
2025-11-07 10:42:57	 15962	 180	1807	56	 240.12	 -5	-7 	0
2025-11-07 10:42:58	 15997	 208	1613	56	 312.19	 4	-7 	0
2025-11-07 10:42:59	 16032	 393	1569	56	 27.77	 6	2 	0
2025-11-07 10:43:00	 16067	 649	1596	56	 291.09	 5	-5 	0
2025-11-07 10:43:01	 16102	 644	1508	56	 168.05	 -1	-1 	0
2025-11-07 10:43:02	 16137	 477	1580	56	 194.41	 -8	1 	0
2025-11-07 10:43:03	 16172	 350	1466	56	 317.46	 3	-6 	0
2025-11-07 10:43:05	 16223	 431	1394	56	 271.76	 0	-3 	0
2025-11-07 10:43:06	 16258	 431	1160	56	 271.76	 0	-9 	0
2025-11-07 10:43:07	 16293	 433	870	40	 298.12	 0	-9 	0
2025-11-07 10:43:08	 16328	 617	718	40	 41.84	 6	2 	0
2025-11-07 10:43:09	 16363	 875	769	40	 27.77	 8	1 	0
2025-11-07 10:43:10	 16398	 885	838	40	 66.45	 0	1 	0
2025-11-07 10:43:11	 16439	 887	850	40	 289.34	 0	-3 	0
2025-11-07 10:43:12	 16489	 915	784	40	 301.64	 0	0 	0
2025-11-07 10:43:14	 16541	 952	847	40	 61.17	 1	2 	0
2025-11-07 10:43:15	 16576	 969	880	40	 85.78	 0	2 	0
2025-11-07 10:43:16	 16611	 983	1022	40	 85.78	 0	6 	0
2025-11-07 10:43:17	 16664	 992	1096	40	 85.78	 0	4 	0
2025-11-07 10:43:18	 16699	 1003	1199	40	 85.78	 0	0 	0
2025-11-07 10:43:20	 16763	 1040	1131	40	 296.37	 3	-7 	0
2025-11-07 10:43:22	 16832	 964	1128	40	 161.02	 -7	2 	0
2025-11-07 10:43:23	 16884	 916	1101	40	 259.45	 0	-1 	0
2025-11-07 10:43:25	 16937	 956	1116	40	 18.98	 4	2 	0
2025-11-07 10:43:26	 16972	 1034	1100	40	 324.49	 2	-3 	0
2025-11-07 10:43:27	 17007	 1071	1104	40	 338.55	 0	-1 	0
2025-11-07 10:43:28	 17048	 1024	1080	40	 210.23	 -3	-2 	0
2025-11-07 10:43:29	 17089	 1027	1083	40	 150.47	 4	1 	0
2025-11-07 10:43:30	 17131	 1065	1107	40	 150.47	 -3	1 	0
2025-11-07 10:43:31	 17166	 949	1173	40	 222.54	 -1	-1 	0
2025-11-07 10:43:33	 17230	 941	1097	40	 264.73	 -1	-3 	0
2025-11-07 10:43:36	 17336	 1016	1151	40	 59.06	 2	1 	0
2025-11-07 10:43:37	 17371	 1012	1195	40	 118.83	 -2	1 	0
2025-11-07 10:44:11	 18477	 1096	1937	0	 261.21	 -1	-7 	13
2025-11-07 10:44:12	 18512	 1051	1679	0	 224.30	 -2	-5 	0
2025-11-07 10:44:13	 18547	 877	1666	0	 187.38	 -6	1 	0
2025-11-07 10:44:14	 18591	 848	1569	24	 275.27	 0	-6 	0
2025-11-07 10:44:15	 18626	 936	1480	40	 336.80	 6	-1 	0
2025-11-07 10:44:17	 18678	 1007	1457	48	 45.35	 0	1 	0
2025-11-07 10:44:18	 18713	 1044	1539	40	 340.31	 3	-1 	0
2025-11-07 10:44:19	 18748	 1263	1467	40	 340.31	 0	-1 	0
2025-11-07 10:44:23	 18898	 1249	1605	40	 95.98	 -1	7 	0
2025-11-07 10:44:24	 18933	 1204	1794	-24	 164.53	 -4	3 	0
2025-11-07 10:44:25	 18968	 1103	1872	-16	 131.13	 -4	1 	0
2025-11-07 10:44:26	 19003	 953	2013	0	 168.05	 -2	1 	13
2025-11-07 10:44:27	 19040	 892	1967	0	 227.81	 -5	-6 	13
2025-11-07 10:44:28	 19075	 848	1904	16	 152.23	 0	-1 	0
2025-11-07 10:44:30	 19144	 989	1914	16	 4.57	 7	0 	13
2025-11-07 10:44:31	 19179	 1263	1937	0	 13.36	 0	0 	13
2025-11-07 10:44:32	 19220	 1258	2023	0	 94.22	 -1	0 	13
2025-11-07 10:44:37	 19384	 1251	2023	0	 94.22	 -1	0 	13
2025-11-07 10:44:38	 19419	 1252	1911	16	 94.22	 0	-8 	0
2025-11-07 10:44:39	 19454	 1259	1805	-24	 94.22	 0	-1 	0
2025-11-07 10:44:43	 19585	 1263	1764	-24	 94.22	 0	-4 	0
2025-11-07 10:44:44	 19636	 1120	1801	-24	 192.66	 -3	0 	0
2025-11-07 10:44:45	 19671	 1093	1810	-24	 273.52	 -1	0 	0
2025-11-07 10:44:47	 19745	 1101	1667	0	 233.09	 0	-3 	0
2025-11-07 10:44:48	 19780	 992	1638	0	 194.41	 -7	-1 	0
2025-11-07 10:44:49	 19815	 848	1595	16	 262.97	 -1	-4 	0
2025-11-07 10:44:51	 19855	 866	1480	40	 352.62	 4	-1 	0
2025-11-07 10:44:52	 19890	 1007	1476	48	 312.19	 0	-1 	0
2025-11-07 10:44:53	 19958	 978	1383	48	 197.93	 -1	-1 	0
2025-11-07 10:44:56	 20040	 974	1375	48	 301.64	 -1	0 	0
2025-11-07 10:44:59	 20140	 1092	1362	48	 349.10	 7	-1 	0
2025-11-07 10:45:00	 20175	 1176	1359	48	 278.79	 0	0 	0
2025-11-07 10:45:02	 20241	 1193	1264	48	 278.79	 1	-8 	0
2025-11-07 10:45:03	 20284	 1222	1223	48	 22.50	 4	1 	0
2025-11-07 10:45:04	 20319	 1247	1277	48	 80.51	 0	4 	0
2025-11-07 10:45:06	 20405	 1263	1413	48	 245.39	 -1	-2 	0
2025-11-07 10:45:07	 20440	 1168	1235	48	 289.34	 0	-7 	0
2025-11-07 10:45:08	 20475	 1195	1216	48	 277.03	 0	0 	0
2025-11-07 10:45:11	 20557	 1193	1351	48	 120.59	 -1	2 	0
2025-11-07 10:45:12	 20606	 1128	1413	48	 217.27	 -1	-2 	0
2025-11-07 10:45:13	 20641	 977	1319	48	 183.87	 -8	-2 	0
2025-11-07 10:45:14	 20676	 835	1304	48	 270.00	 -1	0 	0
2025-11-07 10:45:15	 20711	 828	1413	48	 268.24	 -1	5 	0
2025-11-07 10:45:20	 20890	 884	1315	48	 347.34	 0	-2 	0
2025-11-07 10:45:21	 20925	 987	1336	48	 69.96	 1	0 	0
2025-11-07 10:45:22	 20960	 1000	1380	48	 91.05	 -1	5 	0
2025-11-07 10:45:23	 21005	 998	1574	40	 78.75	 0	7 	0
2025-11-07 10:45:24	 21040	 1026	1821	-24	 66.45	 0	2 	0
2025-11-07 10:45:25	 21075	 1080	1844	-24	 352.62	 6	-1 	0
2025-11-07 10:45:26	 21110	 1337	1812	-24	 350.86	 7	-2 	0
2025-11-07 10:45:27	 21145	 1528	1658	-24	 266.48	 1	-8 	0
2025-11-07 10:45:28	 21180	 1529	1413	-24	 266.48	 -1	-2 	0
2025-11-07 10:45:29	 21215	 1540	1515	-24	 266.48	 0	3 	0
2025-11-07 10:45:31	 21283	 1546	1511	-24	 169.80	 -1	-1 	0
2025-11-07 10:45:37	 21492	 1544	1533	-24	 270.00	 -1	0 	0
2025-11-07 10:45:38	 21527	 1544	1333	-24	 270.00	 0	-9 	0
2025-11-07 10:45:39	 21562	 1544	1195	-24	 208.48	 0	-1 	0
2025-11-07 10:45:40	 21603	 1530	1182	-24	 211.99	 -1	-1 	0
2025-11-07 10:45:42	 21668	 1529	1182	-24	 217.27	 0	0 	0
2025-11-07 10:45:45	 21761	 1516	1253	-24	 103.01	 -2	6 	0
2025-11-07 10:45:46	 21796	 1488	1462	-24	 103.01	 -1	6 	0
2025-11-07 10:45:47	 21831	 1488	1586	-24	 178.59	 -1	0 	0
2025-11-07 10:45:48	 21866	 1488	1589	-24	 215.51	 -1	-3 	0
2025-11-07 10:45:49	 21901	 1413	1548	-24	 161.02	 -5	1 	0
2025-11-07 10:45:51	 21982	 1422	1569	-24	 354.02	 6	-1 	0
2025-11-07 10:45:52	 22017	 1566	1537	-24	 264.38	 0	-4 	0
2025-11-07 10:45:53	 22052	 1551	1292	-24	 264.38	 -1	-9 	0
2025-11-07 10:45:54	 22087	 1519	1096	-24	 171.21	 -2	-1 	0
2025-11-07 10:45:55	 22122	 1322	1125	-24	 194.06	 -4	0 	0
2025-11-07 10:45:56	 22157	 1214	1032	-24	 248.55	 -2	0 	0
2025-11-07 10:45:57	 22192	 1201	1033	-24	 329.41	 -1	0 	0
2025-11-07 10:46:00	 22271	 1195	934	8	 267.89	 -1	-8 	0
2025-11-07 10:46:01	 22306	 1190	788	8	 301.29	 -1	-1 	0
2025-11-07 10:46:03	 22387	 1192	787	8	 303.05	 0	0 	0
2025-11-07 10:46:08	 22559	 1248	861	8	 232.73	 4	5 	0
2025-11-07 10:46:09	 22594	 1297	926	8	 236.25	 0	0 	0
2025-11-07 10:46:12	 22703	 1235	876	8	 227.46	 -2	-2 	0
2025-11-07 10:46:13	 22738	 1215	860	8	 236.25	 -1	-1 	0
2025-11-07 10:46:22	 23066	 1263	949	8	 292.50	 0	0 	0
2025-11-07 10:46:23	 23101	 1290	898	8	 301.29	 1	-4 	0
2025-11-07 10:46:24	 23136	 1400	848	8	 350.51	 7	-2 	0
2025-11-07 10:46:25	 23171	 1521	826	8	 278.44	 0	-1 	0
2025-11-07 10:46:26	 23206	 1541	722	8	 278.44	 0	-3 	0
2025-11-07 10:46:27	 23241	 1557	620	8	 278.44	 0	-6 	0
2025-11-07 10:46:28	 23276	 1542	721	8	 278.44	 -1	4 	0
2025-11-07 10:46:29	 23311	 1535	766	8	 269.65	 -1	-2 	0
2025-11-07 10:46:30	 23346	 1534	629	8	 269.65	 -1	-2 	0
2025-11-07 10:46:31	 23381	 1552	649	8	 236.25	 0	0 	0
2025-11-07 10:46:33	 23442	 1509	645	8	 190.55	 -4	-1 	0
2025-11-07 10:46:34	 23477	 1474	638	8	 190.55	 -1	-1 	0
2025-11-07 10:46:35	 23512	 1506	644	8	 190.55	 3	0 	0
2025-11-07 10:46:36	 23550	 1583	661	8	 273.16	 0	-2 	0
2025-11-07 10:46:37	 23585	 1583	445	8	 273.16	 0	-9 	0
2025-11-07 10:46:38	 23620	 1583	156	8	 273.16	 0	-9 	0
2025-11-07 10:46:41	 23709	 1545	197	8	 130.78	 -4	4 	0
2025-11-07 10:46:42	 23744	 1501	251	8	 111.45	 -2	3 	0
2025-11-07 10:46:43	 23779	 1418	460	-40	 111.45	 -3	6 	0
2025-11-07 10:46:44	 23814	 1385	635	-40	 148.36	 -1	1 	0
2025-11-07 10:46:45	 23849	 1297	611	-40	 213.40	 -5	-3 	0
2025-11-07 10:46:46	 23884	 1251	587	-40	 332.93	 1	-1 	0
2025-11-07 10:46:47	 23934	 1343	572	-32	 276.68	 0	-4 	0
2025-11-07 10:46:48	 23969	 1343	407	-32	 208.12	 -1	-2 	0
2025-11-07 10:46:50	 24030	 1343	394	-32	 171.21	 0	-1 	0
2025-11-07 10:46:52	 24112	 1263	328	-32	 230.98	 -4	-1 	0
2025-11-07 10:46:53	 24147	 1168	328	-32	 208.12	 -1	-1 	0
2025-11-07 10:46:55	 24224	 1313	337	-32	 341.72	 4	0 	0
2025-11-07 10:46:57	 24267	 1327	328	-32	 276.68	 -1	0 	0
2025-11-07 10:46:58	 24302	 1334	389	-32	 283.71	 -2	6 	0
2025-11-07 10:46:59	 24356	 1317	487	-32	 76.64	 1	0 	0
2025-11-07 10:47:00	 24391	 1346	621	-40	 34.45	 0	2 	0
2025-11-07 10:47:01	 24426	 1397	613	-40	 313.59	 3	-4 	0
2025-11-07 10:47:02	 24461	 1411	523	-40	 229.22	 -2	-4 	0
2025-11-07 10:47:03	 24496	 1392	489	-40	 255.59	 -1	-2 	0
2025-11-07 10:47:04	 24531	 1392	320	-40	 225.70	 0	-3 	0
2025-11-07 10:47:05	 24566	 1392	297	-40	 150.12	 0	-1 	0
2025-11-07 10:47:07	 24618	 1436	481	-40	 76.29	 1	7 	0
2025-11-07 10:47:08	 24653	 1448	592	-40	 176.48	 -4	0 	0
2025-11-07 10:47:09	 24688	 1216	611	-40	 176.48	 -8	0 	0
2025-11-07 10:47:10	 24723	 1110	618	-32	 90.35	 -1	0 	0
2025-11-07 10:47:11	 24768	 1169	605	-40	 348.40	 6	-2 	0
2025-11-07 10:47:12	 24803	 1283	584	-40	 276.33	 0	-1 	0
2025-11-07 10:47:13	 24839	 1326	583	-32	 332.58	 3	-1 	0
2025-11-07 10:47:14	 24886	 1334	455	-32	 246.45	 -1	-3 	0
2025-11-07 10:47:15	 24921	 1336	402	-32	 279.84	 0	-5 	0
2025-11-07 10:47:20	 25080	 1337	330	-32	 158.55	 -4	1 	0
2025-11-07 10:47:21	 25115	 1168	400	-32	 132.19	 0	0 	0
2025-11-07 10:47:22	 25163	 1198	411	-32	 16.17	 0	0 	0
2025-11-07 10:47:23	 25202	 1220	420	-32	 28.48	 3	1 	0
2025-11-07 10:47:24	 25237	 1306	467	-32	 111.09	 0	0 	0
2025-11-07 10:47:25	 25272	 1343	532	-32	 63.63	 0	2 	0
2025-11-07 10:47:26	 25307	 1317	590	-40	 132.19	 -2	2 	0
2025-11-07 10:47:27	 25342	 1312	637	-40	 228.87	 0	0 	0
2025-11-07 10:47:28	 25378	 1280	632	-40	 195.47	 -6	-2 	0
2025-11-07 10:47:29	 25413	 1128	592	-40	 105.82	 -2	1 	0
2025-11-07 10:47:30	 25448	 1069	812	8	 102.30	 -2	7 	0
2025-11-07 10:47:31	 25483	 1096	951	8	 47.81	 4	5 	0
2025-11-07 10:47:32	 25518	 1267	1127	-24	 7.38	 3	0 	0
2025-11-07 10:47:33	 25553	 1487	1137	-24	 61.88	 5	3 	0
2025-11-07 10:47:34	 25588	 1598	1321	-16	 28.48	 1	2 	0
2025-11-07 10:47:35	 25623	 1653	1369	-16	 31.99	 0	0 	0
2025-11-07 10:47:36	 25662	 1663	1361	-16	 279.49	 0	-4 	0
2025-11-07 10:47:37	 25697	 1669	1328	-24	 288.28	 0	-1 	0
2025-11-07 10:47:39	 25768	 1604	1296	-16	 217.97	 -1	-1 	0
2025-11-07 10:47:42	 25869	 1608	1296	-16	 21.09	 3	1 	0
2025-11-07 10:47:43	 25904	 1713	1336	-24	 291.45	 0	-1 	0
2025-11-07 10:47:44	 25939	 1758	1243	-40	 261.56	 0	-1 	0
2025-11-07 10:47:48	 26066	 1761	1238	-40	 252.77	 -1	0 	0
2025-11-07 10:47:49	 26112	 1753	1193	-40	 272.11	 -1	-2 	0
2025-11-07 10:47:50	 26152	 1739	1213	-40	 291.45	 -2	2 	14
2025-11-07 10:47:51	 26187	 1728	1240	-40	 291.45	 -1	0 	0
2025-11-07 10:47:54	 26269	 1782	1102	-40	 258.05	 0	-3 	0
2025-11-07 10:47:55	 26304	 1708	931	-40	 224.65	 -3	-5 	0
2025-11-07 10:47:58	 26433	 1684	904	-40	 359.65	 0	-1 	0
2025-11-07 10:47:59	 26468	 1874	904	-40	 18.98	 4	0 	0
2025-11-07 10:48:00	 26503	 1918	904	-40	 73.48	 0	0 	0
2025-11-07 10:48:06	 26692	 1917	1023	-40	 91.05	 -1	7 	0
2025-11-07 10:48:09	 26790	 1903	1136	-40	 252.77	 -2	-6 	0
2025-11-07 10:48:11	 26863	 1983	1148	-40	 7.03	 0	0 	0
2025-11-07 10:48:13	 26928	 1920	1004	-40	 245.74	 -4	-8 	0
2025-11-07 10:48:16	 27049	 1903	951	-40	 57.66	 3	5 	0
2025-11-07 10:48:17	 27084	 1983	1112	-40	 112.15	 0	0 	0
2025-11-07 10:48:18	 27129	 1979	1108	-40	 256.29	 -2	-5 	0
2025-11-07 10:48:19	 27164	 1931	916	-40	 205.31	 -1	-2 	0
2025-11-07 10:48:20	 27200	 1843	954	-40	 149.06	 -7	3 	0
2025-11-07 10:48:21	 27235	 1736	975	-40	 221.13	 -5	-4 	0
2025-11-07 10:48:23	 27298	 1640	942	-40	 105.12	 -1	5 	0
2025-11-07 10:48:25	 27351	 1749	1043	-40	 43.59	 5	5 	0
2025-11-07 10:48:26	 27386	 1832	1163	-40	 43.59	 0	1 	0
2025-11-07 10:48:28	 27453	 1751	1133	-40	 203.55	 -7	-3 	0
2025-11-07 10:48:29	 27517	 1658	1089	-40	 22.50	 1	0 	0
2025-11-07 10:48:30	 27552	 1692	1142	-40	 91.05	 0	5 	0
2025-11-07 10:48:34	 27661	 1774	1278	-40	 48.87	 3	4 	0
2025-11-07 10:48:36	 27741	 1589	1331	-16	 166.64	 -8	1 	0
2025-11-07 10:48:37	 27776	 1478	1357	-24	 92.81	 -1	0 	0
2025-11-07 10:48:38	 27811	 1504	1426	-24	 75.23	 1	5 	0
2025-11-07 10:48:39	 27846	 1538	1547	-24	 161.37	 0	0 	0
2025-11-07 10:48:40	 27892	 1546	1502	-24	 277.38	 0	-7 	0
2025-11-07 10:48:41	 27927	 1570	1234	-24	 259.80	 -1	-9 	0
2025-11-07 10:48:42	 27962	 1528	1136	-24	 177.19	 -5	0 	0
2025-11-07 10:48:43	 27997	 1319	1115	-24	 177.19	 -8	-1 	0
2025-11-07 10:48:44	 28032	 1092	1105	-24	 210.59	 -6	-3 	0
2025-11-07 10:48:45	 28067	 1056	1059	-24	 184.22	 -1	-1 	0
2025-11-07 10:48:47	 28124	 1056	1067	-24	 161.37	 -1	1 	0
2025-11-07 10:48:48	 28159	 1056	1102	-24	 233.44	 0	0 	0
2025-11-07 10:48:49	 28194	 1056	1032	-24	 203.55	 0	-2 	0
2025-11-07 10:48:50	 28249	 1056	1086	-24	 196.52	 0	0 	0
2025-11-07 10:48:53	 28349	 1056	1075	-24	 222.89	 0	-1 	0
2025-11-07 10:48:58	 28521	 1089	1034	-24	 312.54	 4	-5 	0
2025-11-07 10:48:59	 28556	 1228	920	8	 286.17	 2	-3 	0
2025-11-07 10:49:00	 28591	 1251	897	8	 247.50	 0	-1 	0
2025-11-07 10:49:02	 28643	 1298	714	-1	 284.41	 1	-8 	0
2025-11-07 10:49:03	 28678	 1343	468	-32	 275.62	 0	-4 	0
2025-11-07 10:49:04	 28713	 1276	348	-32	 229.92	 -5	-6 	0
2025-11-07 10:49:05	 28748	 1197	328	-32	 245.74	 -3	0 	0
2025-11-07 10:49:06	 28805	 1168	328	-32	 261.56	 -1	-1 	0
2025-11-07 10:49:07	 28840	 1175	384	-32	 261.56	 0	0 	0
2025-11-07 10:49:08	 28875	 1168	328	-32	 261.56	 -1	-1 	0
2025-11-07 10:49:10	 28921	 1168	328	-32	 261.56	 -1	-1 	0
2025-11-07 10:49:11	 28958	 1183	438	-32	 261.56	 0	2 	0
2025-11-07 10:49:14	 29068	 1197	447	-32	 358.24	 3	-1 	0
2025-11-07 10:49:15	 29103	 1262	445	-32	 358.24	 0	-1 	0
2025-11-07 10:49:17	 29195	 1343	461	-32	 86.13	 0	4 	0
2025-11-07 10:49:18	 29230	 1344	671	-40	 137.11	 0	2 	0
2025-11-07 10:49:19	 29265	 1344	695	-40	 210.94	 0	0 	0
2025-11-07 10:49:20	 29300	 1170	592	-40	 210.94	 -5	-3 	0
2025-11-07 10:49:21	 29335	 1119	584	-40	 133.59	 -1	0 	0
2025-11-07 10:49:22	 29370	 1040	672	-16	 96.68	 0	0 	0
2025-11-07 10:49:23	 29405	 1040	768	8	 96.68	 -1	4 	0
2025-11-07 10:49:24	 29440	 1041	813	8	 38.67	 0	0 	0
2025-11-07 10:49:25	 29475	 1148	901	8	 12.30	 1	1 	0
2025-11-07 10:49:26	 29510	 1219	911	8	 358.24	 6	-1 	0
2025-11-07 10:49:28	 29580	 1327	871	8	 294.96	 0	-3 	0
2025-11-07 10:49:29	 29615	 1327	841	8	 352.97	 0	-1 	0
2025-11-07 10:49:30	 29650	 1420	830	8	 352.97	 6	-1 	0
2025-11-07 10:49:31	 29685	 1538	815	8	 312.54	 0	-1 	0
2025-11-07 10:49:32	 29720	 1578	716	8	 289.69	 2	-7 	0
2025-11-07 10:49:33	 29755	 1583	523	8	 289.69	 0	-7 	0
2025-11-07 10:49:34	 29790	 1583	396	8	 289.69	 0	-5 	0
2025-11-07 10:49:35	 29825	 1583	294	8	 231.68	 0	-1 	0
2025-11-07 10:49:38	 29934	 1483	292	8	 178.95	 -13	0 	0
2025-11-07 10:49:39	 29969	 1126	298	8	 205.31	 -3	0 	0
2025-11-07 10:49:45	 30158	 1127	282	0	 293.20	 -1	2 	0
2025-11-07 10:49:46	 30213	 1248	190	0	 319.57	 9	-9 	0
2025-11-07 10:49:48	 30280	 1339	204	0	 49.22	 1	1 	0
2025-11-07 10:49:50	 30328	 1341	219	0	 177.54	 -3	0 	0
2025-11-07 10:49:51	 30363	 1120	229	0	 177.54	 -1	0 	0
2025-11-07 10:49:52	 30420	 1137	290	0	 79.10	 0	1 	0
2025-11-07 10:49:53	 30455	 1125	436	40	 96.68	 -1	7 	0
2025-11-07 10:49:55	 30501	 1168	488	48	 14.06	 3	0 	0
2025-11-07 10:49:56	 30552	 1183	530	48	 86.13	 0	3 	0
2025-11-07 10:49:57	 30587	 1185	709	-8	 86.13	 0	1 	0
2025-11-07 10:49:58	 30622	 1191	819	8	 35.16	 0	0 	0
2025-11-07 10:49:59	 30657	 1194	828	8	 356.48	 0	0 	0
2025-11-07 10:50:02	 30759	 1201	829	8	 279.14	 0	0 	0
2025-11-07 10:50:05	 30876	 1064	870	8	 200.04	 -3	0 	0
2025-11-07 10:50:06	 30911	 1022	795	8	 184.22	 -1	-2 	1
2025-11-07 10:50:07	 30946	 920	847	8	 142.03	 -4	0 	0
2025-11-07 10:50:08	 30981	 812	847	8	 80.51	 -1	0 	0
2025-11-07 10:50:10	 31043	 826	841	8	 343.83	 4	-2 	0
2025-11-07 10:50:11	 31078	 1059	774	8	 3.16	 3	-2 	0
2025-11-07 10:50:12	 31113	 1125	832	8	 76.99	 1	4 	0
2025-11-07 10:50:13	 31148	 1143	878	8	 80.51	 0	0 	0
2025-11-07 10:50:14	 31183	 1162	992	0	 135.00	 0	1 	0
2025-11-07 10:50:15	 31218	 1117	1073	-24	 178.95	 -1	0 	0
2025-11-07 10:50:16	 31253	 1056	1072	-24	 178.95	 0	-1 	0
2025-11-07 10:50:20	 31385	 1167	1063	-24	 356.13	 7	-1 	0
2025-11-07 10:50:21	 31420	 1429	1127	-24	 36.56	 6	4 	0
2025-11-07 10:50:22	 31455	 1570	1346	-24	 94.57	 0	5 	0
2025-11-07 10:50:23	 31490	 1573	1429	-24	 94.57	 -1	5 	0
2025-11-07 10:50:24	 31525	 1527	1684	-24	 112.15	 -3	7 	0
2025-11-07 10:50:25	 31560	 1383	1871	-24	 180.70	 -3	0 	0
2025-11-07 10:50:26	 31595	 1248	1795	-24	 228.16	 -4	-3 	0
2025-11-07 10:50:27	 31630	 1215	1779	-24	 254.53	 -1	-1 	0
2025-11-07 10:50:30	 31722	 1212	1788	-24	 173.67	 -3	0 	0
2025-11-07 10:50:31	 31757	 1059	1762	-24	 231.68	 -5	-5 	0
2025-11-07 10:50:32	 31792	 861	1576	35	 229.92	 -7	-5 	0
2025-11-07 10:50:33	 31827	 872	1509	40	 342.42	 4	-3 	0
2025-11-07 10:50:34	 31862	 1007	1470	48	 12.30	 0	-1 	0
2025-11-07 10:50:35	 31897	 1033	1543	40	 31.64	 0	1 	0
2025-11-07 10:50:36	 31932	 1084	1588	40	 29.88	 0	0 	0
2025-11-07 10:50:37	 31967	 1107	1598	40	 19.34	 2	0 	0
2025-11-07 10:50:38	 32002	 1164	1605	40	 356.48	 5	-1 	0
2025-11-07 10:50:39	 32037	 1253	1599	40	 279.14	 0	-1 	0
2025-11-07 10:50:40	 32077	 1211	1539	40	 233.44	 -4	-5 	0
2025-11-07 10:50:41	 32112	 1170	1495	40	 171.91	 -4	0 	0
2025-11-07 10:50:42	 32147	 1051	1510	40	 113.91	 -1	0 	0
2025-11-07 10:50:43	 32198	 1076	1521	40	 18.98	 5	1 	0
2025-11-07 10:50:44	 32233	 1263	1598	40	 15.47	 0	0 	0
2025-11-07 10:50:46	 32294	 1246	1601	40	 197.93	 -5	-2 	0
2025-11-07 10:50:47	 32329	 1016	1526	40	 213.75	 -5	-2 	0
2025-11-07 10:50:48	 32364	 972	1512	40	 275.27	 -1	-1 	0
2025-11-07 10:50:49	 32402	 978	1479	48	 275.27	 0	-2 	0
2025-11-07 10:50:50	 32437	 988	1363	48	 203.20	 0	-1 	0
2025-11-07 10:50:52	 32509	 1011	1350	48	 345.23	 4	-2 	0
2025-11-07 10:50:53	 32544	 1216	1295	48	 301.29	 2	-1 	0
2025-11-07 10:50:54	 32579	 1211	1270	48	 216.91	 -5	-4 	0
2025-11-07 10:50:55	 32624	 1168	1234	48	 85.08	 0	2 	0
2025-11-07 10:50:56	 32659	 1174	1334	48	 174.73	 -2	0 	0
2025-11-07 10:50:57	 32694	 954	1348	48	 178.24	 -9	0 	0
2025-11-07 10:50:58	 32729	 822	1352	48	 267.89	 -1	0 	0
2025-11-07 10:51:00	 32788	 776	1379	48	 146.60	 -6	3 	0
2025-11-07 10:51:03	 32904	 786	1415	48	 27.42	 5	0 	0
2025-11-07 10:51:05	 32954	 855	1404	48	 336.45	 0	-3 	0
2025-11-07 10:51:06	 32989	 880	1399	48	 32.70	 0	0 	0
2025-11-07 10:51:07	 33024	 975	1376	48	 16.88	 3	-1 	0
2025-11-07 10:51:08	 33059	 1007	1368	48	 94.22	 0	-1 	0
2025-11-07 10:51:09	 33108	 997	1507	40	 94.22	 -1	3 	0
2025-11-07 10:51:10	 33143	 995	1544	40	 94.22	 -1	0 	0
2025-11-07 10:51:17	 33369	 1005	1646	0	 108.28	 -1	3 	0
2025-11-07 10:51:18	 33404	 980	1789	-19	 69.61	 0	4 	0
2025-11-07 10:51:19	 33439	 988	1837	-24	 313.59	 0	0 	0
2025-11-07 10:51:21	 33518	 858	1801	-24	 195.82	 -8	-3 	0
2025-11-07 10:51:22	 33553	 848	1769	-24	 192.30	 0	-1 	0
2025-11-07 10:51:24	 33629	 963	1784	-24	 7.73	 6	0 	0
2025-11-07 10:51:25	 33664	 1239	1822	-24	 0.70	 8	0 	0
2025-11-07 10:51:26	 33699	 1368	1824	-24	 341.37	 -6	1 	0
2025-11-07 10:51:27	 33734	 1178	1871	-24	 311.48	 -2	0 	0
2025-11-07 10:51:28	 33769	 1135	1851	-24	 216.56	 -5	-4 	0
2025-11-07 10:51:29	 33804	 979	1655	0	 258.75	 -3	-9 	0
2025-11-07 10:51:30	 33839	 848	1597	16	 183.16	 -1	0 	0
2025-11-07 10:51:31	 33874	 849	1480	40	 278.09	 0	-1 	0
2025-11-07 10:51:32	 33909	 929	1480	40	 353.67	 6	-1 	0
2025-11-07 10:51:33	 33944	 1033	1480	40	 249.96	 0	0 	0
2025-11-07 10:51:34	 33979	 977	1480	40	 262.27	 -1	0 	0
2025-11-07 10:51:35	 34014	 950	1480	40	 292.15	 -1	0 	0
2025-11-07 10:51:36	 34049	 1007	1469	48	 269.30	 0	-1 	0
2025-11-07 10:51:37	 34084	 946	1332	48	 204.26	 -2	-3 	0
2025-11-07 10:51:38	 34119	 876	1322	48	 230.62	 -1	0 	0
2025-11-07 10:51:39	 34154	 817	1304	48	 227.11	 -2	0 	0
2025-11-07 10:51:40	 34189	 774	1268	48	 246.45	 -2	-2 	0
2025-11-07 10:51:41	 34224	 797	1216	48	 302.70	 1	0 	0
2025-11-07 10:51:42	 34259	 816	1216	48	 248.20	 0	0 	0
2025-11-07 10:51:44	 34335	 752	1241	48	 97.03	 0	0 	0
2025-11-07 10:51:45	 34370	 781	1342	48	 17.93	 0	1 	0
2025-11-07 10:51:46	 34405	 943	1355	48	 30.23	 3	0 	0
2025-11-07 10:51:48	 34456	 1007	1448	48	 91.76	 -1	5 	0
2025-11-07 10:51:49	 34491	 1008	1653	0	 60.12	 1	5 	0
2025-11-07 10:51:50	 34526	 1008	1754	-16	 128.67	 0	1 	0
2025-11-07 10:51:51	 34561	 1008	1776	-24	 172.62	 0	0 	0
2025-11-07 10:51:53	 34628	 827	1800	-24	 172.62	 -8	0 	3
2025-11-07 10:51:54	 34663	 561	1761	-24	 213.05	 -6	-3 	0
2025-11-07 10:51:55	 34698	 499	1743	-24	 295.66	 -1	0 	0
2025-11-07 10:51:56	 34733	 490	1754	-24	 297.42	 -1	0 	0
2025-11-07 10:51:58	 34827	 495	1632	-24	 272.81	 0	-5 	0
2025-11-07 10:51:59	 34862	 498	1581	-24	 272.81	 0	-2 	0
2025-11-07 10:52:00	 34897	 507	1391	-24	 246.45	 0	-3 	0
2025-11-07 10:52:01	 34932	 508	1364	-24	 271.05	 0	-1 	0
2025-11-07 10:52:02	 34969	 555	1193	-24	 293.91	 1	-6 	0
2025-11-07 10:52:03	 35004	 576	1139	-24	 344.88	 2	-1 	0
2025-11-07 10:52:04	 35039	 712	1101	-24	 4.22	 2	-1 	0
2025-11-07 10:52:05	 35074	 738	1094	-24	 334.34	 0	-1 	0
2025-11-07 10:52:06	 35109	 868	1031	-16	 293.91	 1	-1 	0
2025-11-07 10:52:07	 35147	 880	1018	-16	 267.54	 -1	-4 	0
2025-11-07 10:52:08	 35182	 877	926	-24	 232.38	 -1	-1 	0
2025-11-07 10:52:10	 35220	 833	916	-24	 186.68	 -6	-1 	0
2025-11-07 10:52:11	 35255	 685	899	-24	 262.27	 -1	-1 	0
2025-11-07 10:52:12	 35290	 671	913	-24	 286.88	 -1	0 	0
2025-11-07 10:52:15	 35412	 700	924	-24	 9.14	 5	0 	0
2025-11-07 10:52:16	 35447	 886	915	-16	 326.95	 6	-4 	0
2025-11-07 10:52:17	 35482	 965	912	-16	 82.97	 0	0 	0
2025-11-07 10:52:18	 35517	 899	1011	-16	 125.16	 -5	6 	0
2025-11-07 10:52:19	 35552	 781	1123	-24	 190.20	 -6	-1 	0
2025-11-07 10:52:20	 35587	 524	1099	-24	 139.22	 -3	2 	0
2025-11-07 10:52:21	 35622	 430	1246	-16	 155.04	 -3	2 	0
2025-11-07 10:52:22	 35657	 386	1281	-24	 155.04	 -4	1 	0
2025-11-07 10:52:23	 35692	 314	1331	-72	 269.30	 -1	0 	0
2025-11-07 10:52:24	 35727	 313	1270	-72	 264.02	 -1	-7 	0
2025-11-07 10:52:25	 35762	 297	1226	-88	 188.44	 -1	-2 	0
2025-11-07 10:52:26	 35797	 329	1205	-56	 132.19	 4	-5 	0
2025-11-07 10:52:27	 35832	 405	1200	-16	 132.19	 2	0 	0
2025-11-07 10:52:28	 35867	 435	1200	-16	 132.19	 0	0 	0
2025-11-07 10:52:30	 35942	 521	1329	-24	 72.42	 2	3 	0
2025-11-07 10:52:31	 35977	 526	1488	-24	 42.54	 -1	2 	0
2025-11-07 10:52:32	 36012	 525	1513	-24	 348.05	 -1	0 	0
2025-11-07 10:52:35	 36105	 582	1516	-16	 235.55	 -2	-2 	0
2025-11-07 10:52:36	 36140	 500	1370	-24	 275.98	 -1	-6 	0
2025-11-07 10:52:37	 36175	 551	1114	-24	 302.34	 3	-8 	0
2025-11-07 10:52:38	 36210	 722	1047	-24	 14.41	 7	1 	0
2025-11-07 10:52:39	 36245	 978	1110	-24	 355.08	 3	0 	0
2025-11-07 10:52:40	 36280	 999	1079	-24	 274.22	 0	-6 	0
2025-11-07 10:52:42	 36343	 915	992	-16	 226.76	 -6	-4 	0
2025-11-07 10:52:43	 36378	 761	905	-24	 189.84	 -8	-2 	0
2025-11-07 10:52:44	 36413	 667	895	-24	 275.98	 -1	-1 	0
2025-11-07 10:52:45	 36448	 683	835	-24	 290.04	 2	-7 	0
2025-11-07 10:52:46	 36483	 731	712	-24	 221.48	 0	0 	0
2025-11-07 10:52:48	 36552	 716	896	-24	 86.13	 -1	5 	0
2025-11-07 10:52:49	 36593	 773	935	-24	 5.27	 6	0 	0
2025-11-07 10:52:50	 36628	 986	943	-16	 45.70	 2	0 	0
2025-11-07 10:52:51	 36684	 892	1038	-18	 138.87	 -6	5 	0
2025-11-07 10:52:52	 36719	 735	1103	-24	 182.81	 -7	-1 	0
2025-11-07 10:52:53	 36754	 494	1131	-24	 126.56	 -3	0 	0
2025-11-07 10:52:54	 36789	 448	1281	-16	 82.62	 -2	4 	0
2025-11-07 10:52:55	 36824	 517	1432	-24	 87.89	 2	7 	0
2025-11-07 10:52:56	 36859	 537	1707	-24	 75.59	 1	8 	0
2025-11-07 10:52:57	 36894	 685	1865	-24	 5.27	 7	1 	0
2025-11-07 10:52:58	 36929	 799	1863	-24	 316.05	 0	-1 	0
2025-11-07 10:53:00	 36993	 799	1857	-24	 324.84	 0	-3 	0
2025-11-07 10:53:01	 37028	 912	1833	-24	 19.34	 6	2 	0
2025-11-07 10:53:02	 37063	 1103	1866	-21	 335.39	 5	-2 	0
2025-11-07 10:53:03	 37098	 1357	1771	-24	 1.76	 7	-2 	0
2025-11-07 10:53:04	 37133	 1570	1626	-24	 284.41	 2	-8 	0
2025-11-07 10:53:05	 37168	 1583	1430	-24	 319.57	 0	-5 	0
2025-11-07 10:53:06	 37203	 1682	1307	-24	 331.88	 6	-5 	0
2025-11-07 10:53:07	 37238	 1783	1229	-40	 258.05	 0	-1 	0
2025-11-07 10:53:08	 37273	 1745	1067	-40	 268.59	 -2	-6 	0
2025-11-07 10:53:09	 37308	 1732	1009	-40	 28.12	 -1	-1 	0
2025-11-07 10:53:11	 37374	 1773	1119	-40	 63.28	 2	5 	0
2025-11-07 10:53:12	 37420	 1793	1167	-40	 126.56	 -1	0 	0
2025-11-07 10:53:13	 37455	 1734	1185	-40	 126.56	 -2	1 	0
2025-11-07 10:53:14	 37490	 1643	1360	-16	 151.17	 -5	5 	0
2025-11-07 10:53:15	 37525	 1454	1369	-24	 186.33	 -8	-1 	0
2025-11-07 10:53:16	 37560	 1360	1351	-24	 219.73	 0	-1 	0
2025-11-07 10:53:18	 37619	 1487	1290	-24	 298.83	 5	-5 	0
2025-11-07 10:53:19	 37654	 1522	1098	-24	 230.27	 -5	-5 	0
2025-11-07 10:53:20	 37689	 1384	1032	-24	 168.75	 -1	0 	0
2025-11-07 10:53:21	 37724	 1291	1085	-24	 198.63	 -7	-1 	0
2025-11-07 10:53:22	 37759	 1109	1015	-8	 281.25	 -1	-5 	0
2025-11-07 10:53:23	 37794	 1133	810	8	 304.10	 0	-3 	0
2025-11-07 10:53:24	 37829	 1155	791	8	 12.66	 4	0 	0
2025-11-07 10:53:25	 37864	 1397	844	8	 349.80	 5	0 	0
2025-11-07 10:53:26	 37899	 1560	779	8	 291.80	 2	-2 	0
2025-11-07 10:53:27	 37934	 1540	644	8	 256.64	 -3	-8 	0
2025-11-07 10:53:28	 37969	 1538	376	8	 295.31	 0	-5 	0
2025-11-07 10:53:29	 38004	 1544	330	8	 312.89	 0	-1 	0
2025-11-07 10:53:30	 38042	 1583	317	8	 321.68	 0	-1 	0
2025-11-07 10:53:33	 38145	 1583	267	8	 270.70	 0	-1 	0
2025-11-07 10:53:36	 38238	 1569	257	8	 184.57	 -5	-1 	0
2025-11-07 10:53:37	 38273	 1392	240	-40	 184.57	 -1	-1 	0
2025-11-07 10:53:39	 38347	 1424	255	-40	 38.67	 4	2 	0
2025-11-07 10:53:40	 38382	 1455	378	-40	 79.10	 0	6 	0
2025-11-07 10:53:41	 38417	 1443	560	-40	 140.62	 -4	4 	0
2025-11-07 10:53:42	 38452	 1234	697	-40	 209.18	 -8	-1 	0
2025-11-07 10:53:43	 38487	 1195	584	-40	 181.05	 -1	0 	0
2025-11-07 10:53:44	 38522	 1040	623	-32	 137.11	 -1	1 	0
2025-11-07 10:53:45	 38557	 1065	793	8	 65.04	 2	7 	0
2025-11-07 10:53:46	 38592	 1197	904	8	 349.45	 7	0 	0
2025-11-07 10:53:47	 38627	 1463	838	8	 338.91	 7	-2 	0
2025-11-07 10:53:48	 38662	 1571	694	8	 254.53	 -2	-7 	0
2025-11-07 10:53:49	 38697	 1539	422	8	 296.72	 1	-9 	0
2025-11-07 10:53:50	 38732	 1583	294	8	 294.96	 0	-1 	0
2025-11-07 10:53:54	 38871	 1496	275	8	 189.49	 -12	-2 	0
2025-11-07 10:53:55	 38906	 1120	204	0	 177.19	 0	-1 	0
2025-11-07 10:53:56	 38955	 1127	250	0	 82.27	 0	6 	0
2025-11-07 10:53:57	 38990	 1158	479	48	 82.27	 0	2 	0
2025-11-07 10:53:59	 39040	 1171	506	48	 82.27	 0	4 	0
2025-11-07 10:54:00	 39075	 1180	552	48	 126.21	 0	0 	0
2025-11-07 10:54:03	 39199	 1177	509	48	 266.84	 -1	-1 	0
2025-11-07 10:54:09	 39410	 1179	548	48	 87.54	 0	6 	0
2025-11-07 10:54:10	 39445	 1186	724	0	 26.02	 0	1 	0
2025-11-07 10:54:12	 39499	 1188	743	0	 262.97	 0	3 	0
2025-11-07 10:54:13	 39534	 1212	942	8	 262.97	 0	2 	0
2025-11-07 10:54:14	 39569	 1215	967	8	 222.54	 0	0 	0
2025-11-07 10:54:17	 39665	 1097	1088	-24	 185.62	 -7	2 	0
2025-11-07 10:54:18	 39700	 1055	1062	-24	 229.57	 -1	-5 	0
2025-11-07 10:54:19	 39735	 902	1033	-24	 178.59	 -8	0 	0
2025-11-07 10:54:20	 39770	 623	1067	-24	 155.74	 -8	2 	0
2025-11-07 10:54:21	 39805	 464	1197	-24	 124.10	 0	1 	0
2025-11-07 10:54:22	 39840	 473	1271	-24	 80.16	 1	6 	0
2025-11-07 10:54:23	 39875	 525	1514	-24	 25.66	 0	3 	0
2025-11-07 10:54:24	 39910	 544	1543	-24	 336.45	 3	-2 	0
2025-11-07 10:54:25	 39945	 583	1509	-16	 336.45	 0	-1 	0
2025-11-07 10:54:26	 40002	 528	1442	-24	 273.16	 -2	-6 	0
2025-11-07 10:54:27	 40037	 402	1263	-16	 190.55	 -8	-3 	0
2025-11-07 10:54:28	 40072	 290	1220	-88	 190.55	 2	-1 	0
2025-11-07 10:54:29	 40107	 434	1241	-16	 185.27	 -1	-1 	0
2025-11-07 10:54:30	 40143	 395	1243	-16	 174.73	 -6	0 	0
2025-11-07 10:54:31	 40178	 288	1259	-88	 158.91	 0	0 	0
2025-11-07 10:54:33	 40234	 376	1317	-24	 32.34	 6	3 	0
2025-11-07 10:54:34	 40269	 550	1430	-24	 100.90	 1	6 	0
2025-11-07 10:54:35	 40304	 561	1537	-16	 25.31	 0	0 	0
2025-11-07 10:54:36	 40356	 541	1493	-24	 244.69	 -3	-6 	0
2025-11-07 10:54:37	 40391	 492	1236	-24	 279.84	 0	-9 	0
2025-11-07 10:54:38	 40426	 594	1050	-24	 2.46	 6	-2 	0
2025-11-07 10:54:39	 40461	 861	1054	-24	 5.98	 8	0 	0
2025-11-07 10:54:40	 40496	 999	1076	-24	 5.98	 0	0 	0
2025-11-07 10:54:41	 40531	 1044	1032	-24	 358.95	 2	-1 	0
2025-11-07 10:54:42	 40566	 1146	1052	-24	 297.42	 0	0 	0
2025-11-07 10:54:43	 40601	 1150	991	0	 269.30	 -1	-7 	0
2025-11-07 10:54:44	 40636	 1149	821	8	 269.30	 -1	-4 	0
2025-11-07 10:54:45	 40671	 1148	788	8	 344.88	 -1	-1 	0
2025-11-07 10:54:46	 40706	 1313	796	8	 346.64	 7	-1 	0
2025-11-07 10:54:47	 40741	 1424	779	8	 332.58	 0	-1 	0
2025-11-07 10:54:49	 40808	 1460	833	8	 239.41	 3	5 	0
2025-11-07 10:54:50	 40843	 1526	946	8	 223.59	 0	0 	0
2025-11-07 10:54:51	 40878	 1388	929	8	 188.44	 -8	-2 	0
2025-11-07 10:54:52	 40913	 1107	883	8	 218.32	 -8	-3 	0
2025-11-07 10:54:53	 40948	 1056	825	8	 211.29	 0	-1 	0
2025-11-07 10:54:54	 40983	 1074	847	8	 232.38	 0	0 	0
2025-11-07 10:54:55	 41018	 1114	898	8	 232.38	 0	0 	0
2025-11-07 10:54:59	 41136	 1178	914	8	 11.25	 6	1 	0
2025-11-07 10:55:00	 41171	 1368	906	8	 327.30	 6	-4 	0
2025-11-07 10:55:01	 41206	 1456	798	8	 316.76	 0	-2 	0
2025-11-07 10:55:02	 41241	 1570	718	8	 283.36	 1	-1 	0
2025-11-07 10:55:03	 41276	 1582	535	8	 269.30	 -1	-8 	0
2025-11-07 10:55:04	 41311	 1580	327	8	 225.35	 -1	-2 	0
2025-11-07 10:55:06	 41386	 1575	312	8	 188.44	 -5	-1 	0
2025-11-07 10:55:07	 41421	 1144	248	0	 188.44	 -16	-3 	0
2025-11-07 10:55:08	 41464	 1121	241	0	 84.73	 0	3 	0
2025-11-07 10:55:09	 41499	 1129	337	16	 84.73	 0	4 	0
2025-11-07 10:55:10	 41534	 1139	445	40	 84.73	 0	1 	0
2025-11-07 10:55:11	 41569	 1153	482	48	 61.88	 1	3 	0
2025-11-07 10:55:13	 41636	 1150	453	48	 74.18	 -1	-1 	0
2025-11-07 10:55:15	 41700	 1131	446	40	 2.11	 -5	-1 	0
2025-11-07 10:55:18	 41804	 1150	483	48	 51.33	 1	2 	0
2025-11-07 10:55:24	 42039	 1183	528	48	 77.70	 0	1 	0
2025-11-07 10:55:25	 42079	 1183	548	48	 77.70	 0	5 	0
2025-11-07 10:55:28	 42151	 1156	593	-40	 186.68	 -2	-1 	0
2025-11-07 10:55:29	 42186	 1094	642	-24	 132.19	 -5	5 	0
2025-11-07 10:55:30	 42221	 1043	710	-8	 40.78	 2	1 	0
2025-11-07 10:55:31	 42256	 1174	819	8	 335.74	 1	0 	0
2025-11-07 10:55:33	 42336	 1182	829	8	 182.81	 -3	-1 	0
2025-11-07 10:55:34	 42371	 1083	824	8	 258.40	 -1	-1 	0
2025-11-07 10:55:36	 42444	 1080	724	6	 270.70	 0	-12 	0
2025-11-07 10:55:37	 42479	 1084	591	-40	 270.70	 -1	3 	0
2025-11-07 10:55:38	 42514	 1080	983	8	 270.70	 -1	10 	0
2025-11-07 10:55:39	 42549	 1078	1111	-24	 270.70	 0	-3 	0
2025-11-07 10:55:40	 42584	 1080	1032	-24	 279.49	 0	0 	0
2025-11-07 10:55:41	 42626	 1181	969	8	 288.28	 2	-5 	0
2025-11-07 10:55:42	 42661	 1249	795	8	 265.43	 0	-2 	0
2025-11-07 10:55:43	 42696	 1247	783	8	 165.23	 -4	0 	0
2025-11-07 10:55:44	 42731	 1110	818	8	 216.21	 -1	0 	0
2025-11-07 10:55:52	 43008	 1119	825	8	 16.17	 4	1 	0
2025-11-07 10:55:53	 43043	 1363	885	8	 335.74	 7	-1 	0
2025-11-07 10:55:54	 43078	 1583	790	8	 277.73	 0	-4 	0
2025-11-07 10:55:55	 43113	 1562	551	8	 275.98	 0	-9 	0
2025-11-07 10:55:56	 43148	 1576	353	8	 217.97	 0	-2 	0
2025-11-07 10:55:59	 43247	 1571	339	8	 200.39	 -4	-2 	0
2025-11-07 10:56:00	 43282	 1392	263	-40	 200.39	 0	-2 	0
2025-11-07 10:56:01	 43331	 1406	268	-40	 43.95	 5	5 	0
2025-11-07 10:56:02	 43366	 1401	588	-40	 123.05	 -7	12 	0
2025-11-07 10:56:03	 43401	 1233	682	-40	 293.55	 1	-10 	0
2025-11-07 10:56:04	 43436	 1309	584	-40	 181.05	 -2	-1 	0
2025-11-07 10:56:05	 43471	 1150	597	-40	 144.14	 0	-2 	0
2025-11-07 10:56:06	 43506	 1266	584	-40	 152.93	 3	0 	0
2025-11-07 10:56:07	 43541	 1298	584	-40	 275.98	 0	0 	0
2025-11-07 10:56:08	 43584	 1343	579	-32	 279.49	 0	-3 	0
2025-11-07 10:56:09	 43619	 1343	438	-32	 235.55	 0	-2 	0
2025-11-07 10:56:10	 43654	 1289	410	-32	 193.36	 -2	-1 	0
2025-11-07 10:56:12	 43692	 1287	401	-32	 142.38	 2	-3 	0
2025-11-07 10:56:13	 43727	 1343	328	-32	 142.38	 0	-1 	0
2025-11-07 10:56:17	 43873	 1336	454	-32	 93.16	 -1	7 	0
2025-11-07 10:56:18	 43908	 1317	681	-40	 172.27	 -1	1 	0
2025-11-07 10:56:19	 43943	 1315	700	-40	 239.06	 -1	0 	0
2025-11-07 10:56:20	 43989	 1259	607	-40	 166.99	 -1	-1 	0
2025-11-07 10:56:21	 44024	 1100	679	-16	 152.93	 -8	3 	0
2025-11-07 10:56:23	 44081	 1040	716	0	 281.25	 -1	0 	0
2025-11-07 10:56:24	 44116	 1027	847	8	 281.25	 -1	0 	0
2025-11-07 10:56:26	 44192	 983	838	8	 200.39	 -2	-1 	0
2025-11-07 10:56:27	 44240	 969	834	8	 7.38	 1	0 	0
2025-11-07 10:56:28	 44275	 1119	853	8	 312.89	 1	0 	0
2025-11-07 10:56:31	 44371	 1132	853	8	 254.88	 -1	-3 	0
2025-11-07 10:56:32	 44406	 1126	831	8	 254.88	 -1	-1 	0
2025-11-07 10:56:34	 44480	 1161	961	8	 254.88	 0	1 	0
2025-11-07 10:56:36	 44538	 1164	971	8	 254.88	 -2	-5 	0
2025-11-07 10:56:37	 44573	 1057	584	-40	 254.88	 -2	-2 	0
2025-11-07 10:56:38	 44613	 1075	714	0	 254.88	 2	7 	0
2025-11-07 10:56:39	 44648	 1129	915	8	 254.88	 0	1 	0
2025-11-07 10:56:41	 44715	 1132	931	8	 117.77	 -1	1 	0
2025-11-07 10:56:42	 44750	 1056	1112	-24	 158.20	 0	3 	0
2025-11-07 10:56:43	 44807	 1055	1052	-24	 202.15	 -2	-2 	0
2025-11-07 10:56:44	 44842	 923	1013	-16	 246.09	 -2	-1 	0
2025-11-07 10:56:45	 44877	 875	905	-24	 189.84	 -2	-2 	0
2025-11-07 10:56:46	 44912	 711	902	-24	 202.15	 -5	-1 	0
2025-11-07 10:56:47	 44947	 668	824	-24	 268.95	 -1	-7 	0
2025-11-07 10:56:50	 45041	 692	744	-24	 47.46	 4	4 	0
2025-11-07 10:56:51	 45076	 735	902	-24	 24.61	 0	4 	0
2025-11-07 10:56:52	 45111	 836	904	-24	 8.79	 0	0 	0
2025-11-07 10:56:53	 45146	 903	966	-16	 94.92	 1	1 	0
2025-11-07 10:56:54	 45181	 848	1021	-16	 182.81	 -1	0 	0
2025-11-07 10:56:55	 45216	 782	1047	-24	 170.51	 -7	0 	0
2025-11-07 10:56:56	 45251	 525	1128	-24	 123.05	 -7	4 	0
2025-11-07 10:56:57	 45286	 422	1359	-16	 65.04	 -1	0 	0
2025-11-07 10:57:02	 45447	 433	1359	-16	 249.26	 1	0 	0
2025-11-07 10:57:03	 45482	 490	1306	-24	 303.75	 3	-6 	0
2025-11-07 10:57:04	 45517	 590	1126	-24	 316.05	 2	-5 	0
2025-11-07 10:57:05	 45552	 764	1067	-24	 352.97	 7	-1 	0
2025-11-07 10:57:06	 45587	 899	1043	-24	 344.18	 0	-1 	0
2025-11-07 10:57:07	 45622	 1076	1067	-24	 5.27	 7	1 	0
2025-11-07 10:57:08	 45657	 1161	1051	-24	 279.14	 1	-6 	0
2025-11-07 10:57:09	 45692	 1190	891	8	 286.17	 0	-1 	0
2025-11-07 10:57:10	 45727	 1253	868	8	 347.70	 6	-2 	0
2025-11-07 10:57:11	 45762	 1493	816	8	 340.66	 2	-1 	0
2025-11-07 10:57:12	 45797	 1526	752	8	 272.11	 0	-7 	0
2025-11-07 10:57:13	 45832	 1537	485	8	 272.11	 0	-6 	0
2025-11-07 10:57:14	 45867	 1541	374	8	 272.11	 0	-1 	0
2025-11-07 10:57:16	 45945	 1554	387	8	 236.95	 0	1 	0
2025-11-07 10:57:18	 46001	 1564	401	8	 115.66	 0	-2 	0
2025-11-07 10:57:19	 46036	 1583	315	8	 166.64	 0	-1 	0
2025-11-07 10:57:21	 46113	 1484	297	8	 187.73	 -13	-2 	0
2025-11-07 10:57:22	 46148	 1120	246	0	 140.27	 0	-1 	0
2025-11-07 10:57:25	 46253	 1141	370	32	 80.51	 1	6 	0
2025-11-07 10:57:26	 46288	 1154	450	48	 80.51	 0	3 	0
2025-11-07 10:57:28	 46370	 1167	487	48	 80.51	 0	0 	0
2025-11-07 10:57:30	 46441	 1176	543	48	 87.54	 0	2 	0
2025-11-07 10:57:31	 46476	 1178	569	48	 117.42	 0	0 	0
2025-11-07 10:57:33	 46558	 1133	658	-24	 91.05	 -1	2 	0
2025-11-07 10:57:34	 46593	 1135	890	8	 84.02	 0	6 	0
2025-11-07 10:57:35	 46628	 1152	1004	0	 76.99	 1	4 	0
2025-11-07 10:57:36	 46663	 1182	1098	-24	 138.52	 0	0 	0
2025-11-07 10:57:37	 46698	 1112	1088	-24	 193.01	 -5	-1 	0
2025-11-07 10:57:38	 46733	 1056	1055	-24	 207.07	 0	-1 	0
2025-11-07 10:57:39	 46768	 984	1032	-24	 229.92	 -1	0 	0
2025-11-07 10:57:40	 46803	 933	975	-16	 229.92	 -3	-3 	0
2025-11-07 10:57:41	 46838	 849	931	-24	 196.52	 -5	-2 	0
2025-11-07 10:57:42	 46873	 749	914	-24	 187.73	 -1	-1 	0
2025-11-07 10:57:44	 46933	 730	903	-24	 219.38	 -4	-3 	0
2025-11-07 10:57:45	 46968	 655	814	-24	 258.05	 -1	-2 	0
2025-11-07 10:57:46	 47003	 679	771	-24	 316.05	 1	-2 	0
2025-11-07 10:57:47	 47038	 679	749	-24	 214.10	 -4	-3 	0
2025-11-07 10:57:48	 47073	 608	712	-24	 120.94	 -1	0 	0
2025-11-07 10:57:50	 47123	 650	770	-24	 73.48	 1	4 	0
2025-11-07 10:57:51	 47158	 702	926	-24	 26.02	 0	0 	0
2025-11-07 10:57:52	 47193	 757	932	-24	 349.10	 4	-1 	0
2025-11-07 10:57:53	 47228	 836	918	-24	 4.92	 0	-1 	0
2025-11-07 10:57:54	 47263	 892	981	-16	 94.57	 0	2 	0
2025-11-07 10:57:55	 47298	 918	1077	-24	 26.02	 4	2 	0
2025-11-07 10:57:56	 47333	 978	1112	-24	 133.24	 0	0 	0
2025-11-07 10:57:57	 47368	 931	1126	-24	 191.25	 -1	0 	0
2025-11-07 10:57:59	 47442	 935	1083	-24	 280.90	 0	-1 	0
2025-11-07 10:58:00	 47482	 990	1062	-24	 342.42	 6	-2 	0
2025-11-07 10:58:01	 47517	 1109	1030	-16	 301.99	 1	-2 	0
2025-11-07 10:58:02	 47552	 1172	903	8	 258.05	 -1	-5 	0
2025-11-07 10:58:03	 47587	 1148	838	8	 221.13	 -3	-3 	0
2025-11-07 10:58:04	 47622	 1124	815	8	 233.44	 -1	-1 	0
2025-11-07 10:58:07	 47718	 1015	799	8	 173.67	 -5	0 	1
2025-11-07 10:58:08	 47753	 970	802	8	 62.93	 -1	0 	0
2025-11-07 10:58:09	 47788	 1069	850	8	 43.59	 3	0 	0
2025-11-07 10:58:10	 47823	 1132	965	8	 94.57	 0	6 	0
2025-11-07 10:58:11	 47858	 1130	1112	-24	 182.46	 -1	0 	0
2025-11-07 10:58:12	 47893	 1056	1080	-24	 177.19	 0	-1 	0
2025-11-07 10:58:13	 47928	 1044	1052	-24	 180.70	 -2	-2 	0
2025-11-07 10:58:14	 47963	 884	1096	-24	 164.88	 -8	2 	0
2025-11-07 10:58:15	 47998	 645	1107	-24	 173.67	 -6	-1 	0
2025-11-07 10:58:16	 48033	 529	1200	-24	 117.42	 -4	6 	0
2025-11-07 10:58:17	 48068	 411	1293	-16	 173.67	 -4	0 	0
2025-11-07 10:58:22	 48260	 291	1295	-88	 335.39	 2	-2 	0
2025-11-07 10:58:23	 48295	 374	1256	-40	 259.80	 0	-1 	0
2025-11-07 10:58:26	 48400	 440	1226	-16	 335.39	 6	-3 	0
2025-11-07 10:58:27	 48435	 592	1101	-24	 317.81	 2	-4 	0
2025-11-07 10:58:28	 48470	 704	1035	-24	 8.79	 4	0 	0
2025-11-07 10:58:29	 48505	 914	1068	-24	 352.97	 2	0 	0
2025-11-07 10:58:30	 48540	 937	1071	-24	 229.92	 0	0 	0
2025-11-07 10:58:32	 48594	 813	1127	-24	 171.91	 -5	0 	0
2025-11-07 10:58:33	 48629	 589	1147	-24	 142.03	 -7	2 	0
2025-11-07 10:58:34	 48664	 447	1352	-16	 84.02	 -1	7 	0
2025-11-07 10:58:35	 48699	 535	1424	-24	 54.14	 4	5 	0
2025-11-07 10:58:36	 48734	 554	1534	-24	 98.09	 -1	6 	0
2025-11-07 10:58:37	 48769	 519	1710	-24	 34.80	 1	2 	0
2025-11-07 10:58:38	 48804	 667	1784	-24	 354.38	 6	-1 	0
2025-11-07 10:58:39	 48839	 842	1790	-24	 31.29	 4	2 	0
2025-11-07 10:58:40	 48874	 998	1871	-24	 57.66	 1	0 	0
2025-11-07 10:58:41	 48938	 1014	1871	-24	 331.52	 1	-1 	0
2025-11-07 10:58:42	 48973	 1092	1809	-24	 245.39	 -1	-5 	0
2025-11-07 10:58:43	 49008	 1032	1640	0	 268.24	 -1	-1 	0
2025-11-07 10:58:45	 49045	 979	1637	0	 185.62	 -5	-1 	0
2025-11-07 10:58:46	 49080	 848	1633	8	 208.48	 -1	-2 	0
2025-11-07 10:58:47	 49115	 854	1551	32	 278.79	 0	-7 	0
2025-11-07 10:58:48	 49150	 938	1480	40	 329.77	 5	-1 	0
2025-11-07 10:58:49	 49185	 1006	1465	48	 266.48	 -1	-5 	0
2025-11-07 10:58:50	 49220	 961	1371	48	 210.23	 -3	-3 	0
2025-11-07 10:58:51	 49255	 864	1360	48	 141.68	 -4	2 	0
2025-11-07 10:58:52	 49290	 802	1401	48	 248.91	 -1	0 	0
2025-11-07 10:58:53	 49325	 807	1276	48	 273.52	 0	-7 	0
2025-11-07 10:58:55	 49401	 811	1238	48	 88.95	 0	4 	0
2025-11-07 10:58:56	 49436	 868	1386	48	 15.12	 1	2 	0
2025-11-07 10:58:57	 49471	 1003	1340	48	 341.72	 7	-4 	0
2025-11-07 10:58:58	 49506	 1152	1304	48	 297.77	 0	0 	0
2025-11-07 10:59:00	 49576	 1193	1329	48	 34.45	 4	3 	0
2025-11-07 10:59:01	 49611	 1258	1367	48	 348.75	 3	-1 	0
2025-11-07 10:59:02	 49661	 1258	1383	48	 103.01	 -2	4 	0
2025-11-07 10:59:03	 49696	 1237	1415	48	 171.56	 -1	0 	0
2025-11-07 10:59:04	 49734	 1064	1367	48	 173.32	 -6	-2 	0
2025-11-07 10:59:05	 49769	 992	1415	48	 99.49	 -1	0 	0
2025-11-07 10:59:06	 49804	 998	1490	46	 80.16	 1	6 	0
2025-11-07 10:59:07	 49839	 1046	1768	-9	 80.16	 1	8 	0
2025-11-07 10:59:08	 49874	 1066	1882	-16	 73.12	 0	0 	0
2025-11-07 10:59:09	 49916	 1122	1860	-24	 334.69	 5	-3 	0
2025-11-07 10:59:10	 49951	 1190	1828	-24	 306.56	 0	-1 	0
2025-11-07 10:59:13	 50026	 1087	1824	-24	 181.76	 -8	-1 	0
2025-11-07 10:59:14	 50061	 812	1816	-24	 181.76	 -9	-1 	0
2025-11-07 10:59:15	 50096	 580	1778	-24	 230.98	 -4	-2 	0
2025-11-07 10:59:16	 50131	 530	1618	-24	 269.65	 -1	-7 	0
2025-11-07 10:59:17	 50166	 524	1551	-24	 255.59	 -1	-3 	0
2025-11-07 10:59:18	 50201	 478	1360	-24	 271.41	 -1	-3 	0
2025-11-07 10:59:19	 50236	 422	1305	-16	 199.34	 -3	-2 	0
2025-11-07 10:59:20	 50271	 400	1293	-16	 259.10	 -1	-1 	0
2025-11-07 10:59:21	 50320	 549	1161	-24	 318.87	 6	-6 	0
2025-11-07 10:59:22	 50355	 657	1089	-24	 348.75	 5	-2 	0
2025-11-07 10:59:23	 50390	 770	1064	-24	 4.57	 0	-1 	0
2025-11-07 10:59:24	 50425	 867	1071	-24	 4.57	 0	0 	0
2025-11-07 10:59:26	 50488	 874	1044	-24	 266.13	 -1	-6 	0
2025-11-07 10:59:27	 50523	 868	942	-16	 225.70	 -1	-1 	0
2025-11-07 10:59:28	 50561	 848	904	-24	 243.28	 -1	0 	0
2025-11-07 10:59:29	 50607	 874	904	-24	 359.30	 3	0 	0
2025-11-07 10:59:30	 50642	 915	904	-16	 290.74	 0	0 	0
2025-11-07 10:59:32	 50695	 840	904	-24	 178.24	 -4	0 	0
2025-11-07 10:59:33	 50730	 648	908	-24	 201.09	 -4	-1 	0
2025-11-07 10:59:34	 50765	 538	935	-33	 150.12	 -5	0 	0
2025-11-07 10:59:35	 50826	 474	925	-88	 174.73	 -1	-1 	0
2025-11-07 10:59:37	 50873	 468	925	-88	 172.97	 -5	0 	0
2025-11-07 10:59:38	 50908	 364	983	-88	 164.18	 -1	0 	0
2025-11-07 10:59:39	 50943	 277	980	-88	 243.28	 -2	-3 	0
2025-11-07 10:59:40	 50978	 200	811	-88	 271.41	 -1	-7 	0
2025-11-07 10:59:41	 51017	 283	800	-88	 331.17	 5	-1 	0
2025-11-07 10:59:42	 51052	 404	800	-88	 1.05	 0	0 	0
2025-11-07 10:59:43	 51087	 437	801	-88	 13.36	 1	0 	0
2025-11-07 10:59:44	 51132	 471	898	-88	 141.68	 0	-1 	0
2025-11-07 10:59:45	 51170	 336	948	-96	 196.17	 -2	0 	0
2025-11-07 10:59:46	 51205	 253	906	-96	 196.17	 -4	-3 	0
2025-11-07 10:59:47	 51240	 185	929	-96	 113.55	 -2	1 	0
2025-11-07 10:59:48	 51275	 196	1128	-96	 78.40	 1	7 	0
2025-11-07 10:59:49	 51310	 219	1274	-88	 108.28	 -2	4 	0
2025-11-07 10:59:50	 51345	 196	1350	-88	 203.20	 -1	0 	0
2025-11-07 10:59:51	 51380	 146	1279	-88	 278.79	 0	-5 	0
2025-11-07 10:59:52	 51415	 184	1022	-96	 278.79	 1	-9 	0
2025-11-07 10:59:53	 51450	 246	879	-96	 329.77	 5	-4 	0
2025-11-07 10:59:54	 51485	 399	834	-93	 29.53	 4	0 	0
2025-11-07 10:59:55	 51520	 471	907	-88	 24.26	 0	0 	0
2025-11-07 10:59:56	 51555	 555	912	-96	 356.13	 0	-1 	0
2025-11-07 10:59:58	 51619	 544	904	-96	 229.57	 -1	0 	0
2025-11-07 10:59:59	 51655	 468	908	-88	 171.56	 -3	0 	0
2025-11-07 11:00:00	 51690	 357	932	-96	 173.32	 -6	0 	0
2025-11-07 11:00:01	 51725	 265	952	-96	 161.02	 -6	1 	0
2025-11-07 11:00:02	 51760	 206	1006	-96	 85.43	 0	5 	0
2025-11-07 11:00:03	 51795	 217	1178	-88	 69.61	 0	1 	0
2025-11-07 11:00:04	 51834	 218	1200	-88	 88.95	 0	3 	0
2025-11-07 11:00:05	 51869	 219	1270	-88	 20.39	 0	0 	0
2025-11-07 11:00:07	 51922	 220	1175	-88	 269.65	 -1	-8 	0
2025-11-07 11:00:08	 51957	 218	892	-96	 269.65	 -1	-8 	0
2025-11-07 11:00:09	 51992	 218	816	-88	 209.88	 -1	-1 	0
2025-11-07 11:00:10	 52053	 277	800	-88	 355.78	 1	0 	0
2025-11-07 11:00:11	 52088	 400	811	-88	 336.45	 1	0 	0
2025-11-07 11:00:12	 52123	 415	792	-88	 280.20	 0	0 	0
2025-11-07 11:00:15	 52201	 405	716	-88	 273.16	 -1	-2 	0
2025-11-07 11:00:16	 52236	 402	698	-96	 315.35	 -1	-1 	0
2025-11-07 11:00:17	 52274	 483	628	-96	 334.69	 4	-3 	0
2025-11-07 11:00:18	 52309	 596	608	-96	 6.33	 1	0 	0
2025-11-07 11:00:19	 52362	 614	612	-96	 339.96	 0	-1 	0
2025-11-07 11:00:20	 52397	 752	570	-96	 2.81	 5	-1 	0
2025-11-07 11:00:23	 52480	 933	575	-88	 180.00	 -4	-1 	0
2025-11-07 11:00:24	 52515	 711	573	-96	 180.00	 -4	-1 	0
2025-11-07 11:00:25	 52550	 491	572	-96	 180.00	 -5	-1 	0
2025-11-07 11:00:26	 52585	 424	627	-96	 100.90	 -2	3 	0
2025-11-07 11:00:27	 52620	 420	738	-88	 93.87	 -1	6 	0
2025-11-07 11:00:28	 52667	 431	794	-88	 100.90	 0	0 	0
2025-11-07 11:00:29	 52702	 344	906	-96	 162.42	 -4	2 	0
2025-11-07 11:00:30	 52737	 188	984	-96	 93.87	 -2	4 	0
2025-11-07 11:00:31	 52772	 160	1171	-88	 35.86	 0	2 	0
2025-11-07 11:00:32	 52807	 239	1228	-88	 13.01	 0	0 	0
2025-11-07 11:00:34	 52882	 240	1237	-88	 357.19	 1	-1 	0
2025-11-07 11:00:35	 52917	 310	1239	-72	 4.22	 5	0 	0
2025-11-07 11:00:36	 52952	 522	1254	-24	 51.68	 2	0 	0
2025-11-07 11:00:37	 52987	 534	1311	-24	 100.90	 -2	6 	0
2025-11-07 11:00:38	 53022	 535	1436	-24	 78.05	 1	5 	0
2025-11-07 11:00:39	 53057	 583	1529	-16	 13.01	 2	0 	0
2025-11-07 11:00:40	 53092	 625	1536	-16	 358.95	 3	-1 	0
2025-11-07 11:00:41	 53127	 665	1534	-16	 81.56	 0	-1 	0
2025-11-07 11:00:42	 53171	 669	1514	-16	 99.14	 0	-1 	0
2025-11-07 11:00:43	 53206	 698	1606	-16	 32.34	 3	2 	0
2025-11-07 11:00:44	 53241	 751	1631	-16	 316.76	 0	-3 	0
2025-11-07 11:00:58	 53645	 1921	3488	0	 0.00	 -4	-1 	0
2025-11-07 11:00:59	 53680	 1872	3488	0	 19.34	 -1	-1 	0
2025-11-07 11:01:01	 53749	 1872	3494	0	 163.48	 -1	1 	0
2025-11-07 11:01:02	 53784	 1856	3523	0	 156.45	 -1	0 	0
2025-11-07 11:01:04	 53863	 1943	3535	0	 319.57	 1	0 	0
2025-11-07 11:01:07	 53962	 1961	3539	0	 21.09	 3	1 	0
2025-11-07 11:01:08	 53997	 2018	3551	0	 93.16	 0	0 	0
2025-11-07 11:01:09	 54038	 2015	3551	0	 52.73	 -1	0 	0
2025-11-07 11:01:11	 54104	 2042	3551	0	 121.29	 -3	0 	0
2025-11-07 11:01:12	 54139	 1982	3551	0	 49.22	 -1	0 	0
2025-11-07 11:01:14	 54207	 2012	3551	0	 31.64	 0	0 	0
2025-11-07 11:01:15	 54242	 1992	3522	0	 47.46	 -2	-2 	0
2025-11-07 11:01:20	 54418	 1985	3511	0	 21.09	 2	0 	0
2025-11-07 11:01:21	 54453	 2063	3540	0	 5.27	 0	0 	0
2025-11-07 11:01:25	 54599	 2142	3536	0	 356.48	 1	-1 	0
2025-11-07 11:01:27	 54658	 2156	3531	0	 291.45	 0	-3 	0
2025-11-07 11:01:28	 54693	 2128	3608	-9	 291.45	 0	4 	0
2025-11-07 11:01:31	 54786	 2220	3598	-64	 298.48	 2	-4 	0
2025-11-07 11:01:32	 54821	 2315	3385	-64	 233.44	 0	-4 	0
2025-11-07 11:01:33	 54856	 2323	3343	-64	 287.93	 0	-3 	0
2025-11-07 11:01:34	 54891	 2375	3296	-64	 303.75	 0	0 	0
2025-11-07 11:01:35	 54941	 2366	3296	-64	 184.22	 -5	-1 	0
2025-11-07 11:01:36	 54991	 2359	3299	-64	 205.31	 -2	-1 	0
2025-11-07 11:01:37	 55026	 2304	3282	-64	 263.32	 -1	-2 	0
2025-11-07 11:01:38	 55061	 2304	3232	-64	 345.94	 -1	-1 	0
2025-11-07 11:01:39	 55096	 2427	3247	-40	 10.55	 4	0 	0
2025-11-07 11:01:40	 55131	 2586	3247	0	 50.98	 1	0 	0
2025-11-07 11:01:44	 55266	 2600	3252	0	 77.34	 0	2 	0
2025-11-07 11:01:45	 55301	 2612	3303	0	 22.85	 0	0 	0
2025-11-07 11:01:46	 55336	 2687	3337	0	 22.85	 0	0 	0
2025-11-07 11:01:51	 55491	 2735	3370	0	 324.84	 0	0 	3
2025-11-07 11:01:55	 55626	 2742	3368	96	 187.73	 4	0 	3
2025-11-07 11:01:56	 55661	 2839	3379	96	 157.85	 1	0 	0
2025-11-07 11:02:01	 55852	 2848	3381	96	 261.21	 -1	0 	0
2025-11-07 11:02:02	 55887	 2829	3381	96	 261.21	 -1	0 	0
2025-11-07 11:02:06	 56024	 2720	3369	31	 185.62	 0	-1 	3
2025-11-07 11:02:07	 56059	 2686	3370	0	 185.62	 -7	-1 	0
2025-11-07 11:02:08	 56094	 2572	3292	0	 231.33	 -4	-5 	0
2025-11-07 11:02:09	 56129	 2560	3228	0	 201.45	 0	-1 	0
2025-11-07 11:02:10	 56164	 2478	3247	-16	 157.50	 -5	0 	0
2025-11-07 11:02:11	 56199	 2420	3240	-40	 166.29	 -5	0 	0
2025-11-07 11:02:12	 56234	 2366	3247	-56	 111.80	 -1	0 	0
2025-11-07 11:02:13	 56269	 2304	3267	-64	 118.83	 -1	2 	0
2025-11-07 11:02:14	 56304	 2211	3340	-64	 143.44	 -7	3 	0
2025-11-07 11:02:15	 56339	 2128	3424	-16	 71.37	 -1	0 	0
2025-11-07 11:02:16	 56374	 2152	3502	0	 71.37	 -2	-5 	0
2025-11-07 11:02:17	 56409	 2133	3447	0	 120.59	 -1	0 	0
2025-11-07 11:02:18	 56444	 2128	3523	0	 113.55	 0	0 	0
2025-11-07 11:02:20	 56523	 2104	3516	0	 16.88	 -1	-2 	0
2025-11-07 11:02:21	 56558	 2177	3519	0	 16.88	 11	3 	0
2025-11-07 11:02:22	 56593	 2267	3563	-64	 346.99	 -1	0 	0
2025-11-07 11:02:23	 56630	 2282	3477	-64	 280.20	 1	-8 	0
2025-11-07 11:02:24	 56665	 2330	3225	-64	 320.62	 0	-4 	0
2025-11-07 11:02:25	 56708	 2519	3245	-8	 9.84	 7	1 	0
2025-11-07 11:02:26	 56743	 2576	3247	0	 23.91	 0	0 	0
2025-11-07 11:02:27	 56780	 2578	3366	0	 94.22	 -1	7 	0
2025-11-07 11:02:28	 56815	 2560	3645	0	 94.22	 -1	6 	0
2025-11-07 11:02:29	 56850	 2558	3734	0	 173.32	 -1	0 	0
2025-11-07 11:02:31	 56917	 2475	3733	0	 182.11	 -8	-1 	0
2025-11-07 11:02:32	 56952	 2366	3728	0	 187.38	 -4	-1 	0
2025-11-07 11:02:33	 56987	 2316	3725	0	 284.06	 -1	-1 	0
2025-11-07 11:02:34	 57022	 2346	3656	-8	 284.06	 0	-1 	0
2025-11-07 11:02:35	 57057	 2351	3583	-8	 284.06	 0	-1 	0
2025-11-07 11:02:38	 57145	 2352	3588	-8	 88.95	 0	3 	0
2025-11-07 11:02:39	 57180	 2355	3613	0	 88.95	 0	-3 	0
2025-11-07 11:02:40	 57215	 2353	3472	-64	 88.95	 -1	-1 	0
2025-11-07 11:02:42	 57299	 2398	3421	-64	 288.98	 2	-5 	0
2025-11-07 11:02:43	 57334	 2365	3325	-64	 230.98	 -4	-4 	0
2025-11-07 11:02:44	 57369	 2380	3343	-64	 218.67	 3	3 	0
2025-11-07 11:02:45	 57404	 2299	3356	-64	 230.98	 -3	-1 	0
2025-11-07 11:02:46	 57439	 2259	3335	-64	 229.22	 -4	-4 	0
2025-11-07 11:02:47	 57474	 2169	3230	-64	 308.32	 -1	-1 	0
2025-11-07 11:02:49	 57522	 2169	3181	-64	 274.92	 0	-6 	0
2025-11-07 11:02:50	 57557	 2184	3088	-64	 248.55	 0	0 	0
2025-11-07 11:02:52	 57626	 2165	3235	-64	 63.98	 0	7 	0
2025-11-07 11:02:53	 57661	 2219	3386	-64	 337.85	 0	0 	0
2025-11-07 11:02:54	 57719	 2241	3373	-64	 315.00	 3	-4 	0
2025-11-07 11:02:55	 57754	 2335	3237	-64	 343.12	 0	-2 	0
2025-11-07 11:02:56	 57789	 2548	3231	0	 4.22	 8	0 	0
2025-11-07 11:02:57	 57824	 2657	3264	0	 67.50	 2	4 	0
2025-11-07 11:02:58	 57859	 2681	3330	0	 0.70	 1	0 	0
2025-11-07 11:02:59	 57894	 2735	3328	0	 357.19	 0	-1 	3
2025-11-07 11:03:02	 57980	 2842	3310	96	 350.16	 0	-1 	0
2025-11-07 11:03:04	 58044	 2854	3331	96	 79.80	 0	4 	0
2025-11-07 11:03:05	 58079	 2883	3494	96	 60.47	 0	1 	0
2025-11-07 11:03:06	 58120	 2894	3500	96	 330.82	 3	-2 	0
2025-11-07 11:03:07	 58155	 3107	3381	96	 336.09	 5	-4 	0
2025-11-07 11:03:08	 58190	 3167	3348	96	 353.67	 0	-1 	0
2025-11-07 11:03:10	 58280	 3245	3304	112	 344.88	 2	-2 	0
2025-11-07 11:03:11	 58315	 3359	3342	48	 30.59	 5	3 	0
2025-11-07 11:03:12	 58350	 3503	3415	0	 332.58	 0	-3 	0
2025-11-07 11:03:13	 58385	 3667	3312	80	 336.09	 4	-1 	0
2025-11-07 11:03:14	 58420	 3709	3312	96	 20.04	 0	0 	0
2025-11-07 11:03:15	 58459	 3827	3354	112	 20.04	 5	1 	0
2025-11-07 11:03:16	 58494	 3880	3374	112	 20.04	 0	0 	0
2025-11-07 11:03:21	 58657	 3998	3358	96	 351.91	 5	-1 	0
2025-11-07 11:03:22	 58692	 4164	3344	32	 351.91	 1	0 	0
2025-11-07 11:03:24	 58774	 4186	3346	32	 27.07	 3	1 	0
2025-11-07 11:03:25	 58809	 4359	3440	32	 27.07	 2	1 	0
2025-11-07 11:03:26	 58844	 4417	3530	32	 58.71	 2	2 	0
2025-11-07 11:03:27	 58879	 4559	3611	32	 23.55	 7	3 	0
2025-11-07 11:03:28	 58914	 4655	3667	32	 88.59	 0	3 	0
2025-11-07 11:03:30	 58973	 4602	3738	32	 20.04	 -6	-3 	0
2025-11-07 11:03:35	 59137	 4408	3670	32	 9.49	 -1	0 	0
2025-11-07 11:03:37	 59207	 4435	3616	32	 256.99	 0	-4 	0
2025-11-07 11:03:38	 59242	 4445	3533	32	 285.12	 -1	-1 	0
2025-11-07 11:03:39	 59277	 4432	3631	32	 325.55	 -1	2 	0
2025-11-07 11:03:40	 59312	 4423	3655	32	 313.24	 -1	0 	0
2025-11-07 11:03:43	 59428	 4529	3638	32	 169.45	 7	-2 	0
2025-11-07 11:03:44	 59463	 4655	3605	32	 209.88	 0	-1 	0
2025-11-07 11:03:46	 59518	 4610	3723	32	 290.74	 -3	7 	0
2025-11-07 11:03:47	 59553	 4534	3684	32	 243.28	 -4	-7 	0
2025-11-07 11:03:48	 59588	 4361	3473	32	 216.91	 -7	-6 	0
2025-11-07 11:03:49	 59623	 4232	3397	32	 172.97	 -6	0 	0
2025-11-07 11:03:50	 59658	 4056	3344	72	 215.16	 -4	-1 	0
2025-11-07 11:03:51	 59693	 3884	3318	112	 180.00	 -2	-1 	0
2025-11-07 11:03:52	 59728	 3865	3314	112	 56.95	 -1	-1 	0
2025-11-07 11:03:54	 59806	 4045	3214	112	 330.82	 7	-4 	0
2025-11-07 11:03:55	 59841	 4191	3108	112	 295.66	 1	-5 	0
2025-11-07 11:03:56	 59876	 4211	3066	112	 13.01	 0	-1 	0
2025-11-07 11:04:02	 60097	 4301	2964	112	 292.15	 3	-5 	0
2025-11-07 11:04:03	 60132	 4332	2944	112	 272.81	 0	0 	0
2025-11-07 11:04:05	 60201	 4174	3031	112	 133.95	 -7	4 	0
2025-11-07 11:04:06	 60236	 4068	3185	112	 90.00	 -1	0 	0
2025-11-07 11:04:07	 60271	 4007	3307	112	 95.27	 -3	4 	0
2025-11-07 11:04:08	 60306	 3958	3502	112	 118.12	 -1	2 	0
2025-11-07 11:04:09	 60341	 3997	3430	112	 118.12	 0	-2 	0
2025-11-07 11:04:10	 60379	 4012	3425	112	 28.48	 3	1 	0
2025-11-07 11:04:11	 60414	 4079	3490	112	 28.48	 0	2 	0
2025-11-07 11:04:12	 60449	 4230	3630	112	 28.48	 6	4 	0
2025-11-07 11:04:13	 60484	 4339	3697	112	 21.45	 0	0 	0
2025-11-07 11:04:15	 60526	 4290	3697	112	 2.11	 -3	-1 	0
2025-11-07 11:04:16	 60561	 4288	3738	112	 56.60	 3	5 	0
2025-11-07 11:04:17	 60596	 4326	3775	112	 2.11	 0	0 	0
2025-11-07 11:04:18	 60655	 4358	3677	112	 258.40	 0	-3 	0
2025-11-07 11:04:19	 60690	 4358	3650	112	 307.62	 0	-1 	0
2025-11-07 11:04:21	 60735	 4467	3644	32	 356.84	 2	-1 	0
2025-11-07 11:04:22	 60770	 4493	3643	32	 298.83	 0	-1 	0
2025-11-07 11:04:23	 60822	 4438	3526	32	 235.55	 -3	-3 	0
2025-11-07 11:04:24	 60857	 4332	3415	32	 279.49	 -1	-4 	0
2025-11-07 11:04:25	 60892	 4340	3305	32	 272.46	 0	-1 	0
2025-11-07 11:04:26	 60927	 4426	3173	32	 293.55	 5	-6 	0
2025-11-07 11:04:27	 60962	 4540	2996	32	 293.55	 3	-7 	0
2025-11-07 11:04:28	 60997	 4642	2960	32	 333.98	 5	-1 	0
2025-11-07 11:04:32	 61141	 4574	2998	32	 148.01	 -7	3 	0
2025-11-07 11:04:33	 61176	 4436	3123	32	 88.24	 0	2 	0
2025-11-07 11:04:34	 61211	 4402	3218	32	 149.77	 -6	3 	0
2025-11-07 11:04:35	 61246	 4284	3302	32	 146.25	 -1	0 	0
2025-11-07 11:04:36	 61281	 4121	3356	32	 170.86	 -8	2 	0
2025-11-07 11:04:37	 61316	 3901	3389	112	 170.86	 -8	1 	0
2025-11-07 11:04:38	 61351	 3618	3416	112	 183.16	 -9	-1 	0
2025-11-07 11:04:39	 61386	 3485	3403	58	 191.95	 -9	-1 	0
2025-11-07 11:04:40	 61421	 3343	3393	64	 191.95	 4	0 	0
2025-11-07 11:04:41	 61456	 3463	3407	0	 148.01	 1	0 	0
2025-11-07 11:04:42	 61491	 3481	3470	0	 84.73	 0	6 	0
2025-11-07 11:04:43	 61526	 3490	3554	0	 132.19	 0	0 	0
2025-11-07 11:04:44	 61563	 3550	3489	0	 132.19	 4	-6 	0
2025-11-07 11:04:45	 61598	 3602	3472	0	 242.93	 0	0 	0
2025-11-07 11:04:48	 61712	 3524	3476	0	 227.11	 -2	0 	0
2025-11-07 11:04:49	 61747	 3472	3415	0	 239.41	 -1	-3 	0
2025-11-07 11:04:50	 61782	 3389	3321	32	 177.89	 -7	-1 	0
2025-11-07 11:04:51	 61817	 3126	3325	96	 169.10	 -7	0 	0
2025-11-07 11:04:52	 61852	 2904	3359	96	 169.10	 -8	1 	0
2025-11-07 11:04:54	 61907	 2716	3407	0	 169.10	 -3	0 	3
2025-11-07 11:04:55	 61942	 2500	3433	14	 169.10	 -8	1 	0
2025-11-07 11:04:56	 61977	 2337	3462	-64	 137.46	 -1	0 	0
2025-11-07 11:04:57	 62012	 2294	3437	-64	 218.32	 -5	-4 	0
2025-11-07 11:04:58	 62047	 2128	3308	-64	 190.20	 0	-2 	0
2025-11-07 11:04:59	 62082	 2129	3303	-64	 81.21	 0	3 	0
2025-11-07 11:05:00	 62117	 2160	3507	0	 107.58	 0	2 	0
2025-11-07 11:05:01	 62152	 2104	3549	0	 167.34	 0	0 	0
2025-11-07 11:05:02	 62192	 2028	3551	0	 151.52	 -2	0 	0
2025-11-07 11:05:03	 62229	 2018	3551	0	 77.70	 0	0 	0
2025-11-07 11:05:04	 62264	 2056	3551	0	 111.09	 0	0 	0
2025-11-07 11:05:05	 62303	 1992	3533	0	 195.47	 -7	-2 	0
2025-11-07 11:05:08	 62400	 1878	3504	0	 358.59	 4	-1 	0
2025-11-07 11:05:09	 62435	 2068	3498	0	 358.59	 2	-1 	0
2025-11-07 11:05:10	 62470	 2248	3493	-64	 304.10	 3	-1 	0
2025-11-07 11:05:11	 62505	 2286	3492	-64	 283.01	 0	-1 	0
2025-11-07 11:05:13	 62571	 2192	3499	-64	 356.84	 -1	0 	0
2025-11-07 11:05:14	 62611	 2192	3465	-64	 270.70	 0	-6 	0
2025-11-07 11:05:15	 62646	 2190	3329	-64	 177.54	 -1	-1 	0
2025-11-07 11:05:16	 62681	 2135	3399	-32	 124.80	 -5	5 	0
2025-11-07 11:05:17	 62716	 2128	3516	0	 91.41	 0	1 	0
2025-11-07 11:05:20	 62821	 2135	3519	0	 319.57	 2	-3 	0
2025-11-07 11:05:21	 62856	 2211	3455	-64	 319.57	 1	-2 	0
2025-11-07 11:05:23	 62909	 2229	3439	-64	 277.38	 0	-1 	0
2025-11-07 11:05:24	 62944	 2275	3296	-64	 324.84	 3	-1 	0
2025-11-07 11:05:25	 62979	 2345	3216	-64	 300.23	 1	-1 	0
2025-11-07 11:05:26	 63014	 2523	3228	-8	 10.55	 7	1 	0
2025-11-07 11:05:27	 63049	 2669	3282	0	 68.55	 2	5 	0
2025-11-07 11:05:28	 63084	 2681	3354	0	 345.94	 3	-1 	0
2025-11-07 11:05:29	 63119	 2735	3330	0	 345.94	 0	-1 	3
2025-11-07 11:05:30	 63180	 2841	3302	96	 345.94	 3	-1 	0
2025-11-07 11:05:31	 63215	 2880	3293	96	 14.06	 0	-1 	0
2025-11-07 11:05:33	 63276	 2894	3315	96	 65.04	 -2	-3 	0
2025-11-07 11:05:35	 63351	 2847	3223	96	 126.56	 -2	2 	0
2025-11-07 11:05:36	 63386	 2784	3308	96	 174.02	 -1	0 	0
2025-11-07 11:05:37	 63421	 2727	3318	91	 174.02	 -4	0 	3
2025-11-07 11:05:39	 63477	 2642	3401	0	 117.77	 -3	3 	0
2025-11-07 11:05:40	 63512	 2614	3591	0	 119.53	 -2	7 	0
2025-11-07 11:05:41	 63547	 2538	3759	0	 188.09	 -1	0 	0
2025-11-07 11:05:42	 63582	 2368	3714	0	 189.84	 -8	-2 	0
2025-11-07 11:05:43	 63617	 2096	3664	0	 228.52	 -5	-1 	0
2025-11-07 11:05:44	 63652	 2016	3641	0	 268.95	 -1	-1 	0
2025-11-07 11:05:45	 63707	 2053	3696	0	 56.60	 3	5 	0
2025-11-07 11:05:46	 63742	 2106	3759	0	 56.60	 0	0 	0
2025-11-07 11:05:49	 63846	 2050	3675	0	 26.72	 -1	-2 	0
2025-11-07 11:05:50	 63881	 2223	3718	0	 3.87	 7	1 	0
2025-11-07 11:05:51	 63916	 2459	3742	0	 333.98	 2	0 	0
2025-11-07 11:05:52	 63951	 2657	3643	0	 290.04	 5	-6 	0
2025-11-07 11:05:53	 63986	 2671	3433	0	 275.98	 0	-8 	0
2025-11-07 11:05:54	 64021	 2671	3359	0	 244.34	 0	-1 	0
2025-11-07 11:05:55	 64056	 2649	3247	0	 258.40	 -2	-8 	0
2025-11-07 11:05:56	 64091	 2640	3120	0	 298.83	 -2	-3 	0
2025-11-07 11:05:57	 64126	 2586	3187	0	 275.98	 -1	5 	0
2025-11-07 11:05:58	 64161	 2579	3240	0	 207.42	 -1	0 	0
2025-11-07 11:06:00	 64228	 2665	3175	0	 133.59	 2	-2 	0
2025-11-07 11:06:01	 64263	 2671	3178	0	 45.70	 0	3 	0
2025-11-07 11:06:02	 64298	 2687	3365	0	 35.16	 3	6 	0
2025-11-07 11:06:04	 64361	 2735	3345	0	 316.05	 0	-4 	3
2025-11-07 11:06:05	 64396	 2735	3338	0	 45.70	 0	1 	3
2025-11-07 11:06:06	 64431	 2735	3368	24	 45.70	 0	3 	3
2025-11-07 11:06:07	 64466	 2833	3422	96	 14.06	 6	1 	0
2025-11-07 11:06:08	 64501	 2935	3394	96	 284.41	 1	-2 	0
2025-11-07 11:06:09	 64536	 2955	3414	96	 342.42	 3	-1 	0
2025-11-07 11:06:10	 64571	 3188	3343	96	 354.73	 7	-3 	0
2025-11-07 11:06:11	 64606	 3295	3324	80	 19.34	 3	0 	0
2025-11-07 11:06:12	 64641	 3434	3366	16	 19.34	 4	1 	0
2025-11-07 11:06:13	 64676	 3618	3407	48	 10.55	 5	0 	0
2025-11-07 11:06:14	 64711	 3877	3408	112	 0.00	 6	0 	0
2025-11-07 11:06:15	 64746	 4015	3377	112	 352.97	 0	-1 	0
2025-11-07 11:06:16	 64781	 4151	3345	32	 333.63	 5	-2 	0
2025-11-07 11:06:17	 64816	 4311	3255	32	 14.06	 0	0 	0
2025-11-07 11:06:18	 64851	 4351	3343	32	 58.01	 1	3 	0
2025-11-07 11:06:19	 64886	 4413	3370	56	 1.76	 4	-2 	0
2025-11-07 11:06:20	 64921	 4655	3365	112	 1.76	 0	0 	0
2025-11-07 11:06:21	 64956	 4522	3363	102	 1.76	 -8	-1 	0
2025-11-07 11:06:22	 64991	 4373	3392	32	 31.64	 3	3 	0
2025-11-07 11:06:23	 65026	 4430	3355	64	 337.15	 5	-4 	0
2025-11-07 11:06:24	 65061	 4625	3306	112	 337.15	 7	-3 	0
2025-11-07 11:06:25	 65096	 4671	3264	112	 344.18	 0	-1 	0
2025-11-07 11:06:27	 65151	 4775	3275	112	 323.09	 1	0 	0
2025-11-07 11:06:28	 65186	 4795	3277	112	 249.26	 0	0 	0
2025-11-07 11:06:29	 65235	 4766	3084	112	 261.56	 -1	-6 	0
2025-11-07 11:06:30	 65270	 4712	2937	112	 238.71	 -2	-4 	0
2025-11-07 11:06:31	 65305	 4597	2858	112	 196.52	 -4	-2 	0
2025-11-07 11:06:32	 65340	 4406	2834	112	 182.46	 -8	-1 	0
2025-11-07 11:06:33	 65375	 4193	2825	112	 145.55	 -2	-1 	0
2025-11-07 11:06:34	 65410	 4075	2845	112	 168.40	 -6	1 	0
2025-11-07 11:06:36	 65463	 3567	3759	68	 270.00	 -1	0 	0
2025-11-07 11:06:39	 65576	 3567	3752	0	 270.00	 0	-1 	0
2025-11-07 11:06:41	 65641	 3563	3759	0	 183.87	 -3	-1 	0
2025-11-07 11:06:42	 65676	 3330	3743	0	 183.87	 -9	-1 	0
2025-11-07 11:06:43	 65711	 3191	3734	0	 273.52	 -1	-1 	0
2025-11-07 11:06:44	 65746	 3263	3688	0	 329.77	 6	-4 	0
2025-11-07 11:06:45	 65781	 3449	3621	0	 264.73	 1	-1 	0
2025-11-07 11:06:46	 65816	 3446	3472	0	 299.88	 0	0 	0
2025-11-07 11:06:47	 65851	 3503	3446	0	 320.98	 0	-3 	0
2025-11-07 11:06:48	 65886	 3550	3334	16	 352.62	 1	-2 	0
2025-11-07 11:06:50	 65952	 3563	3317	16	 161.37	 0	-1 	0
2025-11-07 11:06:51	 65987	 3708	3311	112	 161.37	 6	-1 	0
2025-11-07 11:06:52	 66022	 3825	3286	112	 75.23	 0	-1 	0
2025-11-07 11:06:54	 66097	 3860	3325	112	 54.14	 3	5 	0
2025-11-07 11:06:55	 66132	 3999	3425	112	 352.62	 6	-1 	0
2025-11-07 11:06:56	 66167	 4015	3405	112	 280.55	 0	-4 	0
2025-11-07 11:06:57	 66202	 4015	3317	112	 6.68	 0	0 	0
2025-11-07 11:06:58	 66237	 4018	3366	92	 38.32	 0	3 	0
2025-11-07 11:06:59	 66272	 4111	3359	59	 349.10	 6	-2 	0
2025-11-07 11:07:00	 66307	 4356	3297	32	 20.74	 3	-1 	0
2025-11-07 11:07:01	 66342	 4415	3364	56	 15.47	 4	2 	0
2025-11-07 11:07:02	 66377	 4604	3396	112	 15.47	 7	1 	0
2025-11-07 11:07:04	 66447	 4670	3419	112	 6.68	 -1	-1 	0
2025-11-07 11:07:05	 66482	 4682	3415	112	 356.13	 4	-1 	0
2025-11-07 11:07:06	 66526	 4798	3417	112	 96.33	 -1	3 	0
2025-11-07 11:07:07	 66561	 4778	3604	112	 136.76	 -1	1 	0
2025-11-07 11:07:09	 66618	 4776	3622	112	 94.57	 -1	0 	0
2025-11-07 11:07:10	 66653	 4758	3835	112	 94.57	 -1	7 	0
2025-11-07 11:07:11	 66688	 4752	3910	112	 194.77	 -1	0 	0
2025-11-07 11:07:12	 66753	 4745	3774	112	 266.84	 -1	-6 	0
2025-11-07 11:07:13	 66788	 4742	3722	112	 170.16	 -1	-1 	0
2025-11-07 11:07:15	 66835	 4690	3769	112	 136.76	 -1	0 	0
2025-11-07 11:07:16	 66870	 4644	3860	112	 133.24	 -2	3 	0
2025-11-07 11:07:17	 66905	 4514	3893	112	 182.46	 -8	-1 	0
2025-11-07 11:07:18	 66940	 4270	3883	112	 222.89	 -3	-1 	0
2025-11-07 11:07:19	 66975	 4244	3882	112	 171.91	 -1	-1 	0
2025-11-07 11:07:21	 67063	 4325	3816	112	 298.48	 1	0 	0
2025-11-07 11:07:23	 67139	 4307	3768	112	 245.74	 -3	-5 	0
2025-11-07 11:07:24	 67174	 4281	3724	112	 310.78	 -1	-1 	0
2025-11-07 11:07:28	 67298	 4185	3617	112	 228.16	 -6	-6 	0
2025-11-07 11:07:29	 67333	 4075	3493	112	 228.16	 -4	-5 	0
2025-11-07 11:07:30	 67368	 4021	3433	112	 180.70	 -1	-1 	0
2025-11-07 11:07:32	 67447	 4079	3518	112	 36.56	 2	3 	0
2025-11-07 11:07:33	 67482	 4277	3652	112	 29.53	 4	2 	0
2025-11-07 11:07:34	 67517	 4319	3688	112	 98.09	 -1	3 	0
2025-11-07 11:07:36	 67560	 4305	3778	112	 98.09	 -1	2 	0
2025-11-07 11:07:37	 67595	 4289	3877	112	 54.14	 -1	0 	0
2025-11-07 11:07:38	 67630	 4385	3869	112	 350.86	 7	-2 	0
2025-11-07 11:07:39	 67665	 4627	3831	112	 320.98	 2	-1 	0
2025-11-07 11:07:40	 67700	 4658	3826	112	 233.09	 0	-1 	0
2025-11-07 11:07:41	 67735	 4618	3717	35	 233.09	 -1	-4 	0
2025-11-07 11:07:42	 67770	 4613	3674	32	 224.30	 -1	-1 	0
2025-11-07 11:07:43	 67805	 4477	3546	32	 224.30	 -6	-6 	0
2025-11-07 11:07:44	 67840	 4302	3420	32	 224.30	 -5	-5 	0
2025-11-07 11:07:45	 67875	 4257	3378	48	 204.96	 -1	-1 	0
2025-11-07 11:07:49	 68020	 4128	3376	32	 180.35	 -8	-1 	0
2025-11-07 11:07:50	 68055	 3891	3343	112	 180.35	 -9	-1 	0
2025-11-07 11:07:51	 68090	 3601	3340	48	 180.35	 -9	-1 	0
2025-11-07 11:07:52	 68125	 3524	3339	0	 180.35	 -1	-1 	0
2025-11-07 11:07:53	 68160	 3316	3337	64	 180.35	 -9	-1 	0
2025-11-07 11:07:54	 68195	 3027	3335	96	 180.35	 -9	-1 	0
2025-11-07 11:07:55	 68230	 2917	3335	96	 153.98	 -1	-1 	0
2025-11-07 11:07:56	 68265	 2871	3356	96	 157.50	 -1	0 	0
2025-11-07 11:07:58	 68351	 2896	3457	96	 74.88	 1	7 	0
2025-11-07 11:07:59	 68386	 2918	3539	96	 55.55	 0	0 	0
2025-11-07 11:08:06	 68635	 2900	3546	96	 334.69	 2	-2 	0
2025-11-07 11:08:07	 68670	 2979	3507	96	 334.69	 3	-2 	0
2025-11-07 11:08:08	 68705	 3067	3465	96	 341.72	 0	-1 	0
2025-11-07 11:08:09	 68748	 3107	3446	96	 334.69	 4	-3 	0
2025-11-07 11:08:10	 68783	 3154	3424	112	 22.15	 0	-1 	0
2025-11-07 11:08:12	 68847	 3205	3429	112	 6.33	 2	0 	0
2025-11-07 11:08:13	 68882	 3293	3439	112	 6.33	 1	0 	0
2025-11-07 11:08:14	 68917	 3355	3446	112	 29.18	 0	0 	0
2025-11-07 11:08:16	 68974	 3361	3473	112	 90.70	 -1	3 	13
2025-11-07 11:08:17	 69009	 3358	3700	112	 90.70	 -1	3 	13
2025-11-07 11:08:20	 69129	 2688	3072	40	 218.32	 -1	-1 	15
2025-11-07 11:08:21	 69164	 2640	3012	40	 293.91	 0	-1 	15
2025-11-07 11:08:22	 69199	 2661	2985	40	 351.91	 1	-1 	15
2025-11-07 11:08:23	 69234	 2792	2965	40	 56.95	 0	-1 	15
2025-11-07 11:08:24	 69273	 2741	3042	40	 127.27	 -5	5 	15
2025-11-07 11:08:25	 69308	 2652	3119	40	 127.27	 -1	0 	0
2025-11-07 11:08:26	 69343	 2747	2989	40	 127.27	 3	-5 	15
2025-11-07 11:08:27	 69378	 2785	2951	40	 81.56	 0	1 	15
2025-11-07 11:08:28	 69413	 2770	3018	40	 109.69	 -3	6 	15
2025-11-07 11:08:29	 69448	 2724	3119	40	 30.59	 -1	0 	15
2025-11-07 11:08:31	 69507	 2736	3001	40	 276.33	 0	-8 	15
2025-11-07 11:08:32	 69542	 2749	2848	40	 249.96	 -1	0 	15
2025-11-07 11:08:34	 69592	 2732	2848	40	 249.96	 -1	0 	15
2025-11-07 11:08:35	 69654	 2735	2798	40	 278.09	 0	-1 	20
2025-11-07 11:09:01	 70562	 2723	2751	40	 253.48	 -2	-6 	20
2025-11-07 11:09:02	 70597	 2657	2526	-144	 216.56	 -1	-4 	0
2025-11-07 11:09:03	 70632	 2626	2504	-144	 153.28	 -5	2 	0
2025-11-07 11:09:04	 70667	 2386	2585	-144	 195.47	 -9	0 	0
2025-11-07 11:09:06	 70716	 2308	2537	-144	 221.84	 -2	-3 	0
2025-11-07 11:09:07	 70757	 2314	2527	-144	 149.77	 3	-1 	0
2025-11-07 11:09:08	 70792	 2316	2535	-144	 155.04	 -7	2 	0
2025-11-07 11:09:09	 70835	 2398	2513	-144	 174.38	 3	-2 	0
2025-11-07 11:09:10	 70870	 2358	2463	-144	 184.92	 -6	-1 	0
2025-11-07 11:09:11	 70919	 2367	2451	-144	 174.38	 0	-1 	0
2025-11-07 11:09:12	 70954	 2367	2439	-144	 174.38	 0	-1 	0
2025-11-07 11:09:16	 71066	 2367	2430	-144	 98.79	 0	-1 	0
2025-11-07 11:09:19	 71188	 2377	2537	-144	 75.94	 1	7 	0
2025-11-07 11:09:20	 71223	 2395	2627	-144	 319.92	 0	0 	0
2025-11-07 11:09:23	 71321	 2384	2630	-144	 31.99	 -1	0 	0
2025-11-07 11:09:24	 71356	 2377	2630	-144	 2.11	 -1	0 	0
2025-11-07 11:09:26	 71422	 2513	2621	-144	 307.62	 3	-4 	0
2025-11-07 11:09:27	 71457	 2684	2457	-120	 16.17	 2	-2 	0
2025-11-07 11:09:28	 71492	 2766	2486	-120	 44.30	 3	2 	0
2025-11-07 11:09:29	 71527	 2820	2536	-144	 300.59	 0	0 	0
2025-11-07 11:09:30	 71580	 2711	2521	-120	 195.12	 -6	-1 	0
2025-11-07 11:09:31	 71615	 2637	2510	-144	 232.03	 -1	-1 	0
2025-11-07 11:09:33	 71665	 2640	2511	-144	 203.91	 0	0 	0
2025-11-07 11:09:35	 71725	 2565	2478	-144	 159.96	 -2	-1 	0
2025-11-07 11:09:36	 71771	 2550	2471	-144	 5.27	 1	0 	0
2025-11-07 11:09:37	 71806	 2770	2492	-120	 5.27	 8	0 	0
2025-11-07 11:09:38	 71841	 3015	2513	-144	 314.30	 2	0 	0
2025-11-07 11:09:39	 71876	 3123	2347	-144	 296.72	 3	-8 	0
2025-11-07 11:09:40	 71911	 3195	2299	-144	 22.85	 5	2 	0
2025-11-07 11:09:41	 71946	 3287	2351	-144	 87.89	 0	2 	0
2025-11-07 11:09:43	 72008	 3215	2424	-144	 198.63	 -7	-3 	0
2025-11-07 11:09:44	 72043	 3132	2447	-144	 249.61	 1	6 	0
2025-11-07 11:09:45	 72078	 3186	2425	-144	 318.16	 4	-4 	0
2025-11-07 11:09:46	 72113	 3287	2313	-144	 263.67	 0	-1 	0
2025-11-07 11:09:47	 72157	 3253	2325	-144	 149.41	 -6	2 	0
2025-11-07 11:09:48	 72192	 3025	2459	-128	 149.41	 -8	4 	0
2025-11-07 11:09:49	 72227	 2757	2579	-144	 175.78	 -9	1 	0
2025-11-07 11:09:50	 72262	 2468	2592	-144	 195.12	 -9	-2 	0
2025-11-07 11:09:51	 72297	 2296	2543	-144	 195.12	 0	-1 	0
2025-11-07 11:09:53	 72361	 2324	2515	-144	 288.28	 2	-4 	0
2025-11-07 11:09:54	 72396	 2335	2272	-144	 261.91	 -1	-9 	17
2025-11-07 11:09:58	 72539	 2341	2231	40	 298.48	 2	-5 	0
2025-11-07 11:09:59	 72574	 2417	2192	40	 345.94	 5	-1 	0
2025-11-07 11:10:00	 72609	 2636	2192	40	 345.94	 6	-1 	0
2025-11-07 11:10:01	 72644	 2744	2180	40	 249.26	 0	-1 	0
2025-11-07 11:10:03	 72738	 2776	2123	40	 293.20	 2	-6 	0
2025-11-07 11:10:04	 72773	 2771	1976	40	 201.80	 -5	-1 	0
2025-11-07 11:10:17	 73146	 -901	1711	0	 137.11	 -3	0 	0
2025-11-07 11:10:18	 73181	 -940	1715	0	 260.16	 -1	0 	0
2025-11-07 11:10:19	 73216	 -931	1600	0	 274.22	 0	0 	0
2025-11-07 11:10:20	 73251	 -921	1495	0	 274.22	 0	-8 	0
2025-11-07 11:10:21	 73286	 -909	1333	0	 254.88	 0	-1 	0
2025-11-07 11:10:22	 73322	 -915	1304	0	 254.88	 -2	-5 	0
2025-11-07 11:10:23	 73357	 -967	1141	0	 326.95	 -1	-2 	0
2025-11-07 11:10:24	 73399	 -971	1130	0	 102.30	 -1	-1 	0
2025-11-07 11:10:26	 73466	 -1008	1251	0	 53.09	 0	0 	0
2025-11-07 11:10:27	 73501	 -932	1306	0	 358.59	 0	0 	0
2025-11-07 11:10:29	 73560	 -942	1310	0	 10.90	 -1	0 	0
2025-11-07 11:10:30	 73603	 -956	1314	0	 351.56	 -1	0 	0
2025-11-07 11:10:33	 73703	 -960	1294	0	 288.28	 -1	0 	0
2025-11-07 11:10:35	 73767	 -957	1286	0	 290.04	 0	-1 	0
2025-11-07 11:10:36	 73805	 -955	1286	0	 268.95	 0	0 	0
2025-11-07 11:10:38	 73863	 -958	1115	0	 288.28	 -1	-4 	0
2025-11-07 11:10:39	 73898	 -959	1079	0	 51.33	 -1	-1 	0
2025-11-07 11:10:40	 73933	 -908	1239	0	 81.21	 1	5 	0
2025-11-07 11:10:41	 73968	 -910	1290	0	 183.16	 -5	-1 	0
2025-11-07 11:10:42	 74003	 -1008	1298	0	 160.31	 0	0 	0
2025-11-07 11:10:44	 74066	 -996	1233	0	 281.60	 1	-7 	0
2025-11-07 11:10:45	 74101	 -966	1088	0	 281.60	 0	-1 	0
2025-11-07 11:10:46	 74157	 -924	949	0	 0.70	 4	-1 	0
2025-11-07 11:10:47	 74192	 -765	950	0	 295.66	 1	0 	0
2025-11-07 11:10:48	 74227	 -803	787	32	 246.45	 -3	-8 	0
2025-11-07 11:10:49	 74262	 -853	667	48	 297.42	 -1	-1 	17
2025-11-07 11:10:50	 74297	 -825	606	48	 297.42	 3	-6 	17
2025-11-07 11:10:51	 74332	 -750	462	48	 232.38	 0	-1 	17
2025-11-07 11:10:52	 74367	 -689	516	48	 213.05	 0	2 	17
2025-11-07 11:10:57	 74551	 -689	551	48	 160.31	 -1	0 	17
2025-11-07 11:10:58	 74586	 -885	635	48	 156.80	 -8	3 	17
2025-11-07 11:11:02	 74710	 -1001	695	48	 295.31	 1	-5 	17
2025-11-07 11:11:03	 74745	 -922	530	48	 295.31	 0	-2 	17
2025-11-07 11:11:05	 74825	 -914	512	48	 295.31	 1	-3 	17
2025-11-07 11:11:06	 74860	 -878	437	56	 28.48	 0	-1 	17
2025-11-07 11:11:07	 74895	 -822	556	48	 86.48	 1	7 	17
2025-11-07 11:11:08	 74930	 -790	841	18	 86.48	 0	8 	0
2025-11-07 11:11:09	 74965	 -776	1011	0	 349.80	 0	0 	0
2025-11-07 11:11:13	 75091	 -780	1015	0	 47.81	 1	1 	0
2025-11-07 11:11:14	 75126	 -732	1047	0	 47.81	 0	0 	0
2025-11-07 11:11:18	 75260	 -605	1025	0	 350.16	 7	-2 	0
2025-11-07 11:11:19	 75295	 -337	1013	0	 343.12	 0	-1 	0
2025-11-07 11:11:20	 75330	 -270	983	0	 343.12	 6	-3 	0
2025-11-07 11:11:21	 75365	 -201	926	0	 274.57	 0	-7 	0
2025-11-07 11:11:22	 75400	 -179	679	16	 262.27	 0	-4 	0
2025-11-07 11:11:23	 75435	 -176	645	16	 198.98	 0	-1 	0
2025-11-07 11:11:24	 75483	 -325	593	16	 198.98	 -8	-3 	0
2025-11-07 11:11:25	 75518	 -446	481	16	 246.45	 -3	-6 	0
2025-11-07 11:11:26	 75553	 -414	540	16	 230.62	 1	2 	0
2025-11-07 11:11:27	 75588	 -401	565	16	 204.26	 0	0 	0
2025-11-07 11:11:28	 75623	 -458	540	16	 156.80	 -1	-1 	0
2025-11-07 11:11:29	 75658	 -482	555	16	 142.73	 -1	0 	0
2025-11-07 11:11:30	 75693	 -401	473	16	 176.13	 0	-1 	0
2025-11-07 11:11:31	 75728	 -534	396	16	 207.77	 -7	-4 	0
2025-11-07 11:11:32	 75763	 -741	338	16	 174.38	 -2	-1 	0
2025-11-07 11:11:33	 75798	 -796	332	16	 167.34	 -2	-1 	0
2025-11-07 11:11:34	 75841	 -829	399	16	 133.95	 -1	0 	0
2025-11-07 11:11:35	 75876	 -960	399	16	 195.47	 -5	-1 	0
2025-11-07 11:11:36	 75911	 -1005	399	16	 318.52	 -1	-1 	0
2025-11-07 11:11:39	 76019	 -947	312	16	 306.21	 2	-1 	0
2025-11-07 11:11:40	 76054	 -900	328	16	 35.86	 2	1 	0
2025-11-07 11:11:41	 76089	 -875	345	16	 35.86	 0	0 	0
2025-11-07 11:11:43	 76148	 -830	377	16	 313.24	 1	-1 	0
2025-11-07 11:11:44	 76183	 -785	272	16	 281.60	 0	-1 	0
2025-11-07 11:11:48	 76315	 -784	364	16	 16.17	 0	0 	0
2025-11-07 11:11:49	 76350	 -603	357	16	 0.35	 7	-1 	0
2025-11-07 11:11:50	 76385	 -479	416	16	 51.33	 4	5 	0
2025-11-07 11:11:51	 76420	 -401	522	16	 7.38	 0	0 	0
2025-11-07 11:11:52	 76455	 -388	540	16	 17.93	 0	0 	0
2025-11-07 11:11:55	 76552	 -365	554	16	 17.93	 3	1 	0
2025-11-07 11:11:56	 76587	 -199	614	16	 72.42	 2	3 	0
2025-11-07 11:11:57	 76622	 -154	828	16	 109.34	 -2	6 	0
2025-11-07 11:11:58	 76678	 -240	1039	0	 241.17	 -1	-2 	0
2025-11-07 11:11:59	 76713	 -240	979	0	 172.62	 0	-1 	0
2025-11-07 11:12:00	 76748	 -373	993	0	 167.34	 -7	0 	0
2025-11-07 11:12:01	 76783	 -437	1001	0	 47.81	 -1	0 	0
2025-11-07 11:12:03	 76850	 -532	1029	0	 140.98	 -4	0 	0
2025-11-07 11:12:04	 76885	 -565	1039	0	 105.82	 -1	0 	0
2025-11-07 11:12:06	 76935	 -729	1013	0	 190.20	 -8	-2 	0
2025-11-07 11:12:07	 76970	 -883	997	0	 111.09	 -2	3 	0
2025-11-07 11:12:08	 77005	 -898	1218	0	 86.48	 1	6 	0
2025-11-07 11:12:09	 77040	 -942	1443	0	 74.18	 -1	2 	0
2025-11-07 11:12:10	 77075	 -952	1467	0	 323.44	 -1	0 	0
2025-11-07 11:12:11	 77120	 -958	1278	0	 275.98	 -1	-8 	0
2025-11-07 11:12:12	 77155	 -912	995	0	 291.80	 2	-9 	0
2025-11-07 11:12:13	 77190	 -862	762	40	 267.19	 -2	-8 	0
2025-11-07 11:12:14	 77225	 -875	479	48	 281.25	 -1	-9 	17
2025-11-07 11:12:15	 77260	 -850	432	56	 283.01	 0	-1 	17
2025-11-07 11:12:19	 77398	 -856	466	48	 281.25	 -2	5 	17
2025-11-07 11:12:20	 77433	 -873	552	48	 281.25	 0	-5 	17
2025-11-07 11:12:21	 77468	 -857	504	48	 335.74	 2	-2 	17
2025-11-07 11:12:22	 77503	 -758	470	48	 12.66	 0	-1 	17
2025-11-07 11:12:23	 77538	 -705	479	48	 12.66	 5	1 	17
2025-11-07 11:12:24	 77573	 -730	479	48	 12.66	 -7	-2 	17
2025-11-07 11:12:25	 77608	 -847	453	48	 304.10	 -1	-1 	17
2025-11-07 11:12:26	 77659	 -843	502	48	 81.21	 0	6 	17
2025-11-07 11:12:27	 77694	 -802	769	39	 81.21	 1	8 	0
2025-11-07 11:12:28	 77729	 -713	1024	0	 337.50	 3	2 	0
2025-11-07 11:12:29	 77764	 -669	980	0	 298.83	 0	-2 	0
2025-11-07 11:12:30	 77799	 -559	918	0	 17.93	 4	-1 	0
2025-11-07 11:12:31	 77834	 -339	985	0	 24.96	 3	1 	0
2025-11-07 11:12:32	 77869	 -226	1005	0	 333.98	 5	-2 	0
2025-11-07 11:12:33	 77904	 -169	868	0	 235.55	 -4	-7 	0
2025-11-07 11:12:34	 77939	 -229	611	16	 253.12	 -1	-9 	0
2025-11-07 11:12:35	 77974	 -338	528	16	 188.09	 -6	-1 	0
2025-11-07 11:12:36	 78009	 -446	463	16	 249.61	 -3	-7 	0
2025-11-07 11:12:37	 78044	 -516	367	16	 166.99	 -6	0 	0
2025-11-07 11:12:38	 78079	 -765	331	16	 203.91	 -8	-4 	0
2025-11-07 11:12:41	 78164	 -828	293	16	 22.85	 5	2 	3
2025-11-07 11:12:42	 78199	 -569	337	16	 12.30	 8	-1 	0
2025-11-07 11:12:43	 78234	 -401	463	16	 49.22	 0	3 	0
2025-11-07 11:12:44	 78269	 -383	564	16	 338.91	 0	0 	0
2025-11-07 11:12:45	 78304	 -269	528	16	 284.41	 1	0 	0
2025-11-07 11:12:46	 78353	 -261	518	16	 251.02	 -2	-4 	0
2025-11-07 11:12:47	 78388	 -296	416	16	 279.14	 -1	3 	0
2025-11-07 11:12:48	 78423	 -253	457	16	 352.97	 5	-1 	0
2025-11-07 11:12:49	 78458	 -233	443	16	 61.52	 0	-1 	0
2025-11-07 11:12:50	 78498	 -240	487	16	 93.16	 -1	0 	0
2025-11-07 11:12:53	 78603	 -244	600	16	 82.62	 -1	4 	0
2025-11-07 11:12:54	 78638	 -245	644	16	 319.57	 -1	0 	0
2025-11-07 11:12:57	 78731	 -215	784	16	 79.10	 1	7 	0
2025-11-07 11:12:58	 78766	 -182	963	0	 94.92	 0	4 	0
2025-11-07 11:13:00	 78829	 -188	1039	0	 86.13	 0	0 	0
2025-11-07 11:13:01	 78865	 -183	1039	0	 98.44	 0	0 	0
2025-11-07 11:13:02	 78906	 -177	1039	0	 58.01	 0	0 	0
2025-11-07 11:13:03	 78944	 -229	957	0	 87.89	 -1	0 	0
2025-11-07 11:13:04	 78979	 -210	1066	0	 72.07	 2	4 	0
2025-11-07 11:13:05	 79014	 -137	1224	0	 126.56	 1	-2 	9
2025-11-07 11:13:06	 79049	 -114	1214	0	 219.73	 0	-1 	9
2025-11-07 11:13:08	 79137	 -113	1311	0	 91.41	 -1	7 	9
2025-11-07 11:13:09	 79172	 -213	1476	0	 181.05	 -8	1 	0
2025-11-07 11:13:10	 79207	 -491	1484	0	 184.57	 -9	-1 	0
2025-11-07 11:13:11	 79242	 -589	1482	0	 80.86	 0	1 	0
2025-11-07 11:13:12	 79277	 -531	1696	0	 73.83	 2	7 	9
2025-11-07 11:13:14	 79337	 -560	1744	0	 101.95	 -1	3 	11
2025-11-07 11:13:15	 79372	 -578	1903	0	 65.04	 -1	0 	0
2025-11-07 11:13:17	 79436	 -459	1786	0	 344.18	 2	-3 	0
2025-11-07 11:13:18	 79471	 -283	1817	0	 38.67	 4	1 	0
2025-11-07 11:13:19	 79506	 -236	1825	0	 161.72	 0	-1 	0
2025-11-07 11:13:21	 79573	 -190	1823	0	 358.59	 6	-1 	0
2025-11-07 11:13:22	 79608	 -65	1818	0	 254.88	 0	-1 	0
2025-11-07 11:13:23	 79650	 -57	1817	0	 137.11	 0	-1 	0
2025-11-07 11:13:25	 79700	 -196	1819	0	 179.30	 -4	0 	0
2025-11-07 11:13:26	 79735	 -230	1819	0	 216.21	 -1	-1 	0
2025-11-07 11:13:27	 79770	 -279	1808	0	 309.38	 0	-1 	0
2025-11-07 11:13:28	 79805	 -280	1744	0	 274.22	 -1	0 	0
2025-11-07 11:13:29	 79845	 -273	1744	0	 297.07	 0	-1 	0
2025-11-07 11:13:30	 79880	 -286	1780	0	 290.04	 -2	5 	0
2025-11-07 11:13:31	 79915	 -308	1839	0	 5.62	 3	0 	0
2025-11-07 11:13:32	 79950	 -273	1852	0	 335.74	 0	0 	0
2025-11-07 11:13:33	 79985	 -194	1808	0	 325.20	 4	-1 	0
2025-11-07 11:13:34	 80020	 -113	1785	0	 312.89	 0	-1 	0
2025-11-07 11:13:35	 80055	 -70	1680	0	 312.89	 0	0 	0
2025-11-07 11:13:37	 80133	 -46	1689	0	 31.99	 3	2 	0
2025-11-07 11:13:38	 80168	 0	1711	0	 148.01	 0	0 	0
2025-11-07 11:13:39	 80207	 -126	1723	0	 162.07	 -1	0 	0
2025-11-07 11:13:41	 80271	 -176	1722	0	 75.94	 0	2 	0
2025-11-07 11:13:42	 80306	 -147	1841	0	 151.52	 0	0 	0
2025-11-07 11:13:43	 80341	 -176	1856	0	 181.41	 0	0 	0
2025-11-07 11:13:44	 80376	 -213	1808	0	 190.20	 -2	0 	0
2025-11-07 11:13:45	 80411	 -352	1821	0	 227.11	 -2	0 	0
2025-11-07 11:13:46	 80446	 -361	1744	0	 276.33	 0	0 	0
2025-11-07 11:13:47	 80502	 -408	1683	0	 307.97	 0	-1 	0
2025-11-07 11:13:48	 80537	 -353	1627	0	 5.98	 0	-1 	0
2025-11-07 11:13:49	 80572	 -252	1645	0	 304.45	 0	0 	0
2025-11-07 11:13:50	 80607	 -225	1552	0	 283.36	 0	-1 	0
2025-11-07 11:13:52	 80649	 -255	1678	0	 260.51	 -1	2 	0
2025-11-07 11:13:53	 80684	 -273	1641	0	 244.69	 -1	-4 	0
2025-11-07 11:13:54	 80719	 -353	1616	0	 176.13	 -7	0 	0
2025-11-07 11:13:55	 80761	 -402	1695	0	 82.97	 0	6 	0
2025-11-07 11:13:56	 80796	 -433	1868	0	 155.04	 -6	3 	0
2025-11-07 11:13:57	 80831	 -534	1894	0	 213.05	 -5	-3 	0
2025-11-07 11:13:59	 80905	 -630	1824	0	 100.55	 0	-1 	0
2025-11-07 11:14:00	 80940	 -607	1784	0	 46.05	 0	0 	0
2025-11-07 11:14:01	 80975	 -562	1819	0	 323.44	 2	-2 	0
2025-11-07 11:14:02	 81010	 -432	1784	0	 323.44	 4	-1 	0
2025-11-07 11:14:03	 81045	 -319	1746	0	 265.43	 0	-1 	0
2025-11-07 11:14:04	 81080	 -307	1813	0	 265.43	 0	6 	0
2025-11-07 11:14:05	 81125	 -304	1840	0	 179.30	 -1	0 	0
2025-11-07 11:14:07	 81199	 -332	1787	0	 240.82	 -4	-6 	0
2025-11-07 11:14:08	 81239	 -364	1744	0	 249.61	 -2	-1 	0
2025-11-07 11:14:09	 81274	 -403	1659	0	 328.71	 2	-3 	0
2025-11-07 11:14:10	 81309	 -251	1616	0	 344.53	 3	0 	0
2025-11-07 11:14:12	 81355	 -257	1671	0	 300.59	 -1	0 	0
2025-11-07 11:14:13	 81390	 -240	1642	0	 300.59	 -2	2 	0
2025-11-07 11:14:15	 81465	 -272	1642	0	 233.79	 0	-3 	0
2025-11-07 11:14:16	 81500	 -326	1616	0	 151.17	 -1	0 	0
2025-11-07 11:14:17	 81535	 -376	1654	0	 100.20	 -2	3 	0
2025-11-07 11:14:18	 81570	 -427	1823	0	 138.87	 -4	4 	0
2025-11-07 11:14:19	 81605	 -472	1872	0	 45.70	 -1	0 	0
2025-11-07 11:14:20	 81647	 -412	1850	0	 287.93	 1	-2 	0
2025-11-07 11:14:21	 81682	 -355	1744	0	 287.93	 1	-1 	0
2025-11-07 11:14:22	 81717	 -347	1744	0	 208.83	 -4	-1 	0
2025-11-07 11:14:23	 81752	 -403	1711	0	 287.93	 1	-5 	0
2025-11-07 11:14:24	 81787	 -359	1616	0	 0.00	 3	0 	0
2025-11-07 11:14:25	 81822	 -265	1616	0	 326.60	 0	0 	0
2025-11-07 11:14:26	 81857	 -225	1604	0	 338.91	 0	-1 	0
2025-11-07 11:14:27	 81899	 -257	1628	0	 338.91	 -5	2 	0
2025-11-07 11:14:28	 81934	 -393	1647	0	 294.96	 -1	0 	0
2025-11-07 11:14:30	 82009	 -401	1666	0	 85.78	 0	4 	0
2025-11-07 11:14:32	 82048	 -388	1839	0	 85.78	 -1	-2 	0
2025-11-07 11:14:33	 82083	 -396	1730	0	 129.73	 -1	-1 	0
2025-11-07 11:14:34	 82118	 -413	1801	0	 136.76	 -3	5 	0
2025-11-07 11:14:35	 82153	 -549	1886	0	 178.95	 -2	0 	0
2025-11-07 11:14:36	 82188	 -624	1891	16	 178.95	 0	0 	0
2025-11-07 11:14:44	 82484	 -540	1852	0	 335.04	 0	-1 	0
2025-11-07 11:14:47	 82583	 -624	1903	16	 335.04	 0	-1 	0
2025-11-07 11:14:48	 82618	 -571	1878	0	 335.04	 -5	2 	0
2025-11-07 11:14:49	 82656	 -599	1892	16	 335.04	 4	-3 	0
2025-11-07 11:14:50	 82691	 -375	1787	0	 335.04	 7	-4 	0
2025-11-07 11:14:51	 82726	 -237	1734	0	 4.92	 0	-1 	15
2025-11-07 11:14:52	 82761	 -170	1746	16	 31.29	 1	0 	0
2025-11-07 11:14:54	 82825	 -158	1750	0	 126.21	 -2	1 	0
2025-11-07 11:14:55	 82860	 -236	1839	0	 194.77	 -6	-1 	0
2025-11-07 11:14:56	 82895	 -408	1756	0	 154.34	 -1	0 	0
2025-11-07 11:14:57	 82930	 -469	1903	0	 166.64	 -2	0 	0
2025-11-07 11:15:00	 83027	 -624	1903	16	 320.98	 1	-1 	0
2025-11-07 11:15:01	 83062	 -449	1787	0	 336.80	 7	-4 	0
2025-11-07 11:15:02	 83097	 -273	1777	0	 3.16	 0	0 	0
2025-11-07 11:15:03	 83132	 -408	1775	0	 1.41	 -1	-1 	0
2025-11-07 11:15:04	 83181	 -408	1770	0	 112.15	 -1	0 	0
2025-11-07 11:15:05	 83216	 -453	1890	0	 177.19	 -4	1 	0
2025-11-07 11:15:06	 83251	 -618	1903	16	 177.19	 -8	0 	0
2025-11-07 11:15:14	 83524	 -579	1886	0	 338.55	 3	-2 	0
2025-11-07 11:15:15	 83559	 -267	1763	0	 338.55	 11	-5 	0
2025-11-07 11:15:16	 83594	 -235	1751	0	 338.55	 -3	1 	15
2025-11-07 11:15:17	 83629	 -255	1763	20	 4.92	 3	0 	15
2025-11-07 11:15:18	 83664	 -202	1769	64	 352.62	 0	0 	15
2025-11-07 11:15:26	 83949	 -149	1564	64	 284.06	 1	-7 	0
2025-11-07 11:15:27	 83984	 -105	1552	0	 240.12	 0	0 	0
2025-11-07 11:15:30	 84075	 -124	1552	0	 175.08	 -2	0 	0
2025-11-07 11:15:33	 84213	 -115	1583	0	 48.87	 2	0 	0
2025-11-07 11:15:34	 84248	 -90	1583	0	 357.89	 0	0 	0
2025-11-07 11:15:41	 84494	 -800	620	48	 87.89	 0	6 	17
2025-11-07 11:15:42	 84529	 -791	889	7	 89.65	 0	7 	0
2025-11-07 11:15:43	 84564	 -862	1047	0	 123.05	 -6	5 	0
2025-11-07 11:15:44	 84599	 -999	1286	0	 116.02	 -5	6 	0
2025-11-07 11:15:47	 84691	 -1125	1310	0	 189.84	 -7	-2 	0
2025-11-07 11:15:48	 84726	 -1207	1307	0	 159.96	 -6	1 	21
2025-11-07 11:15:49	 84761	 -1261	1326	0	 260.16	 -1	0 	21
2025-11-07 11:15:53	 84899	 -1331	1321	0	 184.57	 -3	-1 	21
2025-11-07 11:15:54	 84934	 -1459	1311	0	 184.57	 -5	-1 	21
2025-11-07 11:15:55	 84969	 -1471	1310	0	 184.57	 6	0 	21
2025-11-07 11:15:56	 85004	 -1357	1314	0	 193.36	 0	-1 	21
2025-11-07 11:15:58	 85077	 -1350	1306	0	 133.59	 0	-1 	21
2025-11-07 11:16:04	 85297	 -1393	1303	0	 181.05	 -7	-1 	21
2025-11-07 11:16:05	 85332	 -1449	1302	0	 181.05	 3	0 	21
2025-11-07 11:16:06	 85367	 -1277	1305	0	 181.05	 5	0 	21
2025-11-07 11:16:07	 85402	 -1075	1309	0	 181.05	 1	0 	0
2025-11-07 11:16:09	 85443	 -1058	1309	0	 181.05	 -2	-1 	0
2025-11-07 11:16:10	 85478	 -1485	1301	0	 181.05	 -17	-1 	0
2025-11-07 11:16:13	 85591	 -1776	1294	-120	 340.66	 1	-1 	20
2025-11-07 11:16:14	 85626	 -1567	1220	-120	 340.66	 7	-3 	0
2025-11-07 11:16:15	 85661	 -1398	1168	-120	 282.66	 0	0 	0
2025-11-07 11:16:17	 85724	 -1392	1170	-120	 284.41	 -1	0 	0
2025-11-07 11:16:18	 85780	 -1357	1037	-120	 273.87	 1	-8 	0
2025-11-07 11:16:19	 85815	 -1338	815	-120	 215.86	 0	-2 	0
2025-11-07 11:16:20	 85851	 -1337	797	-120	 89.30	 0	0 	0
2025-11-07 11:16:21	 85886	 -1322	1010	-120	 85.78	 0	8 	0
2025-11-07 11:16:22	 85921	 -1321	1159	-120	 164.88	 0	0 	0
2025-11-07 11:16:25	 86011	 -1363	1175	-120	 164.88	 -6	1 	0
2025-11-07 11:16:26	 86046	 -1595	1239	-120	 127.97	 -3	0 	0
2025-11-07 11:16:27	 86081	 -1648	1357	-120	 136.76	 -4	4 	0
2025-11-07 11:16:28	 86116	 -1726	1552	-120	 71.72	 1	6 	0
2025-11-07 11:16:29	 86151	 -1681	1760	-120	 71.72	 0	5 	0
2025-11-07 11:16:32	 86260	 -1685	1839	-120	 252.42	 -1	0 	0
2025-11-07 11:16:33	 86295	 -1736	1667	-120	 264.73	 -1	-4 	0
2025-11-07 11:16:34	 86330	 -1736	1613	-120	 178.59	 0	-1 	0
2025-11-07 11:16:35	 86380	 -1735	1731	-120	 83.67	 0	7 	0
2025-11-07 11:16:36	 86415	 -1620	1833	-120	 334.69	 6	-2 	0
2025-11-07 11:16:41	 86589	 -1485	1555	0	 141.68	 -5	3 	0
2025-11-07 11:16:42	 86624	 -1520	1574	0	 203.20	 -1	-3 	0
2025-11-07 11:16:43	 86659	 -1520	1550	0	 317.46	 0	-1 	0
2025-11-07 11:16:45	 86701	 -1394	1541	0	 47.11	 1	-1 	19
2025-11-07 11:16:46	 86738	 -1380	1542	0	 89.30	 0	2 	0
2025-11-07 11:16:49	 86852	 -1290	1320	0	 51.68	 2	2 	21
2025-11-07 11:16:50	 86887	 -1233	1411	0	 141.33	 0	0 	21
2025-11-07 11:16:51	 86922	 -1361	1423	-54	 199.34	 -7	0 	0
2025-11-07 11:16:52	 86957	 -1505	1423	-120	 195.82	 -7	-2 	0
2025-11-07 11:16:53	 86992	 -1581	1414	-120	 167.70	 -5	0 	0
2025-11-07 11:16:54	 87027	 -1701	1441	-120	 92.11	 -1	0 	0
2025-11-07 11:16:55	 87062	 -1712	1569	-120	 92.11	 -1	6 	0
2025-11-07 11:16:56	 87097	 -1721	1634	-120	 86.84	 -1	-7 	0
2025-11-07 11:16:57	 87132	 -1731	1468	-120	 14.77	 -1	-1 	0
2025-11-07 11:16:58	 87167	 -1629	1414	-120	 302.70	 2	-2 	0
2025-11-07 11:16:59	 87202	 -1543	1226	-120	 304.45	 1	-6 	0
2025-11-07 11:17:00	 87237	 -1453	1168	-120	 330.82	 0	0 	0
2025-11-07 11:17:01	 87272	 -1394	1168	-120	 337.85	 5	-1 	0
2025-11-07 11:17:02	 87307	 -1324	1082	-120	 271.05	 0	-7 	0
2025-11-07 11:17:03	 87342	 -1328	870	-120	 234.14	 -3	-7 	0
2025-11-07 11:17:08	 87505	 -1632	1088	0	 19.69	 0	0 	18
2025-11-07 11:17:09	 87540	 -1553	1120	0	 19.69	 0	0 	0
2025-11-07 11:17:10	 87582	 -1616	1098	0	 325.20	 -1	-1 	18
2025-11-07 11:17:13	 87686	 -1648	1100	0	 170.51	 -3	0 	18
2025-11-07 11:17:14	 87721	 -1720	1080	0	 196.88	 0	-2 	0
2025-11-07 11:17:15	 87756	 -1720	1065	0	 200.39	 0	-1 	0
2025-11-07 11:17:18	 87858	 -1554	1043	0	 342.77	 4	-1 	0
2025-11-07 11:17:19	 87918	 -1553	1020	0	 268.95	 -1	-1 	16
2025-11-07 11:17:20	 87956	 -1555	914	0	 267.19	 0	2 	0
2025-11-07 11:17:21	 87991	 -1553	1053	0	 226.76	 0	1 	0
2025-11-07 11:17:22	 88026	 -1629	1068	0	 182.81	 -7	0 	18
2025-11-07 11:17:23	 88061	 -1708	1010	0	 256.64	 -2	-7 	0
2025-11-07 11:17:29	 88269	 -1252	1312	0	 0.70	 6	0 	21
2025-11-07 11:17:30	 88304	 -1185	1313	0	 0.70	 -2	-1 	0
2025-11-07 11:17:31	 88339	 -1212	1313	0	 107.93	 -1	-1 	21
2025-11-07 11:17:34	 88425	 -1360	1322	0	 176.48	 -5	0 	21
2025-11-07 11:17:35	 88460	 -1483	1309	0	 192.30	 -5	-2 	0
2025-11-07 11:17:36	 88495	 -1602	1298	0	 180.00	 -7	-1 	20
2025-11-07 11:17:37	 88530	 -1856	1298	0	 180.00	 -1	-1 	0
2025-11-07 11:17:42	 88695	 -1968	1344	0	 208.12	 -1	-1 	0
2025-11-07 11:17:58	 89191	 345	258	176	 267.89	 -1	-8 	0
2025-11-07 11:17:59	 89226	 339	99	160	 325.90	 -1	-1 	0
2025-11-07 11:18:00	 89261	 396	100	160	 8.09	 6	0 	0
2025-11-07 11:18:01	 89296	 666	138	160	 8.09	 8	1 	0
2025-11-07 11:18:02	 89331	 864	167	160	 76.64	 1	0 	0
2025-11-07 11:18:04	 89410	 878	162	160	 285.82	 0	-4 	0
2025-11-07 11:18:05	 89445	 944	63	160	 343.83	 5	-3 	0
2025-11-07 11:18:06	 89480	 1030	16	96	 350.86	 0	-1 	4
2025-11-07 11:18:07	 89515	 1059	22	96	 340.31	 0	0 	0
2025-11-07 11:18:12	 89674	 1117	50	96	 22.50	 5	2 	0
2025-11-07 11:18:13	 89709	 1258	84	96	 320.98	 4	-4 	0
2025-11-07 11:18:14	 89744	 1338	21	96	 64.69	 0	-1 	0
2025-11-07 11:18:15	 89782	 1336	17	96	 75.23	 -1	0 	0
2025-11-07 11:18:16	 89819	 1335	6	96	 91.05	 0	-1 	0
2025-11-07 11:18:19	 89926	 1304	-10	96	 201.45	 -6	-2 	0
2025-11-07 11:18:20	 89961	 1242	-30	96	 320.98	 -1	-1 	0
2025-11-07 11:18:21	 89996	 1413	-48	96	 349.10	 6	-1 	0
2025-11-07 11:18:22	 90031	 1656	18	96	 1.41	 7	1 	0
2025-11-07 11:18:23	 90066	 1831	44	96	 306.91	 1	0 	18
2025-11-07 11:18:24	 90101	 1839	39	96	 227.81	 -1	0 	18
2025-11-07 11:18:25	 90161	 1839	6	160	 359.65	 0	-1 	18
2025-11-07 11:18:27	 90211	 1858	-1	160	 4.92	 4	0 	0
2025-11-07 11:18:28	 90246	 2109	21	160	 4.92	 8	0 	0
2025-11-07 11:18:29	 90281	 2399	46	184	 4.92	 8	0 	0
2025-11-07 11:18:30	 90316	 2479	63	176	 356.13	 0	0 	0
2025-11-07 11:18:31	 90367	 2457	32	184	 248.91	 -1	-1 	0
2025-11-07 11:18:32	 90402	 2434	2	184	 254.18	 -2	-7 	0
2025-11-07 11:18:33	 90437	 2375	-200	160	 254.18	 -1	-2 	0
2025-11-07 11:18:34	 90472	 2366	-220	160	 192.66	 -3	-1 	0
2025-11-07 11:18:35	 90507	 2205	-261	160	 233.09	 -2	-1 	0
2025-11-07 11:18:47	 90904	 2194	-264	160	 23.91	 1	0 	0
2025-11-07 11:18:48	 90939	 2409	-211	160	 354.02	 8	-1 	0
2025-11-07 11:18:49	 90974	 2593	-206	160	 308.32	 0	0 	0
2025-11-07 11:18:50	 91009	 2630	-274	128	 290.74	 1	-4 	0
2025-11-07 11:18:51	 91044	 2680	-402	94	 274.92	 0	-2 	0
2025-11-07 11:18:52	 91079	 2694	-506	80	 274.92	 0	-6 	0
2025-11-07 11:18:53	 91114	 2700	-567	80	 220.43	 0	-1 	0
2025-11-07 11:18:54	 91149	 2658	-597	80	 172.97	 -4	0 	0
2025-11-07 11:18:55	 91184	 2523	-618	80	 204.61	 -3	-1 	0
2025-11-07 11:18:56	 91219	 2422	-640	80	 208.12	 -2	-1 	0
2025-11-07 11:18:57	 91254	 2379	-688	80	 250.31	 -2	-1 	0
2025-11-07 11:18:58	 91289	 2312	-724	80	 292.50	 0	-3 	0
2025-11-07 11:18:59	 91324	 2349	-850	80	 241.52	 -2	-4 	0
2025-11-07 11:19:00	 91359	 2265	-1008	80	 194.06	 -1	0 	0
2025-11-07 11:19:01	 91412	 2192	-939	80	 143.09	 0	1 	0
2025-11-07 11:19:02	 91447	 2164	-936	80	 180.00	 -2	-1 	22
2025-11-07 11:19:03	 91482	 2155	-947	88	 132.54	 0	-1 	0
2025-11-07 11:19:05	 91537	 2133	-924	88	 137.81	 -5	4 	0
2025-11-07 11:19:06	 91589	 2000	-881	88	 273.16	 0	-1 	0
2025-11-07 11:19:07	 91624	 2077	-1076	88	 303.05	 2	-6 	0
2025-11-07 11:19:08	 91659	 2102	-1132	88	 66.09	 -1	-2 	0
2025-11-07 11:19:10	 91702	 2103	-1143	88	 32.70	 2	1 	0
2025-11-07 11:19:11	 91737	 2224	-1066	88	 324.14	 1	0 	0
2025-11-07 11:19:12	 91772	 2353	-1152	88	 280.20	 0	0 	0
2025-11-07 11:19:13	 91813	 2334	-1143	88	 157.15	 -5	1 	0
2025-11-07 11:19:14	 91848	 2132	-1065	88	 157.15	 -4	0 	0
2025-11-07 11:19:15	 91883	 2028	-953	88	 113.20	 -4	6 	0
2025-11-07 11:19:16	 91918	 1993	-815	88	 167.70	 -4	2 	0
2025-11-07 11:19:17	 91953	 1815	-762	88	 218.67	 -2	0 	0
2025-11-07 11:19:18	 91988	 1772	-848	88	 257.34	 -1	0 	0
2025-11-07 11:19:19	 92033	 1775	-846	88	 11.60	 2	0 	0
2025-11-07 11:19:20	 92068	 1934	-813	88	 11.60	 -2	-1 	0
2025-11-07 11:19:21	 92103	 1745	-848	88	 11.60	 -5	-1 	0
2025-11-07 11:19:22	 92138	 1629	-845	88	 11.60	 4	0 	0
2025-11-07 11:19:23	 92173	 1873	-794	88	 11.60	 8	1 	0
2025-11-07 11:19:24	 92208	 2076	-764	88	 281.95	 1	0 	0
2025-11-07 11:19:25	 92243	 2104	-924	88	 315.35	 0	-3 	0
2025-11-07 11:19:26	 92278	 2106	-945	88	 1.05	 0	-1 	0
2025-11-07 11:19:27	 92320	 2171	-944	80	 1.05	 -1	0 	22
2025-11-07 11:19:28	 92366	 2210	-943	80	 1.05	 6	0 	0
2025-11-07 11:19:29	 92401	 2478	-938	80	 1.05	 8	0 	0
2025-11-07 11:19:30	 92436	 2563	-936	80	 108.28	 0	-1 	0
2025-11-07 11:19:32	 92485	 2536	-919	80	 146.95	 -5	3 	0
2025-11-07 11:19:33	 92520	 2484	-874	88	 74.88	 0	3 	0
2025-11-07 11:19:34	 92555	 2494	-817	88	 334.69	 -1	0 	0
2025-11-07 11:19:35	 92605	 2574	-853	88	 334.69	 2	-2 	0
2025-11-07 11:19:36	 92640	 2419	-780	88	 334.69	 -8	3 	0
2025-11-07 11:19:38	 92700	 2465	-822	88	 303.05	 4	-6 	0
2025-11-07 11:19:39	 92735	 2546	-1008	80	 327.66	 0	0 	0
2025-11-07 11:19:40	 92770	 2657	-984	80	 39.73	 3	0 	0
2025-11-07 11:19:41	 92805	 2684	-823	80	 94.22	 -2	7 	0
2025-11-07 11:19:42	 92840	 2633	-593	80	 104.77	 -1	0 	0
2025-11-07 11:19:51	 93140	 2568	-639	80	 188.79	 -5	-2 	0
2025-11-07 11:19:52	 93175	 2385	-678	80	 134.30	 -2	0 	0
2025-11-07 11:19:53	 93210	 2289	-513	80	 127.27	 -1	3 	0
2025-11-07 11:19:55	 93288	 2192	-465	80	 348.40	 1	-1 	0
2025-11-07 11:19:56	 93323	 2311	-487	80	 14.77	 3	0 	0
2025-11-07 11:19:58	 93410	 2369	-483	80	 193.71	 -6	-3 	0
2025-11-07 11:19:59	 93445	 2284	-447	80	 105.82	 -3	6 	0
2025-11-07 11:20:00	 93483	 2262	-401	80	 339.26	 0	-1 	0
2025-11-07 11:20:01	 93518	 2365	-484	80	 256.64	 0	-4 	0
2025-11-07 11:20:02	 93553	 2348	-504	80	 311.13	 2	-3 	0
2025-11-07 11:20:03	 93588	 2351	-612	80	 307.62	 0	-3 	0
2025-11-07 11:20:04	 93623	 2491	-669	80	 349.80	 7	-2 	0
2025-11-07 11:20:05	 93658	 2694	-683	80	 37.27	 1	0 	0
2025-11-07 11:20:06	 93693	 2719	-563	80	 86.48	 0	7 	0
2025-11-07 11:20:07	 93728	 2701	-284	128	 109.34	 -3	7 	0
2025-11-07 11:20:08	 93766	 2612	-193	160	 149.77	 -6	3 	0
2025-11-07 11:20:09	 93801	 2463	-141	160	 148.01	 -6	1 	0
2025-11-07 11:20:10	 93836	 2388	-84	160	 146.25	 -1	0 	0
2025-11-07 11:20:12	 93881	 2347	-55	160	 140.98	 -5	3 	0
2025-11-07 11:20:13	 93916	 2305	54	160	 77.70	 1	6 	0
2025-11-07 11:20:14	 93951	 2351	129	160	 9.14	 5	1 	0
2025-11-07 11:20:15	 93986	 2429	168	160	 21.45	 2	0 	0
2025-11-07 11:20:16	 94021	 2423	184	160	 133.95	 -3	3 	0
2025-11-07 11:20:17	 94056	 2328	275	160	 198.98	 -4	-1 	0
2025-11-07 11:20:18	 94091	 2093	260	160	 156.80	 -8	1 	0
2025-11-07 11:20:19	 94126	 1977	335	160	 133.95	 -2	0 	0
2025-11-07 11:20:20	 94161	 1962	330	160	 256.99	 -1	-2 	0
2025-11-07 11:20:21	 94196	 1932	109	160	 264.02	 -1	-9 	0
2025-11-07 11:20:22	 94231	 1896	-130	160	 248.20	 -1	-4 	0
2025-11-07 11:20:23	 94266	 1888	-164	160	 137.46	 -1	-1 	0
2025-11-07 11:20:24	 94306	 1889	-45	160	 132.19	 0	2 	0
2025-11-07 11:20:25	 94341	 1786	65	160	 155.04	 -1	0 	0
2025-11-07 11:20:26	 94376	 1727	66	96	 191.95	 -6	-2 	0
2025-11-07 11:20:27	 94411	 1519	23	96	 191.95	 -8	-2 	0
2025-11-07 11:20:28	 94446	 1245	-35	96	 183.16	 -6	-2 	0
2025-11-07 11:20:29	 94481	 1071	71	96	 149.77	 -6	5 	0
2025-11-07 11:20:30	 94516	 976	79	96	 172.62	 -1	0 	4
2025-11-07 11:20:33	 94607	 981	87	160	 326.95	 0	0 	4
2025-11-07 11:20:34	 94656	 981	106	160	 249.61	 -1	0 	0
2025-11-07 11:20:36	 94718	 994	114	160	 177.54	 4	-1 	0
2025-11-07 11:20:37	 94759	 1007	112	160	 253.12	 -1	0 	0
2025-11-07 11:20:38	 94794	 964	174	160	 305.86	 -4	5 	0
2025-11-07 11:20:39	 94829	 873	300	160	 305.86	 -1	0 	0
2025-11-07 11:20:45	 95048	 872	239	160	 256.64	 0	-3 	0
2025-11-07 11:20:46	 95083	 771	115	160	 198.63	 -7	-5 	0
2025-11-07 11:20:47	 95118	 660	58	160	 288.28	 -1	-1 	0
2025-11-07 11:20:49	 95182	 602	42	160	 191.60	 -7	-2 	0
2025-11-07 11:20:50	 95217	 453	6	160	 186.33	 -1	-1 	0
2025-11-07 11:20:51	 95252	 258	29	160	 172.27	 -8	1 	0
2025-11-07 11:20:52	 95287	 26	38	160	 212.70	 -6	-3 	0
2025-11-07 11:20:53	 95322	 -176	-9	160	 105.47	 0	0 	0
2025-11-07 11:20:55	 95377	 -67	5	160	 5.27	 3	0 	0
2025-11-07 11:20:56	 95412	 -32	19	160	 17.58	 0	0 	0
2025-11-07 11:20:58	 95496	 -17	21	160	 1.76	 4	0 	0
2025-11-07 11:20:59	 95531	 208	28	160	 338.91	 2	0 	0
2025-11-07 11:21:00	 95566	 315	-48	96	 347.70	 0	0 	1
2025-11-07 11:21:02	 95645	 318	-114	96	 294.96	 0	-1 	0
2025-11-07 11:21:03	 95680	 367	-225	96	 279.14	 0	0 	0
2025-11-07 11:21:05	 95744	 336	-307	96	 249.26	 -3	-7 	0
2025-11-07 11:21:06	 95779	 307	-384	96	 168.40	 -1	-1 	0
2025-11-07 11:21:08	 95840	 299	-387	96	 54.14	 -1	-1 	0
2025-11-07 11:21:12	 95981	 337	-362	96	 33.05	 0	0 	0
2025-11-07 11:21:13	 96016	 246	-421	96	 33.05	 -7	-5 	0
2025-11-07 11:21:14	 96051	 136	-432	96	 87.54	 -1	0 	0
2025-11-07 11:21:16	 96118	 149	-422	96	 26.02	 4	2 	0
2025-11-07 11:21:17	 96153	 379	-310	96	 26.02	 7	3 	0
2025-11-07 11:21:18	 96188	 640	-183	96	 26.02	 7	3 	0
2025-11-07 11:21:19	 96223	 791	-105	96	 310.43	 0	0 	0
2025-11-07 11:21:21	 96296	 654	-108	96	 231.33	 -4	-1 	0
2025-11-07 11:21:22	 96331	 560	-311	96	 229.57	 -4	-8 	0
2025-11-07 11:21:23	 96366	 404	-436	96	 248.91	 -2	-1 	0
2025-11-07 11:21:24	 96401	 387	-442	96	 277.03	 0	-3 	0
2025-11-07 11:21:28	 96548	 399	-503	184	 280.55	 0	-4 	8
2025-11-07 11:21:29	 96583	 425	-635	184	 292.85	 0	-1 	0
2025-11-07 11:21:30	 96618	 499	-662	184	 347.34	 5	-2 	0
2025-11-07 11:21:31	 96653	 554	-676	184	 103.36	 0	-1 	0
2025-11-07 11:21:33	 96713	 454	-612	184	 147.30	 -7	4 	0
2025-11-07 11:21:34	 96748	 272	-467	184	 147.30	 0	2 	8
2025-11-07 11:21:35	 96783	 385	-517	184	 147.30	 6	-5 	0
2025-11-07 11:21:36	 96818	 395	-523	184	 180.70	 -2	0 	0
2025-11-07 11:21:37	 96853	 301	-532	184	 122.70	 -1	-1 	0
2025-11-07 11:21:38	 96888	 313	-573	184	 115.66	 2	-6 	0
2025-11-07 11:21:39	 96923	 343	-636	184	 15.47	 0	-1 	0
2025-11-07 11:21:40	 96958	 449	-609	184	 80.51	 0	0 	0
2025-11-07 11:21:42	 97028	 450	-585	184	 106.88	 -2	4 	0
2025-11-07 11:21:43	 97063	 420	-500	184	 115.66	 -1	0 	8
2025-11-07 11:21:44	 97099	 369	-440	182	 131.48	 -5	4 	0
2025-11-07 11:21:45	 97134	 167	-293	96	 157.85	 -8	3 	0
2025-11-07 11:21:46	 97169	 -42	-184	96	 157.85	 -3	2 	0
2025-11-07 11:21:47	 97204	 -97	-148	96	 258.05	 -1	0 	0
2025-11-07 11:21:48	 97243	 -12	-189	96	 335.39	 6	-4 	0
2025-11-07 11:21:49	 97278	 227	-298	96	 5.27	 4	-2 	0
2025-11-07 11:21:50	 97313	 425	-268	96	 70.31	 2	0 	0
2025-11-07 11:21:51	 97348	 391	-241	96	 149.41	 -4	0 	0
2025-11-07 11:21:52	 97383	 355	-143	96	 86.13	 0	7 	0
2025-11-07 11:21:53	 97418	 366	-17	96	 86.13	 0	5 	1
2025-11-07 11:21:54	 97453	 376	-17	96	 86.13	 0	0 	1
2025-11-07 11:21:56	 97519	 382	22	160	 86.13	 0	5 	0
2025-11-07 11:21:57	 97554	 392	167	160	 3.52	 0	0 	0
2025-11-07 11:22:00	 97662	 366	168	160	 193.01	 -6	-2 	0
2025-11-07 11:22:01	 97697	 174	123	160	 243.98	 -2	-1 	0
2025-11-07 11:22:02	 97732	 172	117	160	 352.97	 4	-1 	0
2025-11-07 11:22:03	 97767	 418	86	160	 352.97	 8	-2 	0
2025-11-07 11:22:04	 97802	 706	50	160	 352.97	 8	-2 	0
2025-11-07 11:22:05	 97837	 807	37	160	 324.84	 0	-1 	0
2025-11-07 11:22:07	 97900	 881	10	160	 351.21	 6	-3 	0
2025-11-07 11:22:08	 97935	 1023	17	96	 26.37	 0	0 	4
2025-11-07 11:22:09	 97970	 1013	19	96	 0.00	 -1	0 	4
2025-11-07 11:22:10	 98019	 1211	19	96	 0.00	 8	0 	0
2025-11-07 11:22:11	 98054	 1357	17	96	 259.80	 0	-1 	0
2025-11-07 11:22:13	 98122	 1349	52	96	 110.39	 -3	5 	0
2025-11-07 11:22:14	 98157	 1275	111	96	 196.52	 -6	-1 	0
2025-11-07 11:22:15	 98192	 1030	45	96	 222.89	 -6	-2 	4
2025-11-07 11:22:16	 98227	 977	26	96	 279.14	 -1	-1 	4
2025-11-07 11:22:17	 98269	 1079	-16	96	 337.15	 3	-1 	0
2025-11-07 11:22:18	 98304	 1216	-58	96	 324.84	 3	-2 	0
2025-11-07 11:22:19	 98339	 1371	-214	96	 310.78	 5	-7 	0
2025-11-07 11:22:20	 98374	 1544	-363	96	 10.55	 2	-2 	0
2025-11-07 11:22:21	 98409	 1621	-346	96	 17.58	 6	2 	0
2025-11-07 11:22:22	 98444	 1847	-330	96	 331.88	 0	-1 	0
2025-11-07 11:22:25	 98534	 1823	-331	96	 168.40	 -2	0 	0
2025-11-07 11:22:26	 98572	 1806	-327	96	 184.22	 -2	-1 	0
2025-11-07 11:22:27	 98607	 1586	-344	96	 184.22	 -9	-1 	0
2025-11-07 11:22:30	 98704	 1399	-335	96	 4.92	 3	0 	8
2025-11-07 11:22:31	 98739	 1550	-312	96	 33.05	 2	0 	0
2025-11-07 11:22:32	 98774	 1579	-304	96	 126.21	 0	0 	0
2025-11-07 11:22:33	 98809	 1467	-261	96	 164.88	 -3	-2 	8
2025-11-07 11:22:34	 98844	 1397	-342	96	 231.68	 -1	-2 	8
2025-11-07 11:22:35	 98879	 1457	-368	96	 338.91	 4	-1 	0
2025-11-07 11:22:36	 98914	 1645	-339	96	 351.21	 2	0 	0
2025-11-07 11:22:37	 98949	 1708	-376	96	 305.51	 1	-1 	0
2025-11-07 11:22:38	 99013	 1727	-376	96	 266.84	 -1	-1 	0
2025-11-07 11:22:39	 99048	 1722	-314	96	 265.08	 0	6 	0
2025-11-07 11:22:41	 99088	 1696	-268	96	 184.22	 -1	-1 	0
2025-11-07 11:22:42	 99123	 1598	-283	96	 184.22	 -7	-1 	0
2025-11-07 11:22:43	 99158	 1429	-300	96	 235.20	 -1	-1 	8
2025-11-07 11:22:45	 99239	 1448	-280	96	 48.87	 3	3 	8
2025-11-07 11:22:46	 99277	 1424	-314	96	 48.87	 -5	-6 	8
2025-11-07 11:22:47	 99331	 1468	-356	96	 350.86	 6	-2 	0
2025-11-07 11:22:48	 99366	 1586	-364	96	 6.68	 4	0 	0
2025-11-07 11:22:49	 99401	 1836	-332	96	 6.68	 8	0 	0
2025-11-07 11:22:50	 99436	 1829	-314	96	 6.68	 -5	-1 	0
2025-11-07 11:22:51	 99471	 1654	-333	96	 6.68	 -2	-1 	0
2025-11-07 11:22:53	 99539	 1637	-332	96	 149.06	 -3	1 	0
2025-11-07 11:22:54	 99574	 1458	-271	96	 178.95	 -7	0 	8
2025-11-07 11:22:55	 99609	 1446	-300	96	 178.95	 4	-1 	8
2025-11-07 11:22:56	 99644	 1561	-307	96	 171.91	 0	-1 	0
2025-11-07 11:22:57	 99679	 1548	-304	96	 178.95	 -2	0 	0
2025-11-07 11:22:58	 99714	 1515	-298	96	 191.25	 -5	-1 	0
2025-11-07 11:22:59	 99749	 1406	-322	96	 256.29	 -1	-1 	8
2025-11-07 11:23:01	 99801	 1399	-337	96	 356.48	 3	-1 	8
2025-11-07 11:23:02	 99836	 1637	-352	96	 356.48	 8	-1 	0
2025-11-07 11:23:03	 99871	 1847	-367	96	 356.48	 0	-1 	0
2025-11-07 11:23:06	 99963	 1716	-342	96	 168.40	 -8	1 	0
2025-11-07 11:23:07	 99998	 1498	-295	96	 106.88	 -2	0 	0
2025-11-07 11:23:08	 100033	 1488	-291	96	 357.89	 3	-1 	8
2025-11-07 11:23:09	 100068	 1569	-286	96	 87.54	 0	3 	0
2025-11-07 11:23:11	 100156	 1570	-342	96	 87.54	 -1	-7 	0
2025-11-07 11:23:12	 100200	 1478	-250	96	 127.97	 0	0 	8
2025-11-07 11:23:13	 100236	 1521	-303	96	 127.97	 -2	1 	0
2025-11-07 11:23:15	 100285	 1498	-251	96	 168.40	 2	-1 	8
2025-11-07 11:23:16	 100320	 1432	-296	96	 187.73	 -1	-1 	8
2025-11-07 11:23:18	 100404	 1428	-368	96	 122.70	 2	-1 	0
2025-11-07 11:23:19	 100439	 1456	-273	96	 122.70	 0	3 	8
2025-11-07 11:23:20	 100475	 1539	-368	96	 96.33	 1	0 	0
2025-11-07 11:23:21	 100510	 1594	-363	96	 4.92	 6	0 	0
2025-11-07 11:23:22	 100545	 1847	-340	96	 4.92	 0	0 	0
2025-11-07 11:23:24	 100610	 1699	-271	96	 322.73	 -7	4 	0
2025-11-07 11:23:25	 100651	 1670	-368	96	 182.11	 -2	0 	0
2025-11-07 11:23:26	 100686	 1522	-317	96	 168.05	 -8	2 	0
2025-11-07 11:23:27	 100721	 1411	-317	96	 138.16	 -1	-1 	8
2025-11-07 11:23:28	 100756	 1502	-368	96	 108.28	 0	0 	0
2025-11-07 11:23:29	 100791	 1536	-273	96	 59.06	 0	0 	0
2025-11-07 11:23:30	 100826	 1637	-273	96	 71.37	 2	0 	0
2025-11-07 11:23:31	 100861	 1647	-260	96	 113.55	 0	0 	0
2025-11-07 11:23:33	 100934	 1616	-166	96	 106.52	 0	2 	0
2025-11-07 11:23:36	 101044	 1651	-290	96	 278.44	 1	-8 	0
2025-11-07 11:23:39	 101133	 1642	-373	96	 252.07	 -3	-3 	0
2025-11-07 11:23:40	 101168	 1647	-426	96	 334.69	 0	-2 	0
2025-11-07 11:23:41	 101203	 1647	-496	96	 283.71	 0	-1 	0
2025-11-07 11:23:44	 101294	 1648	-322	96	 100.90	 0	4 	0
2025-11-07 11:23:45	 101329	 1630	-278	96	 190.55	 -5	-1 	0
2025-11-07 11:23:46	 101364	 1507	-299	96	 273.16	 -1	-1 	0
2025-11-07 11:23:47	 101399	 1558	-376	96	 297.77	 1	0 	0
2025-11-07 11:23:48	 101463	 1558	-439	96	 260.86	 -2	-7 	0
2025-11-07 11:23:51	 101537	 1536	-487	96	 93.87	 -1	3 	0
2025-11-07 11:23:52	 101572	 1561	-304	96	 21.80	 1	3 	0
2025-11-07 11:23:53	 101607	 1638	-273	96	 14.77	 0	0 	0
2025-11-07 11:23:56	 101733	 1703	-310	96	 348.40	 2	-2 	0
2025-11-07 11:23:57	 101768	 1732	-320	96	 100.90	 -1	3 	0
2025-11-07 11:23:58	 101803	 1706	-265	96	 100.90	 -1	0 	0
2025-11-07 11:24:00	 101858	 1704	-269	96	 100.90	 -1	-1 	0
2025-11-07 11:24:01	 101896	 1696	-145	96	 93.87	 -1	0 	0
2025-11-07 11:24:04	 101992	 1705	-318	96	 272.81	 0	-8 	0
2025-11-07 11:24:06	 102072	 1712	-439	96	 272.81	 0	-7 	0
2025-11-07 11:24:08	 102146	 1717	-483	96	 93.52	 -1	4 	0
2025-11-07 11:24:09	 102181	 1707	-325	96	 24.96	 -1	1 	0
2025-11-07 11:24:10	 102216	 1749	-305	96	 356.84	 0	0 	0
2025-11-07 11:24:11	 102269	 1855	-310	96	 356.84	 7	-1 	0
2025-11-07 11:24:12	 102304	 2031	-322	96	 316.41	 0	-1 	9
2025-11-07 11:24:14	 102349	 1999	-275	96	 247.85	 -2	-2 	9
2025-11-07 11:24:16	 102443	 1936	-425	96	 82.62	 0	3 	9
2025-11-07 11:24:17	 102478	 1920	-273	96	 151.17	 -3	0 	9
2025-11-07 11:24:18	 102513	 1781	-273	96	 133.59	 -2	0 	0
2025-11-07 11:24:21	 102589	 1765	-273	96	 63.28	 0	0 	0
2025-11-07 11:24:22	 102624	 1795	-159	96	 110.74	 -2	6 	0
2025-11-07 11:24:23	 102659	 1792	-137	96	 100.20	 0	0 	0
2025-11-07 11:24:25	 102745	 1800	-334	96	 272.11	 0	-9 	0
2025-11-07 11:24:27	 102826	 1805	-409	96	 272.11	 0	-6 	0
2025-11-07 11:24:28	 102861	 1807	-549	96	 217.62	 0	-1 	0
2025-11-07 11:24:30	 102917	 1813	-571	96	 294.96	 1	-4 	0
2025-11-07 11:24:31	 102952	 1838	-625	96	 349.45	 0	-1 	0
2025-11-07 11:24:34	 103067	 1958	-626	96	 0.00	 7	0 	0
2025-11-07 11:24:35	 103102	 2160	-626	80	 0.00	 7	0 	0
2025-11-07 11:24:36	 103137	 2279	-626	80	 280.90	 0	0 	0
2025-11-07 11:24:38	 103191	 2312	-583	80	 65.04	 2	3 	0
2025-11-07 11:24:39	 103226	 2320	-472	80	 59.77	 -1	1 	0
2025-11-07 11:24:40	 103282	 2316	-463	80	 229.92	 -2	-3 	0
2025-11-07 11:24:41	 103317	 2256	-539	80	 247.50	 0	-1 	0
2025-11-07 11:24:42	 103352	 2264	-643	80	 333.63	 0	-2 	0
2025-11-07 11:24:43	 103387	 2421	-688	80	 14.06	 5	0 	0
2025-11-07 11:24:44	 103422	 2670	-642	80	 7.03	 4	0 	0
2025-11-07 11:24:45	 103457	 2732	-543	80	 101.95	 -1	7 	0
2025-11-07 11:24:46	 103492	 2713	-293	112	 105.47	 -2	3 	0
2025-11-07 11:24:47	 103527	 2607	-174	160	 152.93	 -4	1 	0
2025-11-07 11:24:48	 103562	 2478	-144	160	 156.45	 -5	0 	0
2025-11-07 11:24:49	 103597	 2420	-135	160	 91.41	 -1	0 	0
2025-11-07 11:24:51	 103663	 2416	-15	160	 91.41	 -1	7 	0
2025-11-07 11:24:52	 103698	 2413	87	184	 358.24	 -1	0 	0
2025-11-07 11:24:53	 103733	 2311	94	160	 358.24	 -2	0 	0
2025-11-07 11:24:54	 103768	 2290	95	160	 323.09	 -1	0 	0
2025-11-07 11:24:58	 103895	 2139	28	160	 180.70	 -8	-1 	0
2025-11-07 11:24:59	 103930	 1858	18	160	 180.70	 -9	-1 	0
2025-11-07 11:25:00	 103965	 1755	17	96	 180.70	 -1	-1 	0
2025-11-07 11:25:01	 104000	 1707	16	96	 180.70	 -2	-1 	0
2025-11-07 11:25:02	 104035	 1591	14	96	 180.70	 -8	-1 	0
2025-11-07 11:25:03	 104070	 1313	11	96	 180.70	 -6	-1 	0
2025-11-07 11:25:04	 104105	 1254	17	96	 105.12	 -2	3 	0
2025-11-07 11:25:05	 104140	 1212	127	96	 105.12	 -1	0 	0
2025-11-07 11:25:07	 104205	 1215	197	96	 76.99	 0	3 	0
2025-11-07 11:25:08	 104240	 1217	234	96	 352.62	 0	0 	0
2025-11-07 11:25:09	 104300	 1366	216	96	 352.62	 7	-1 	0
2025-11-07 11:25:10	 104335	 1571	232	96	 41.84	 3	1 	0
2025-11-07 11:25:11	 104370	 1604	244	96	 147.30	 -2	0 	0
2025-11-07 11:25:12	 104405	 1501	311	96	 194.77	 -1	0 	0
2025-11-07 11:25:15	 104496	 1467	318	96	 175.43	 -6	0 	0
2025-11-07 11:25:16	 104531	 1277	333	96	 120.94	 -2	0 	0
2025-11-07 11:25:19	 104637	 1262	334	96	 4.92	 -2	-1 	0
2025-11-07 11:25:20	 104672	 1199	329	96	 76.99	 -1	-1 	0
2025-11-07 11:25:21	 104712	 1175	392	96	 96.33	 -1	2 	0
2025-11-07 11:25:22	 104754	 1271	458	96	 15.47	 6	2 	0
2025-11-07 11:25:23	 104789	 1343	485	96	 254.18	 0	0 	0
2025-11-07 11:25:26	 104865	 1355	488	96	 238.36	 0	0 	0
2025-11-07 11:25:27	 104900	 1369	489	96	 189.14	 0	0 	0
2025-11-07 11:25:28	 104935	 1380	493	96	 196.17	 0	0 	0
2025-11-07 11:25:29	 104989	 1312	491	96	 182.11	 -1	-1 	0
2025-11-07 11:25:30	 105024	 1339	492	96	 182.11	 5	0 	0
2025-11-07 11:25:31	 105059	 1411	494	96	 182.11	 0	0 	0
2025-11-07 11:25:32	 105097	 1478	495	96	 182.11	 5	0 	0
2025-11-07 11:25:33	 105132	 1581	490	96	 240.12	 -2	-3 	0
2025-11-07 11:25:35	 105188	 1536	400	96	 15.47	 1	0 	0
2025-11-07 11:25:36	 105223	 1583	437	96	 15.47	 0	0 	0
2025-11-07 11:25:37	 105272	 1604	438	120	 343.83	 3	-2 	0
2025-11-07 11:25:39	 105326	 1639	435	120	 18.98	 3	1 	0
2025-11-07 11:25:42	 105444	 1664	461	120	 183.87	 0	-1 	0
2025-11-07 11:25:43	 105480	 1664	456	120	 183.87	 -1	-1 	0
2025-11-07 11:25:54	 105858	 1671	454	120	 183.87	 0	0 	0
2025-11-07 11:25:55	 105893	 1664	455	120	 183.87	 0	-1 	0
2025-11-07 11:25:56	 105933	 1664	448	120	 183.87	 0	-1 	0
2025-11-07 11:25:57	 105976	 1524	438	96	 183.87	 -8	-1 	0
2025-11-07 11:25:58	 106011	 1435	432	96	 183.87	 -1	-1 	0
2025-11-07 11:26:02	 106123	 1350	431	96	 153.98	 -7	1 	0
2025-11-07 11:26:03	 106158	 1259	495	96	 30.94	 3	0 	0
2025-11-07 11:26:04	 106193	 1444	493	96	 343.48	 6	-1 	0
2025-11-07 11:26:05	 106228	 1623	453	120	 27.42	 0	1 	0
2025-11-07 11:26:06	 106292	 1671	461	120	 357.54	 0	-1 	0
2025-11-07 11:26:10	 106435	 1664	437	120	 194.06	 0	-1 	0
2025-11-07 11:26:12	 106491	 1533	483	96	 157.15	 -8	3 	0
2025-11-07 11:26:13	 106526	 1309	447	96	 211.64	 -7	-4 	0
2025-11-07 11:26:14	 106561	 1194	315	96	 276.68	 0	-7 	0
2025-11-07 11:26:15	 106596	 1215	296	96	 6.33	 4	0 	0
2025-11-07 11:26:16	 106631	 1460	321	96	 4.57	 7	0 	0
2025-11-07 11:26:17	 106666	 1535	325	96	 248.55	 -1	-3 	0
2025-11-07 11:26:18	 106701	 1486	200	96	 190.55	 -5	-1 	0
2025-11-07 11:26:19	 106736	 1251	207	96	 206.37	 -5	0 	0
2025-11-07 11:26:20	 106771	 1179	217	96	 155.39	 -5	2 	0
2025-11-07 11:26:21	 106806	 1048	228	96	 202.85	 0	-1 	0
2025-11-07 11:26:23	 106871	 1091	214	96	 348.75	 5	-2 	0
2025-11-07 11:26:24	 106906	 1170	200	96	 273.16	 0	0 	0
2025-11-07 11:26:25	 106950	 1181	-6	96	 273.16	 0	-9 	0
2025-11-07 11:26:26	 106985	 1203	-104	96	 338.20	 4	-2 	0
2025-11-07 11:26:27	 107020	 1301	-121	96	 37.97	 2	1 	0
2025-11-07 11:26:28	 107055	 1325	-45	96	 60.82	 0	2 	0
2025-11-07 11:26:29	 107090	 1378	-1	96	 20.39	 6	2 	0
2025-11-07 11:26:30	 107125	 1537	15	96	 343.48	 6	-2 	0
2025-11-07 11:26:31	 107160	 1772	-48	96	 345.23	 1	0 	0
2025-11-07 11:26:32	 107195	 1730	-48	96	 13.36	 -6	-1 	0
2025-11-07 11:26:33	 107230	 1646	-48	96	 97.73	 -1	0 	0
2025-11-07 11:26:34	 107269	 1611	-42	96	 168.05	 -1	0 	0
2025-11-07 11:26:36	 107319	 1581	-35	96	 168.05	 -5	1 	0
2025-11-07 11:26:37	 107354	 1374	7	96	 190.90	 -3	0 	0
2025-11-07 11:26:38	 107389	 1260	-10	96	 168.05	 -6	-1 	0
2025-11-07 11:26:39	 107424	 1006	48	96	 176.84	 -9	0 	4
2025-11-07 11:26:41	 107510	 976	58	96	 176.84	 -1	0 	4
2025-11-07 11:26:42	 107551	 957	65	160	 176.84	 -5	0 	0
2025-11-07 11:26:43	 107586	 894	68	160	 85.43	 -1	0 	0
2025-11-07 11:26:45	 107637	 931	173	160	 88.95	 1	7 	0
2025-11-07 11:26:47	 107718	 929	351	160	 296.02	 0	-1 	7
2025-11-07 11:26:48	 107753	 998	156	160	 288.98	 2	-8 	0
2025-11-07 11:26:49	 107788	 1007	64	96	 322.38	 0	-1 	4
2025-11-07 11:26:50	 107823	 1029	38	96	 322.38	 4	-4 	4
2025-11-07 11:26:51	 107858	 1230	-117	96	 322.38	 6	-5 	0
2025-11-07 11:26:52	 107893	 1370	-225	96	 30.94	 0	-1 	0
2025-11-07 11:26:53	 107931	 1356	-212	96	 139.92	 -4	3 	0
2025-11-07 11:26:54	 107966	 1169	-53	96	 120.59	 -4	2 	0
2025-11-07 11:26:55	 108001	 1178	30	96	 53.79	 3	5 	0
2025-11-07 11:26:58	 108084	 1263	150	96	 90.70	 -1	4 	19
2025-11-07 11:26:59	 108119	 1263	193	96	 162.77	 -1	0 	0
2025-11-07 11:27:03	 108265	 1242	176	96	 241.88	 -1	0 	0
2025-11-07 11:27:04	 108300	 1166	44	96	 215.51	 -5	-6 	0
2025-11-07 11:27:05	 108335	 1041	-16	96	 187.38	 -1	0 	0
2025-11-07 11:27:06	 108370	 1158	15	96	 206.72	 2	0 	0
2025-11-07 11:27:07	 108405	 1130	-59	96	 271.76	 -1	-2 	0
2025-11-07 11:27:08	 108440	 1196	-151	96	 306.91	 5	-6 	0
2025-11-07 11:27:09	 108475	 1304	-253	96	 26.02	 0	-1 	0
2025-11-07 11:27:10	 108510	 1347	-144	96	 71.72	 2	7 	0
2025-11-07 11:27:11	 108545	 1301	-40	96	 108.63	 -4	6 	0
2025-11-07 11:27:12	 108580	 1289	111	96	 75.23	 0	0 	0
2025-11-07 11:27:13	 108623	 1332	104	96	 349.10	 5	-2 	0
2025-11-07 11:27:14	 108658	 1566	59	96	 336.80	 2	-1 	0
2025-11-07 11:27:15	 108693	 1606	-22	96	 277.03	 0	-7 	0
2025-11-07 11:27:16	 108739	 1632	-44	96	 13.71	 4	1 	0
2025-11-07 11:27:17	 108774	 1738	-18	96	 20.74	 3	1 	0
2025-11-07 11:27:18	 108809	 1839	29	96	 20.74	 0	0 	18
2025-11-07 11:27:20	 108876	 1839	56	160	 20.74	 0	0 	18
2025-11-07 11:27:21	 108911	 1960	91	160	 1.41	 6	0 	0
2025-11-07 11:27:22	 108946	 2235	81	160	 338.55	 7	-3 	0
2025-11-07 11:27:23	 108981	 2435	40	184	 11.95	 1	-1 	0
2025-11-07 11:27:25	 109029	 2446	34	184	 250.66	 -1	-3 	0
2025-11-07 11:27:26	 109064	 2393	-113	160	 301.64	 -1	-2 	0
2025-11-07 11:27:27	 109099	 2455	-221	160	 10.20	 1	-1 	0
2025-11-07 11:27:28	 109134	 2622	-200	160	 326.25	 1	0 	0
2025-11-07 11:27:29	 109169	 2716	-341	112	 291.09	 3	-8 	0
2025-11-07 11:27:30	 109204	 2721	-465	80	 257.70	 -1	-5 	0
2025-11-07 11:27:31	 109239	 2728	-578	80	 287.58	 1	-6 	0
2025-11-07 11:27:32	 109280	 2735	-602	80	 27.77	 0	2 	0
2025-11-07 11:27:33	 109315	 2735	-565	80	 306.91	 0	-3 	0
2025-11-07 11:27:34	 109350	 2671	-713	80	 183.87	 -6	-4 	0
2025-11-07 11:27:35	 109396	 2639	-684	80	 117.07	 -1	5 	0
2025-11-07 11:27:36	 109431	 2500	-593	80	 176.84	 -7	0 	0
2025-11-07 11:27:37	 109466	 2288	-590	80	 132.89	 -2	0 	0
2025-11-07 11:27:38	 109501	 2268	-590	80	 29.18	 -1	0 	0
2025-11-07 11:27:40	 109555	 2302	-426	80	 78.40	 -1	-1 	0
2025-11-07 11:27:41	 109590	 2286	-496	80	 341.72	 -1	-1 	0
2025-11-07 11:27:42	 109625	 2312	-600	80	 262.62	 0	-8 	0
2025-11-07 11:27:43	 109660	 2274	-688	80	 174.73	 -6	0 	0
2025-11-07 11:27:44	 109695	 2008	-667	80	 174.73	 -9	0 	0
2025-11-07 11:27:45	 109730	 1808	-649	96	 118.48	 -2	0 	0
2025-11-07 11:27:46	 109772	 1795	-641	96	 95.62	 -1	3 	0
2025-11-07 11:27:47	 109807	 1776	-414	96	 95.62	 -1	5 	0
2025-11-07 11:27:48	 109842	 1776	-345	96	 202.85	 0	0 	0
2025-11-07 11:27:49	 109888	 1807	-436	96	 278.44	 0	-2 	0
2025-11-07 11:27:50	 109923	 1747	-624	96	 206.37	 -3	-4 	0
2025-11-07 11:27:51	 109958	 1617	-607	96	 169.45	 -7	2 	0
2025-11-07 11:27:52	 109993	 1488	-599	96	 238.01	 0	-1 	0
2025-11-07 11:27:54	 110056	 1676	-621	96	 354.02	 7	-1 	0
2025-11-07 11:27:55	 110091	 1963	-651	96	 354.02	 8	-1 	0
2025-11-07 11:27:56	 110126	 2227	-679	80	 313.59	 2	-1 	0
2025-11-07 11:27:57	 110161	 2297	-797	80	 273.16	 1	-8 	0
2025-11-07 11:27:58	 110196	 2215	-1008	80	 197.58	 -4	-1 	0
2025-11-07 11:27:59	 110231	 2192	-1000	80	 155.39	 0	0 	0
2025-11-07 11:28:00	 110266	 2029	-923	88	 121.99	 -4	2 	0
2025-11-07 11:28:01	 110301	 1949	-789	88	 190.55	 -3	2 	0
2025-11-07 11:28:02	 110336	 1753	-809	88	 194.06	 -8	-2 	0
2025-11-07 11:28:03	 110371	 1649	-834	88	 97.38	 -1	-1 	0
2025-11-07 11:28:04	 110419	 1691	-848	88	 337.85	 3	-1 	0
2025-11-07 11:28:05	 110454	 1877	-848	88	 350.16	 6	-1 	0
2025-11-07 11:28:06	 110489	 2070	-862	88	 285.12	 2	-1 	0
2025-11-07 11:28:07	 110524	 2009	-1043	88	 262.27	 -4	-8 	0
2025-11-07 11:28:09	 110577	 2050	-1144	88	 9.49	 6	1 	0
2025-11-07 11:28:10	 110612	 2317	-1107	88	 357.19	 8	0 	0
2025-11-07 11:28:11	 110647	 2538	-1110	88	 62.23	 1	-1 	0
2025-11-07 11:28:12	 110691	 2553	-1110	88	 165.94	 -2	0 	0
2025-11-07 11:28:13	 110726	 2337	-1082	88	 188.79	 -9	-1 	0
2025-11-07 11:28:14	 110761	 2053	-1097	88	 134.30	 -8	2 	0
2025-11-07 11:28:15	 110796	 2049	-942	88	 53.44	 3	4 	0
2025-11-07 11:28:16	 110831	 2069	-774	88	 72.77	 0	7 	0
2025-11-07 11:28:17	 110879	 2177	-757	88	 307.97	 1	-1 	0
2025-11-07 11:28:18	 110914	 2187	-762	88	 198.98	 -4	-2 	0
2025-11-07 11:28:19	 110949	 1955	-808	88	 183.16	 -9	-1 	0
2025-11-07 11:28:20	 110984	 1671	-848	88	 190.20	 -5	0 	0
2025-11-07 11:28:21	 111019	 1623	-848	88	 74.18	 -1	0 	0
2025-11-07 11:28:23	 111062	 1756	-838	88	 3.87	 7	0 	0
2025-11-07 11:28:24	 111097	 1985	-831	88	 309.38	 4	-3 	0
2025-11-07 11:28:25	 111132	 2143	-987	88	 353.32	 0	-2 	0
2025-11-07 11:28:26	 111167	 2220	-1008	80	 2.11	 1	0 	0
2025-11-07 11:28:27	 111202	 2326	-949	80	 60.12	 2	1 	0
2025-11-07 11:28:28	 111237	 2351	-809	80	 107.58	 -1	3 	0
2025-11-07 11:28:29	 111272	 2300	-665	80	 155.04	 -5	2 	0
2025-11-07 11:28:30	 111307	 2175	-614	80	 191.95	 -6	-1 	0
2025-11-07 11:28:31	 111342	 1920	-665	96	 191.95	 -9	-2 	0
2025-11-07 11:28:32	 111377	 1654	-667	96	 165.59	 -8	1 	0
2025-11-07 11:28:33	 111412	 1535	-638	96	 65.39	 -1	0 	0
2025-11-07 11:28:34	 111447	 1607	-639	96	 358.59	 6	-1 	0
2025-11-07 11:28:35	 111482	 1876	-645	96	 358.59	 8	-1 	0
2025-11-07 11:28:36	 111517	 2110	-651	80	 358.59	 1	-1 	0
2025-11-07 11:28:37	 111552	 2158	-652	80	 358.59	 2	-1 	0
2025-11-07 11:28:38	 111587	 2272	-652	80	 60.12	 1	1 	0
2025-11-07 11:28:39	 111622	 2320	-523	80	 104.06	 -1	4 	0
2025-11-07 11:28:40	 111657	 2312	-473	80	 28.48	 -1	0 	0
2025-11-07 11:28:41	 111714	 2325	-598	80	 275.98	 0	-8 	0
2025-11-07 11:28:42	 111749	 2351	-864	80	 281.25	 0	-3 	0
2025-11-07 11:28:43	 111784	 2351	-908	80	 321.68	 0	-2 	0
2025-11-07 11:28:44	 111819	 2488	-1005	80	 26.72	 5	1 	0
2025-11-07 11:28:45	 111854	 2632	-913	80	 56.60	 3	0 	0
2025-11-07 11:28:46	 111889	 2685	-721	80	 70.66	 1	7 	0
2025-11-07 11:28:47	 111924	 2732	-439	80	 100.55	 -1	8 	0
2025-11-07 11:28:48	 111959	 2661	-217	144	 126.91	 -5	5 	0
2025-11-07 11:28:49	 111994	 2517	-145	160	 155.04	 -3	0 	0
2025-11-07 11:28:50	 112029	 2368	-62	160	 100.55	 -3	5 	0
2025-11-07 11:28:51	 112064	 2338	-7	160	 17.93	 -1	0 	0
2025-11-07 11:28:54	 112143	 2280	-66	160	 75.94	 -2	-2 	0
2025-11-07 11:28:56	 112236	 2262	-80	160	 202.50	 -3	-2 	0
2025-11-07 11:28:57	 112271	 2044	-67	160	 140.98	 -7	4 	0
2025-11-07 11:28:58	 112306	 1867	56	160	 177.89	 -2	0 	0
2025-11-07 11:28:59	 112341	 1756	68	155	 177.89	 -7	0 	0
2025-11-07 11:29:00	 112376	 1629	73	96	 177.89	 -3	0 	0
2025-11-07 11:29:01	 112411	 1459	80	96	 137.46	 -2	0 	0
2025-11-07 11:29:02	 112448	 1443	79	96	 251.72	 -1	-2 	0
2025-11-07 11:29:03	 112483	 1400	-48	96	 235.90	 -1	0 	0
2025-11-07 11:29:04	 112518	 1276	-27	96	 162.07	 -8	2 	0
2025-11-07 11:29:05	 112553	 1038	-2	96	 172.62	 -5	0 	4
2025-11-07 11:29:06	 112588	 991	3	96	 82.97	 -1	0 	4
2025-11-07 11:29:08	 112663	 976	51	160	 126.91	 0	0 	4
2025-11-07 11:29:10	 112706	 943	56	160	 181.41	 -6	-1 	0
2025-11-07 11:29:11	 112741	 830	53	160	 181.41	 2	0 	0
2025-11-07 11:29:12	 112776	 906	55	160	 88.24	 0	0 	0
2025-11-07 11:29:14	 112864	 990	43	155	 351.56	 6	-1 	4
2025-11-07 11:29:15	 112899	 1051	23	96	 351.56	 5	-1 	0
2025-11-07 11:29:16	 112934	 1307	-16	96	 351.56	 8	-2 	0
2025-11-07 11:29:17	 112969	 1477	-41	96	 7.38	 0	-1 	0
2025-11-07 11:29:18	 113004	 1625	30	96	 9.14	 7	2 	0
2025-11-07 11:29:19	 113039	 1839	45	96	 353.32	 0	-1 	18
2025-11-07 11:29:22	 113149	 1876	38	160	 353.32	 1	-1 	0
2025-11-07 11:29:23	 113184	 2035	19	160	 353.32	 3	-1 	0
2025-11-07 11:29:24	 113219	 2007	1	160	 5.62	 -4	-1 	0
2025-11-07 11:29:25	 113254	 1939	-6	160	 261.91	 -1	-1 	0
2025-11-07 11:29:28	 113343	 2030	21	160	 15.82	 7	1 	0
2025-11-07 11:29:29	 113378	 2194	60	160	 356.48	 0	0 	0
2025-11-07 11:29:31	 113453	 2220	61	160	 356.48	 4	-1 	0
2025-11-07 11:29:32	 113488	 2224	61	160	 356.48	 -1	0 	0
2025-11-07 11:29:39	 113751	 2247	59	160	 356.48	 1	-1 	0
2025-11-07 11:29:41	 113819	 2262	57	160	 309.02	 1	-2 	0
2025-11-07 11:29:42	 113854	 2366	-71	160	 286.17	 0	-2 	0
2025-11-07 11:29:43	 113889	 2445	-129	160	 326.60	 5	-4 	0
2025-11-07 11:29:44	 113924	 2632	-214	144	 323.09	 3	-2 	0
2025-11-07 11:29:45	 113959	 2724	-313	114	 279.14	 2	-5 	0
2025-11-07 11:29:46	 113994	 2732	-515	80	 268.59	 -1	-8 	0
2025-11-07 11:29:47	 114029	 2729	-667	80	 305.51	 -1	-1 	0
2025-11-07 11:29:49	 114067	 2735	-662	80	 22.85	 0	1 	0
2025-11-07 11:29:50	 114102	 2735	-622	80	 296.72	 0	0 	0
2025-11-07 11:29:51	 114137	 2735	-758	80	 272.11	 0	-8 	0
2025-11-07 11:29:52	 114172	 2721	-935	80	 217.62	 -4	-4 	0
2025-11-07 11:29:53	 114207	 2579	-1002	80	 177.19	 -5	-1 	0
2025-11-07 11:29:54	 114242	 2516	-997	80	 157.85	 -4	1 	0
2025-11-07 11:29:55	 114277	 2343	-928	80	 185.98	 -2	0 	0
2025-11-07 11:29:56	 114312	 2192	-948	80	 189.49	 0	-1 	0
2025-11-07 11:29:57	 114347	 2139	-961	88	 170.16	 -2	-1 	0
2025-11-07 11:29:58	 114382	 2118	-965	88	 64.69	 -1	-1 	0
2025-11-07 11:30:00	 114469	 2082	-1131	88	 287.58	 -1	-3 	0
2025-11-07 11:30:01	 114509	 2164	-1152	88	 352.62	 5	0 	0
2025-11-07 11:30:02	 114544	 2353	-1110	88	 17.23	 7	2 	0
2025-11-07 11:30:03	 114579	 2581	-1082	88	 357.89	 7	-1 	0
2025-11-07 11:30:04	 114614	 2671	-1084	88	 243.63	 0	-1 	0
2025-11-07 11:30:06	 114664	 2507	-1139	88	 185.62	 -7	-2 	0
2025-11-07 11:30:07	 114699	 2264	-1138	88	 169.80	 -8	1 	0
2025-11-07 11:30:08	 114734	 2070	-1016	88	 97.73	 -3	7 	0
2025-11-07 11:30:09	 114769	 2016	-811	88	 127.62	 -3	4 	0
2025-11-07 11:30:10	 114804	 1894	-764	88	 189.14	 -7	-1 	0
2025-11-07 11:30:11	 114839	 1793	-773	88	 73.12	 -1	-1 	0
2025-11-07 11:30:12	 114874	 1882	-745	88	 8.09	 7	1 	0
2025-11-07 11:30:13	 114909	 2101	-860	88	 297.77	 4	-7 	0
2025-11-07 11:30:14	 114944	 2132	-968	88	 334.69	 0	-1 	0
2025-11-07 11:30:15	 114985	 2185	-996	80	 350.51	 3	-2 	0
2025-11-07 11:30:16	 115020	 2228	-971	80	 74.88	 1	5 	0
2025-11-07 11:30:17	 115055	 2295	-836	80	 99.49	 1	6 	0
2025-11-07 11:30:18	 115090	 2251	-602	80	 138.16	 -1	3 	0
2025-11-07 11:30:20	 115174	 2281	-589	80	 199.69	 1	0 	0
2025-11-07 11:30:21	 115209	 2177	-629	80	 183.87	 -8	-2 	0
2025-11-07 11:30:22	 115244	 1896	-663	96	 183.87	 -9	-1 	0
2025-11-07 11:30:23	 115279	 1606	-659	96	 175.08	 -9	0 	0
2025-11-07 11:30:24	 115314	 1497	-648	96	 73.12	 -1	0 	0
2025-11-07 11:30:25	 115355	 1563	-646	96	 1.05	 6	0 	0
2025-11-07 11:30:26	 115390	 1742	-612	96	 52.03	 3	3 	0
2025-11-07 11:30:27	 115425	 1785	-516	96	 83.67	 1	4 	16
2025-11-07 11:30:28	 115460	 1807	-351	96	 36.21	 0	0 	0
2025-11-07 11:30:32	 115573	 1786	-337	96	 164.53	 -5	1 	0
2025-11-07 11:30:33	 115608	 1585	-310	96	 185.62	 -8	-1 	0
2025-11-07 11:30:34	 115643	 1375	-202	96	 90.70	 -2	7 	0
2025-11-07 11:30:35	 115678	 1282	-33	96	 132.89	 -5	5 	0
2025-11-07 11:30:36	 115713	 1147	111	96	 113.55	 -1	0 	0
2025-11-07 11:30:38	 115788	 1154	29	96	 276.68	 0	-8 	0
2025-11-07 11:30:39	 115823	 1172	-121	96	 327.66	 0	-1 	0
2025-11-07 11:30:41	 115892	 1200	-130	96	 352.27	 5	-1 	0
2025-11-07 11:30:42	 115927	 1420	-247	96	 311.84	 5	-6 	6
2025-11-07 11:30:43	 115962	 1563	-359	96	 313.59	 0	-1 	0
2025-11-07 11:30:44	 116000	 1562	-375	96	 246.80	 -2	-3 	0
2025-11-07 11:30:45	 116035	 1602	-273	96	 246.80	 1	0 	0
2025-11-07 11:30:46	 116078	 1619	-273	96	 181.76	 -1	-1 	0
2025-11-07 11:30:47	 116113	 1445	-260	96	 153.63	 -8	2 	8
2025-11-07 11:30:48	 116148	 1221	-97	96	 127.27	 -6	6 	0
2025-11-07 11:30:49	 116183	 1080	79	96	 81.56	 -1	0 	0
2025-11-07 11:30:50	 116218	 1158	100	96	 14.77	 6	2 	0
2025-11-07 11:30:51	 116253	 1282	106	96	 350.16	 4	-1 	0
2025-11-07 11:30:52	 116288	 1520	27	96	 358.95	 7	-2 	0
2025-11-07 11:30:53	 116323	 1801	9	96	 358.95	 5	-1 	18
2025-11-07 11:30:55	 116382	 1727	10	96	 358.95	 -8	0 	0
2025-11-07 11:30:56	 116417	 1557	14	96	 286.88	 -1	0 	0
2025-11-07 11:30:57	 116452	 1522	-14	96	 227.11	 -4	-5 	0
2025-11-07 11:30:58	 116487	 1378	-48	96	 200.74	 -6	-1 	0
2025-11-07 11:30:59	 116522	 1211	-87	96	 258.75	 -2	-4 	0
2025-11-07 11:31:00	 116557	 1206	-158	96	 327.30	 3	-3 	0
2025-11-07 11:31:01	 116592	 1380	-270	96	 327.30	 2	-2 	0
2025-11-07 11:31:02	 116627	 1268	-198	96	 327.30	 -7	4 	0
2025-11-07 11:31:03	 116662	 1186	-141	96	 71.02	 -1	0 	0
2025-11-07 11:31:04	 116697	 1174	-33	96	 139.57	 -1	1 	0
2025-11-07 11:31:05	 116732	 1159	20	96	 109.69	 -2	5 	0
2025-11-07 11:31:06	 116782	 1141	111	96	 7.73	 3	0 	0
2025-11-07 11:31:09	 116892	 1262	105	96	 85.08	 -1	-5 	0
2025-11-07 11:31:10	 116927	 1252	17	96	 100.90	 -1	3 	0
2025-11-07 11:31:11	 116962	 1213	215	96	 67.50	 -1	2 	0
2025-11-07 11:31:12	 116997	 1252	239	96	 9.49	 4	0 	0
2025-11-07 11:31:13	 117032	 1169	218	96	 46.41	 -2	-1 	0
2025-11-07 11:31:14	 117070	 1150	215	96	 164.18	 -1	0 	0
2025-11-07 11:31:15	 117105	 1120	224	96	 92.11	 -1	0 	27
2025-11-07 11:31:17	 117157	 1227	239	96	 14.77	 5	0 	0
2025-11-07 11:31:18	 117192	 1449	239	96	 14.77	 6	0 	0
2025-11-07 11:31:19	 117227	 1596	250	96	 93.87	 0	2 	0
2025-11-07 11:31:20	 117262	 1584	343	96	 176.48	 -2	0 	0
2025-11-07 11:31:21	 117297	 1399	343	96	 176.48	 -8	0 	0
2025-11-07 11:31:22	 117332	 1194	345	96	 118.48	 -2	0 	0
2025-11-07 11:31:23	 117367	 1210	430	96	 78.05	 1	3 	0
2025-11-07 11:31:24	 117402	 1224	469	96	 188.79	 0	0 	0
2025-11-07 11:31:28	 117540	 1366	420	96	 339.61	 7	-3 	0
2025-11-07 11:31:29	 117577	 1583	408	96	 5.98	 -1	-1 	0
2025-11-07 11:31:30	 117612	 1502	400	96	 81.56	 -1	0 	0
2025-11-07 11:31:32	 117674	 1307	432	96	 164.18	 -8	2 	0
2025-11-07 11:31:33	 117709	 1168	419	96	 206.37	 0	-1 	0
2025-11-07 11:31:34	 117768	 1168	391	96	 257.34	 -1	-5 	0
2025-11-07 11:31:35	 117803	 1143	322	96	 171.21	 -5	0 	0
2025-11-07 11:31:36	 117838	 1053	333	96	 67.50	 -1	0 	0
2025-11-07 11:31:37	 117874	 1126	339	96	 4.22	 6	0 	28
2025-11-07 11:31:38	 117909	 1398	304	96	 336.09	 7	-3 	0
2025-11-07 11:31:39	 117944	 1506	296	96	 292.15	 1	-1 	0
2025-11-07 11:31:40	 117979	 1526	200	96	 197.23	 -4	-1 	0
2025-11-07 11:31:41	 118014	 1369	227	96	 216.56	 -2	0 	0
2025-11-07 11:31:43	 118075	 1351	227	96	 213.05	 -3	-2 	0
2025-11-07 11:31:44	 118110	 1199	189	96	 234.14	 -3	-1 	0
2025-11-07 11:31:45	 118145	 1168	140	96	 274.57	 0	-1 	0
2025-11-07 11:31:46	 118180	 1256	-38	96	 299.18	 3	-8 	0
2025-11-07 11:31:47	 118215	 1327	-165	96	 346.64	 0	-1 	0
2025-11-07 11:31:48	 118265	 1305	-133	96	 123.75	 -4	5 	0
2025-11-07 11:31:49	 118300	 1256	-27	96	 51.68	 2	3 	0
2025-11-07 11:31:50	 118335	 1362	111	96	 18.28	 0	0 	0
2025-11-07 11:31:52	 118375	 1525	51	96	 341.37	 7	-3 	0
2025-11-07 11:31:53	 118410	 1680	61	96	 34.10	 6	3 	0
2025-11-07 11:31:54	 118445	 1790	111	96	 300.94	 0	0 	0
2025-11-07 11:31:55	 118491	 1733	95	96	 195.47	 -7	-2 	0
2025-11-07 11:31:56	 118526	 1470	22	96	 195.47	 -8	-3 	0
2025-11-07 11:31:57	 118561	 1194	-26	96	 169.10	 -9	0 	0
2025-11-07 11:31:58	 118596	 1040	-5	96	 234.14	 -1	0 	0
2025-11-07 11:31:59	 118645	 1066	2	96	 11.25	 5	1 	0
2025-11-07 11:32:00	 118680	 1190	-24	96	 309.73	 4	-5 	0
2025-11-07 11:32:01	 118715	 1271	-117	96	 39.38	 0	-1 	0
2025-11-07 11:32:02	 118750	 1333	0	96	 63.98	 3	6 	0
2025-11-07 11:32:03	 118785	 1418	111	96	 4.22	 1	0 	0
2025-11-07 11:32:05	 118830	 1430	101	96	 278.09	 0	-4 	0
2025-11-07 11:32:06	 118865	 1458	-48	96	 278.09	 0	0 	0
2025-11-07 11:32:07	 118906	 1527	-48	96	 0.70	 6	0 	0
2025-11-07 11:32:08	 118941	 1660	-46	96	 2.46	 -4	-1 	0
2025-11-07 11:32:09	 118976	 1653	17	96	 65.74	 2	6 	0
2025-11-07 11:32:10	 119011	 1709	111	96	 137.81	 0	0 	0
2025-11-07 11:32:11	 119046	 1592	104	96	 183.52	 -8	-1 	0
2025-11-07 11:32:12	 119081	 1359	95	96	 174.73	 -7	0 	0
2025-11-07 11:32:13	 119116	 1189	109	96	 201.09	 -1	0 	0
2025-11-07 11:32:14	 119162	 1169	100	96	 222.19	 -4	-3 	0
2025-11-07 11:32:15	 119197	 1130	64	96	 209.88	 -1	-1 	0
2025-11-07 11:32:24	 119526	 1130	22	96	 281.95	 0	-6 	0
2025-11-07 11:32:25	 119561	 1229	-98	96	 332.93	 3	-3 	0
2025-11-07 11:32:26	 119596	 1379	-132	96	 355.78	 1	-2 	0
2025-11-07 11:32:28	 119643	 1388	-150	96	 236.25	 -2	-3 	0
2025-11-07 11:32:29	 119678	 1311	-232	96	 143.09	 -2	-1 	0
2025-11-07 11:32:30	 119713	 1263	-95	96	 60.47	 -1	1 	0
2025-11-07 11:32:31	 119748	 1358	26	96	 2.46	 1	1 	0
2025-11-07 11:32:32	 119783	 1553	25	96	 355.43	 3	-1 	0
2025-11-07 11:32:33	 119818	 1441	34	96	 32.34	 -2	0 	0
2025-11-07 11:32:34	 119853	 1493	111	96	 93.87	 0	0 	0
2025-11-07 11:32:35	 119888	 1465	109	96	 185.27	 -6	-1 	0
2025-11-07 11:32:36	 119923	 1201	85	96	 185.27	 -9	-1 	0
2025-11-07 11:32:37	 119958	 1038	71	96	 113.20	 -2	1 	4
2025-11-07 11:32:38	 119993	 976	75	96	 185.27	 -7	-1 	4
2025-11-07 11:32:39	 120040	 976	66	96	 185.27	 -1	-1 	4
2025-11-07 11:32:40	 120075	 918	53	160	 185.27	 -4	-1 	0
2025-11-07 11:32:41	 120110	 871	30	160	 278.44	 0	-5 	0
2025-11-07 11:32:42	 120145	 885	-87	160	 223.95	 0	-1 	0
2025-11-07 11:32:45	 120234	 919	-64	160	 39.38	 4	3 	0
2025-11-07 11:32:46	 120269	 1025	31	96	 39.38	 1	1 	4
2025-11-07 11:32:47	 120304	 1176	72	96	 313.24	 6	-4 	0
2025-11-07 11:32:48	 120339	 1183	44	96	 355.43	 -7	0 	0
2025-11-07 11:32:49	 120374	 1063	52	96	 355.43	 -1	0 	0
2025-11-07 11:32:51	 120447	 1083	32	96	 318.52	 1	-2 	0
2025-11-07 11:32:53	 120507	 1060	79	96	 355.43	 2	-1 	0
2025-11-07 11:32:54	 120542	 1166	71	96	 46.41	 0	-1 	0
2025-11-07 11:32:55	 120577	 1195	127	96	 69.26	 0	0 	0
2025-11-07 11:32:56	 120616	 1210	127	96	 116.72	 -1	0 	0
2025-11-07 11:32:57	 120651	 1166	216	96	 104.41	 -1	1 	0
2025-11-07 11:32:59	 120717	 1158	230	96	 290.39	 0	-2 	0
2025-11-07 11:33:00	 120752	 1224	54	96	 306.21	 0	-3 	0
2025-11-07 11:33:01	 120787	 1261	25	96	 351.91	 5	-1 	0
2025-11-07 11:33:02	 120822	 1349	12	96	 351.91	 1	-1 	0
2025-11-07 11:33:03	 120870	 1365	9	96	 295.66	 0	-2 	0
2025-11-07 11:33:04	 120905	 1419	-48	96	 276.33	 0	0 	0
2025-11-07 11:33:05	 120955	 1483	-32	96	 16.52	 6	1 	0
2025-11-07 11:33:06	 120990	 1579	-4	96	 16.52	 -6	-2 	0
2025-11-07 11:33:07	 121025	 1506	-25	96	 16.52	 1	0 	0
2025-11-07 11:33:08	 121060	 1715	37	96	 16.52	 7	2 	0
2025-11-07 11:33:09	 121095	 1839	84	96	 16.52	 0	1 	18
2025-11-07 11:33:10	 121130	 1839	104	96	 16.52	 0	0 	18
2025-11-07 11:33:14	 121262	 2034	71	160	 350.16	 7	-2 	0
2025-11-07 11:33:15	 121297	 2168	25	160	 295.66	 2	-5 	0
2025-11-07 11:33:16	 121332	 2335	-165	160	 332.58	 6	-5 	0
2025-11-07 11:33:17	 121367	 2550	-234	160	 318.52	 2	-1 	0
2025-11-07 11:33:18	 121402	 2689	-340	112	 271.05	 4	-7 	0
2025-11-07 11:33:19	 121437	 2735	-465	80	 279.84	 0	-3 	0
2025-11-07 11:33:20	 121472	 2735	-614	80	 316.76	 0	-2 	0
2025-11-07 11:33:21	 121507	 2735	-603	80	 16.52	 0	1 	0
2025-11-07 11:33:22	 121542	 2735	-574	80	 276.33	 0	0 	0
2025-11-07 11:33:23	 121581	 2729	-656	80	 204.26	 -1	-1 	0
2025-11-07 11:33:24	 121616	 2587	-655	80	 176.13	 -8	0 	0
2025-11-07 11:33:25	 121651	 2362	-642	80	 216.56	 -4	-2 	0
2025-11-07 11:33:26	 121686	 2300	-687	80	 264.02	 -1	-5 	0
2025-11-07 11:33:27	 121721	 2267	-815	80	 198.98	 -5	-3 	0
2025-11-07 11:33:28	 121756	 2256	-849	80	 133.95	 0	-1 	0
2025-11-07 11:33:31	 121861	 2309	-815	80	 7.38	 0	0 	0
2025-11-07 11:33:32	 121896	 2351	-860	80	 300.59	 0	-3 	0
2025-11-07 11:33:33	 121931	 2352	-996	80	 346.29	 1	-2 	0
2025-11-07 11:33:34	 121966	 2489	-1008	80	 9.14	 1	0 	0
2025-11-07 11:33:35	 122006	 2506	-1008	80	 95.27	 -1	0 	0
2025-11-07 11:33:36	 122041	 2489	-823	88	 72.42	 -1	2 	0
2025-11-07 11:33:37	 122076	 2486	-794	88	 309.38	 -1	0 	0
2025-11-07 11:33:39	 122147	 2472	-931	80	 232.03	 0	-3 	0
2025-11-07 11:33:40	 122182	 2360	-962	80	 182.81	 -8	-1 	0
2025-11-07 11:33:41	 122217	 2173	-975	80	 182.81	 -3	-1 	22
2025-11-07 11:33:42	 122252	 2077	-981	88	 237.30	 -1	-1 	0
2025-11-07 11:33:44	 122305	 2074	-994	88	 297.07	 1	-4 	0
2025-11-07 11:33:45	 122340	 2154	-1141	88	 358.59	 3	-2 	0
2025-11-07 11:33:46	 122375	 2337	-1152	88	 358.59	 7	-1 	0
2025-11-07 11:33:47	 122410	 2588	-1152	88	 342.77	 3	0 	0
2025-11-07 11:33:48	 122445	 2622	-1152	88	 219.73	 0	0 	0
2025-11-07 11:33:49	 122488	 2474	-1100	88	 166.99	 -8	2 	0
2025-11-07 11:33:50	 122523	 2191	-1069	88	 177.54	 -9	0 	0
2025-11-07 11:33:51	 122558	 2003	-941	88	 61.52	 1	6 	0
2025-11-07 11:33:52	 122593	 2076	-807	88	 135.35	 0	0 	0
2025-11-07 11:33:53	 122628	 1919	-770	88	 186.33	 -8	0 	0
2025-11-07 11:33:54	 122663	 1730	-781	88	 121.29	 -2	-1 	0
2025-11-07 11:33:55	 122704	 1730	-784	88	 337.15	 3	-1 	0
2025-11-07 11:33:56	 122739	 1951	-848	88	 358.24	 7	-1 	0
2025-11-07 11:33:57	 122774	 2139	-920	88	 352.97	 1	-2 	0
2025-11-07 11:33:58	 122809	 2238	-938	80	 12.30	 3	-1 	0
2025-11-07 11:33:59	 122844	 2313	-846	80	 80.86	 2	5 	0
2025-11-07 11:34:00	 122879	 2266	-682	80	 130.08	 -4	5 	0
2025-11-07 11:34:01	 122914	 2098	-644	80	 193.36	 -8	-3 	0
2025-11-07 11:34:02	 122949	 1830	-664	96	 149.41	 -5	-1 	0
2025-11-07 11:34:03	 122984	 1796	-575	96	 82.62	 0	7 	0
2025-11-07 11:34:04	 123019	 1807	-399	96	 82.62	 0	1 	12
2025-11-07 11:34:05	 123054	 1809	-311	96	 165.23	 0	0 	0
2025-11-07 11:34:07	 123117	 1805	-357	96	 265.43	 -1	-7 	0
2025-11-07 11:34:08	 123152	 1785	-619	96	 277.73	 -1	-6 	0
2025-11-07 11:34:09	 123187	 1831	-670	96	 2.11	 6	0 	0
2025-11-07 11:34:10	 123222	 2104	-662	80	 2.11	 8	0 	0
2025-11-07 11:34:11	 123257	 2271	-655	80	 56.60	 0	0 	0
2025-11-07 11:34:13	 123319	 2275	-682	80	 263.67	 -1	-6 	0
2025-11-07 11:34:14	 123354	 2256	-890	80	 247.85	 -1	-5 	0
2025-11-07 11:34:16	 123422	 2208	-1008	80	 168.75	 4	-1 	0
2025-11-07 11:34:17	 123457	 2369	-1008	80	 168.75	 5	-1 	0
2025-11-07 11:34:18	 123492	 2585	-1008	80	 168.75	 6	-1 	0
2025-11-07 11:34:20	 123554	 2735	-994	80	 61.52	 0	3 	0
2025-11-07 11:34:21	 123589	 2727	-831	80	 112.50	 -2	6 	0
2025-11-07 11:34:22	 123624	 2639	-620	80	 177.54	 -2	1 	0
2025-11-07 11:34:23	 123659	 2549	-687	80	 193.36	 -7	-5 	0
2025-11-07 11:34:24	 123694	 2391	-593	80	 140.62	 -1	0 	0
2025-11-07 11:34:25	 123729	 2261	-532	80	 140.62	 -6	5 	0
2025-11-07 11:34:26	 123766	 2192	-496	80	 226.76	 0	0 	0
2025-11-07 11:34:27	 123801	 2257	-465	80	 305.86	 0	0 	0
2025-11-07 11:34:28	 123836	 2351	-561	80	 275.98	 0	-4 	0
2025-11-07 11:34:29	 123871	 2351	-689	80	 235.55	 -3	-2 	0
2025-11-07 11:34:30	 123906	 2323	-898	80	 235.55	 -2	-8 	0
2025-11-07 11:34:31	 123941	 2297	-989	80	 112.50	 -1	-1 	0
2025-11-07 11:34:32	 123989	 2380	-994	80	 356.48	 7	-1 	0
2025-11-07 11:34:33	 124024	 2645	-959	80	 40.43	 6	4 	0
2025-11-07 11:34:34	 124059	 2726	-798	80	 86.13	 -1	3 	0
2025-11-07 11:34:35	 124094	 2721	-764	80	 93.16	 -1	2 	0
2025-11-07 11:34:36	 124129	 2716	-663	80	 10.55	 -1	0 	0
2025-11-07 11:34:37	 124173	 2735	-659	80	 0.00	 0	0 	0
2025-11-07 11:34:39	 124221	 2618	-659	80	 0.00	 -2	-1 	0
2025-11-07 11:34:40	 124256	 2735	-659	80	 0.00	 0	0 	0
2025-11-07 11:34:45	 124460	 2735	-659	80	 0.00	 0	0 	0
2025-11-07 11:34:46	 124495	 2724	-647	80	 33.40	 -4	-2 	0
2025-11-07 11:34:47	 124530	 2735	-626	80	 77.34	 0	0 	0
2025-11-07 11:34:48	 124565	 2731	-429	80	 91.41	 -1	8 	0
2025-11-07 11:34:49	 124600	 2647	-203	144	 128.32	 -3	2 	0
2025-11-07 11:34:51	 124639	 2551	-151	160	 154.69	 -3	0 	0
2025-11-07 11:34:52	 124674	 2472	-143	160	 131.84	 -5	1 	0
2025-11-07 11:34:53	 124709	 2372	-62	160	 66.80	 -1	0 	0
2025-11-07 11:34:54	 124744	 2453	78	184	 86.13	 1	5 	0
2025-11-07 11:34:55	 124779	 2479	111	184	 86.13	 0	0 	0
2025-11-07 11:34:56	 124814	 2439	111	184	 161.72	 -6	2 	0
2025-11-07 11:34:57	 124849	 2187	197	160	 161.72	 -8	2 	0
2025-11-07 11:34:58	 124884	 2053	241	160	 186.33	 -1	0 	0
2025-11-07 11:35:00	 124957	 2009	261	160	 154.69	 -6	2 	0
2025-11-07 11:35:01	 124992	 1895	315	160	 75.59	 -1	0 	0
2025-11-07 11:35:02	 125027	 1978	335	160	 40.43	 3	0 	0
2025-11-07 11:35:03	 125062	 2016	335	160	 154.69	 0	0 	0
2025-11-07 11:35:04	 125106	 1902	239	160	 198.63	 -6	-5 	0
2025-11-07 11:35:05	 125141	 1872	208	160	 89.65	 0	2 	0
2025-11-07 11:35:06	 125176	 1872	232	160	 31.64	 0	0 	0
2025-11-07 11:35:07	 125217	 2060	211	160	 352.97	 7	-1 	0
2025-11-07 11:35:08	 125252	 2346	175	160	 352.97	 8	-2 	0
2025-11-07 11:35:09	 125287	 2431	157	160	 277.38	 0	-1 	0
2025-11-07 11:35:10	 125322	 2360	92	160	 221.13	 -6	-5 	0
2025-11-07 11:35:11	 125357	 2218	-54	160	 221.13	 -1	-2 	0
2025-11-07 11:35:14	 125455	 2200	-61	160	 157.85	 -4	1 	0
2025-11-07 11:35:15	 125490	 1971	19	160	 180.70	 -8	1 	0
2025-11-07 11:35:16	 125525	 1730	30	106	 180.70	 -5	0 	0
2025-11-07 11:35:17	 125560	 1640	30	96	 180.70	 -6	-1 	0
2025-11-07 11:35:18	 125595	 1555	29	96	 180.70	 -1	-1 	0
2025-11-07 11:35:19	 125630	 1456	27	96	 180.70	 -2	-1 	0
2025-11-07 11:35:20	 125665	 1355	26	96	 180.70	 -3	-1 	0
2025-11-07 11:35:21	 125700	 1328	26	96	 136.76	 -1	-1 	0
2025-11-07 11:35:22	 125736	 1261	88	96	 127.97	 -1	0 	0
2025-11-07 11:35:24	 125811	 1218	180	96	 103.36	 -1	4 	0
2025-11-07 11:35:25	 125846	 1209	224	96	 22.50	 -1	0 	0
2025-11-07 11:35:26	 125881	 1351	211	96	 354.38	 7	-1 	0
2025-11-07 11:35:27	 125916	 1572	210	96	 73.48	 1	0 	0
2025-11-07 11:35:28	 125951	 1591	213	96	 184.22	 0	0 	0
2025-11-07 11:35:29	 125989	 1447	202	96	 177.19	 -8	0 	0
2025-11-07 11:35:30	 126024	 1210	192	96	 215.86	 -7	-3 	0
2025-11-07 11:35:32	 126076	 1162	51	96	 258.05	 -1	-5 	0
2025-11-07 11:35:33	 126111	 1156	4	96	 301.99	 -1	-1 	0
2025-11-07 11:35:34	 126146	 1233	-122	96	 314.30	 1	-3 	0
2025-11-07 11:35:35	 126181	 1248	-146	96	 77.34	 0	-1 	0
2025-11-07 11:35:36	 126229	 1340	-287	96	 98.44	 5	-6 	0
2025-11-07 11:35:37	 126264	 1403	-348	96	 98.44	 1	-3 	8
2025-11-07 11:35:38	 126299	 1463	-368	96	 54.49	 0	0 	0
2025-11-07 11:35:41	 126392	 1444	-266	96	 101.95	 -2	7 	8
2025-11-07 11:35:42	 126427	 1316	-67	96	 101.95	 -6	6 	0
2025-11-07 11:35:43	 126462	 1250	64	96	 61.52	 -1	0 	0
2025-11-07 11:35:44	 126514	 1292	64	96	 352.97	 5	-1 	0
2025-11-07 11:35:45	 126549	 1550	32	96	 352.97	 8	-1 	0
2025-11-07 11:35:46	 126584	 1788	3	96	 352.97	 2	-1 	0
2025-11-07 11:35:47	 126619	 1839	-7	96	 352.97	 0	-1 	18
2025-11-07 11:35:50	 126726	 1996	-27	160	 352.97	 7	-1 	0
2025-11-07 11:35:51	 126761	 2004	-28	160	 352.97	 -7	0 	0
2025-11-07 11:35:52	 126796	 1729	6	140	 352.97	 -9	1 	0
2025-11-07 11:35:53	 126831	 1476	37	96	 326.60	 -3	0 	0
2025-11-07 11:35:54	 126866	 1444	10	96	 203.55	 -1	-2 	0
2025-11-07 11:35:55	 126901	 1276	-20	96	 185.98	 -8	-1 	0
2025-11-07 11:35:56	 126936	 1099	-18	96	 170.16	 -8	0 	0
2025-11-07 11:35:57	 126971	 976	16	96	 154.34	 0	0 	4
2025-11-07 11:35:59	 127021	 976	58	96	 154.34	 -1	2 	4
2025-11-07 11:36:00	 127082	 922	105	160	 149.06	 -3	1 	0
2025-11-07 11:36:01	 127117	 894	119	160	 55.90	 -1	0 	0
2025-11-07 11:36:42	 128529	 881	39	160	 261.21	 -2	-8 	0
2025-11-07 11:36:43	 128564	 911	88	160	 206.72	 3	4 	0
2025-11-07 11:36:44	 128599	 921	149	160	 153.98	 -1	0 	0
2025-11-07 11:36:45	 128634	 985	150	160	 176.84	 6	-1 	0
2025-11-07 11:36:46	 128669	 834	158	160	 176.84	 -8	0 	0
2025-11-07 11:36:47	 128704	 549	138	160	 192.66	 -9	-2 	0
2025-11-07 11:36:48	 128739	 434	114	160	 124.10	 -1	-1 	0
2025-11-07 11:36:49	 128790	 452	152	160	 55.55	 1	1 	0
2025-11-07 11:36:50	 128825	 471	170	160	 2.81	 0	0 	0
2025-11-07 11:36:51	 128862	 464	171	160	 2.81	 -1	0 	0
2025-11-07 11:36:53	 128913	 513	165	160	 23.91	 1	-1 	0
2025-11-07 11:36:54	 128948	 589	223	96	 55.55	 1	0 	3
2025-11-07 11:36:55	 128983	 608	223	96	 110.04	 0	0 	3
2025-11-07 11:36:56	 129021	 557	359	96	 76.64	 -1	0 	0
2025-11-07 11:36:57	 129064	 655	359	96	 1.05	 2	0 	0
2025-11-07 11:36:58	 129099	 678	359	96	 248.55	 0	0 	0
2025-11-07 11:37:00	 129185	 658	359	96	 172.97	 -4	0 	0
2025-11-07 11:37:02	 129256	 546	319	96	 294.26	 2	-6 	0
2025-11-07 11:37:03	 129291	 601	249	96	 294.26	 0	-1 	0
2025-11-07 11:37:04	 129326	 632	192	96	 294.26	 0	0 	3
2025-11-07 11:37:06	 129381	 673	192	128	 294.26	 0	0 	3
2025-11-07 11:37:07	 129422	 691	155	160	 296.02	 2	-6 	0
2025-11-07 11:37:08	 129457	 800	35	160	 15.12	 5	0 	0
2025-11-07 11:37:09	 129492	 1023	42	96	 355.78	 0	-1 	4
2025-11-07 11:37:10	 129528	 1128	33	96	 355.78	 4	-1 	0
2025-11-07 11:37:11	 129563	 1262	23	96	 322.38	 1	-1 	0
2025-11-07 11:37:12	 129598	 1300	-11	96	 303.05	 2	-4 	0
2025-11-07 11:37:13	 129633	 1367	-44	96	 6.33	 6	0 	0
2025-11-07 11:37:14	 129668	 1484	-18	96	 36.21	 1	0 	0
2025-11-07 11:37:15	 129703	 1538	11	96	 23.91	 0	0 	0
2025-11-07 11:37:16	 129738	 1690	-14	96	 348.75	 7	-2 	0
2025-11-07 11:37:17	 129773	 1839	-36	96	 8.09	 0	0 	18
2025-11-07 11:37:19	 129845	 1839	-26	96	 8.09	 0	0 	18
2025-11-07 11:37:20	 129880	 1847	-20	160	 8.09	 0	0 	18
2025-11-07 11:37:21	 129915	 2058	10	160	 359.30	 6	0 	0
2025-11-07 11:37:22	 129950	 2269	-64	160	 315.35	 6	-5 	0
2025-11-07 11:37:23	 129985	 2513	-207	160	 341.72	 7	-3 	0
2025-11-07 11:37:24	 130020	 2650	-311	126	 276.68	 3	-6 	0
2025-11-07 11:37:25	 130055	 2695	-533	80	 260.86	 -1	-3 	0
2025-11-07 11:37:26	 130090	 2687	-606	80	 241.52	 -1	-1 	0
2025-11-07 11:37:28	 130138	 2617	-654	80	 211.64	 -6	-4 	0
2025-11-07 11:37:29	 130173	 2435	-671	80	 171.21	 -8	2 	0
2025-11-07 11:37:30	 130208	 2256	-700	80	 260.86	 0	-1 	0
2025-11-07 11:37:31	 130243	 2274	-857	80	 311.84	 3	-6 	0
2025-11-07 11:37:32	 130278	 2455	-1005	80	 27.42	 6	1 	0
2025-11-07 11:37:33	 130313	 2639	-913	80	 350.51	 5	-1 	0
2025-11-07 11:37:34	 130348	 2735	-840	80	 106.52	 -1	5 	0
2025-11-07 11:37:35	 130383	 2677	-595	80	 52.03	 1	7 	0
2025-11-07 11:37:36	 130418	 2727	-381	96	 110.04	 -2	6 	0
2025-11-07 11:37:37	 130453	 2663	-217	144	 143.44	 -1	0 	0
2025-11-07 11:37:38	 130488	 2458	-165	160	 171.56	 -8	1 	0
2025-11-07 11:37:39	 130523	 2200	-81	160	 185.62	 -4	1 	0
2025-11-07 11:37:40	 130558	 2115	-121	160	 211.99	 -3	-3 	0
2025-11-07 11:37:41	 130593	 2078	-141	160	 175.08	 -1	-1 	0
2025-11-07 11:40:03	 135566	 2005	-136	160	 175.08	 -7	0 	0
2025-11-07 11:40:04	 135601	 1871	-46	160	 94.22	 -1	4 	0
2025-11-07 11:40:05	 135636	 1974	165	160	 18.63	 6	4 	0
2025-11-07 11:40:06	 135671	 2185	206	160	 301.29	 1	0 	0
2025-11-07 11:40:07	 135706	 2158	154	160	 218.67	 -5	-5 	0
2025-11-07 11:40:08	 135741	 1913	45	160	 194.06	 -8	-3 	0
2025-11-07 11:40:09	 135776	 1645	-18	96	 178.24	 -5	-1 	0
2025-11-07 11:40:10	 135811	 1547	-26	96	 178.24	 -1	-1 	0
2025-11-07 11:40:11	 135865	 1485	-24	96	 178.24	 -4	0 	0
2025-11-07 11:40:12	 135900	 1354	-20	96	 162.42	 -5	0 	0
2025-11-07 11:40:13	 135935	 1319	47	96	 58.71	 2	5 	0
2025-11-07 11:40:14	 135970	 1396	98	96	 341.37	 5	-2 	0
2025-11-07 11:40:15	 136005	 1656	36	96	 353.67	 8	-2 	0
2025-11-07 11:40:16	 136040	 1839	9	96	 353.67	 0	-1 	18
2025-11-07 11:40:17	 136080	 1839	4	96	 4.22	 0	0 	18
2025-11-07 11:40:19	 136121	 1839	30	96	 14.77	 0	0 	18
2025-11-07 11:40:20	 136158	 1862	35	160	 351.91	 4	-1 	0
2025-11-07 11:40:21	 136193	 1967	20	160	 351.91	 -5	0 	0
2025-11-07 11:40:22	 136228	 1712	56	125	 351.91	 -9	1 	0
2025-11-07 11:40:23	 136263	 1508	85	96	 304.45	 -2	0 	0
2025-11-07 11:40:24	 136298	 1470	58	96	 227.11	 -4	-5 	0
2025-11-07 11:40:25	 136333	 1298	-40	96	 140.98	 -6	2 	0
2025-11-07 11:40:26	 136368	 1223	127	96	 46.05	 0	0 	0
2025-11-07 11:40:27	 136416	 1234	113	96	 93.52	 0	-5 	0
2025-11-07 11:40:28	 136451	 1243	31	96	 0.35	 2	-1 	0
2025-11-07 11:40:29	 136486	 1477	30	96	 0.35	 8	0 	0
2025-11-07 11:40:30	 136521	 1767	32	96	 0.35	 8	0 	0
2025-11-07 11:40:32	 136591	 1839	37	96	 7.38	 0	0 	18
2025-11-07 11:40:33	 136626	 1839	51	96	 344.53	 0	0 	18
2025-11-07 11:40:34	 136663	 1903	30	160	 344.53	 -4	1 	0
2025-11-07 11:40:35	 136698	 1668	95	96	 344.53	 -9	2 	0
2025-11-07 11:40:36	 136733	 1586	111	96	 237.30	 -1	0 	0
2025-11-07 11:40:37	 136773	 1459	94	96	 188.09	 -8	-2 	0
2025-11-07 11:40:38	 136808	 1258	46	96	 258.40	 -2	-2 	0
2025-11-07 11:40:39	 136843	 1297	-70	96	 307.62	 4	-6 	0
2025-11-07 11:40:40	 136878	 1345	-98	96	 256.64	 -1	1 	0
2025-11-07 11:40:41	 136913	 1306	-40	96	 170.51	 -1	0 	0
2025-11-07 11:40:42	 136948	 1213	9	96	 151.17	 -5	2 	0
2025-11-07 11:40:43	 136983	 1165	34	96	 149.41	 -1	0 	0
2025-11-07 11:40:44	 137018	 1087	73	96	 214.45	 -1	0 	0
2025-11-07 11:40:45	 137053	 976	-16	96	 214.45	 -1	-1 	4
2025-11-07 11:40:49	 137174	 839	-158	184	 246.09	 -4	-7 	0
2025-11-07 11:40:50	 137209	 740	-173	184	 193.36	 -1	-1 	0
2025-11-07 11:40:51	 137263	 731	-188	184	 268.95	 -1	-5 	0
2025-11-07 11:40:52	 137298	 730	-247	179	 349.80	 -1	-1 	0
2025-11-07 11:40:53	 137333	 891	-275	160	 325.20	 3	-1 	0
2025-11-07 11:40:54	 137368	 926	-281	160	 3.87	 0	-1 	0
2025-11-07 11:40:56	 137431	 912	-272	160	 321.68	 -1	0 	0
2025-11-07 11:40:58	 137487	 1060	-344	160	 333.98	 7	-4 	0
2025-11-07 11:40:59	 137522	 1135	-416	160	 267.19	 -1	-1 	0
2025-11-07 11:41:00	 137585	 1007	-383	160	 205.66	 -2	0 	0
2025-11-07 11:41:01	 137620	 972	-410	160	 237.30	 -1	-1 	0
2025-11-07 11:41:02	 137655	 991	-432	160	 293.55	 2	-1 	0
2025-11-07 11:41:05	 137733	 883	-371	160	 142.38	 -6	3 	0
2025-11-07 11:41:06	 137768	 820	-248	160	 172.27	 -2	2 	0
2025-11-07 11:41:07	 137803	 744	-262	160	 214.45	 -2	-1 	0
2025-11-07 11:41:08	 137838	 687	-300	184	 214.45	 -1	-1 	0
2025-11-07 11:41:09	 137873	 589	-335	96	 198.63	 -7	-3 	0
2025-11-07 11:41:10	 137908	 390	-403	96	 221.48	 -2	-1 	0
2025-11-07 11:41:11	 137943	 328	-448	96	 216.21	 -1	0 	0
2025-11-07 11:41:12	 137978	 285	-448	96	 233.79	 -1	0 	0
2025-11-07 11:41:13	 138031	 273	-448	96	 274.22	 0	-1 	0
2025-11-07 11:41:14	 138066	 284	-448	96	 274.22	 0	0 	0
2025-11-07 11:41:16	 138119	 291	-496	96	 274.22	 0	0 	8
2025-11-07 11:41:17	 138164	 297	-496	96	 274.22	 0	-1 	8
2025-11-07 11:41:18	 138199	 304	-507	184	 274.22	 0	-4 	8
2025-11-07 11:41:19	 138234	 310	-575	184	 346.29	 0	-1 	0
2025-11-07 11:41:24	 138415	 372	-569	184	 9.14	 6	1 	0
2025-11-07 11:41:25	 138450	 472	-554	184	 258.40	 0	0 	0
2025-11-07 11:41:27	 138509	 405	-560	184	 184.57	 -7	-1 	0
2025-11-07 11:41:28	 138544	 304	-568	184	 144.14	 -1	-1 	0
2025-11-07 11:41:29	 138579	 217	-570	184	 181.05	 -8	-1 	0
2025-11-07 11:41:30	 138614	 -32	-562	184	 119.53	 -4	0 	0
2025-11-07 11:41:31	 138649	 -76	-489	184	 107.23	 -2	0 	0
2025-11-07 11:41:32	 138684	 -78	-338	208	 117.77	 0	1 	0
2025-11-07 11:41:33	 138719	 -87	-316	203	 174.02	 -3	0 	0
2025-11-07 11:41:34	 138768	 -176	-304	184	 87.89	 0	0 	0
2025-11-07 11:41:35	 138803	 -173	-210	208	 36.91	 0	0 	0
2025-11-07 11:41:37	 138860	 -143	-221	208	 330.12	 1	-2 	0
2025-11-07 11:41:38	 138895	 -122	-234	184	 243.98	 0	-1 	0
2025-11-07 11:41:39	 138930	 -176	-367	184	 236.95	 -1	-5 	0
2025-11-07 11:41:40	 138965	 -176	-426	184	 347.70	 0	-1 	0
2025-11-07 11:41:42	 139035	 -152	-318	184	 77.34	 1	7 	0
2025-11-07 11:41:43	 139070	 -97	-105	96	 70.31	 0	0 	0
2025-11-07 11:41:44	 139105	 -50	-115	96	 344.18	 5	-2 	0
2025-11-07 11:41:45	 139140	 169	-248	96	 309.02	 5	-6 	0
2025-11-07 11:41:46	 139175	 230	-317	96	 200.04	 -2	-1 	0
2025-11-07 11:41:47	 139210	 196	-333	96	 314.30	 -1	-1 	0
2025-11-07 11:41:48	 139245	 344	-386	96	 5.27	 7	-2 	0
2025-11-07 11:41:49	 139280	 589	-342	96	 66.80	 2	1 	0
2025-11-07 11:41:50	 139315	 652	-162	96	 33.40	 0	2 	0
2025-11-07 11:41:51	 139350	 658	-136	96	 270.35	 0	0 	0
2025-11-07 11:41:52	 139390	 554	-285	96	 219.38	 -6	-7 	0
2025-11-07 11:41:53	 139425	 333	-445	96	 238.71	 -4	-3 	0
2025-11-07 11:41:54	 139460	 305	-448	96	 263.32	 -1	0 	0
2025-11-07 11:42:10	 140021	 197	-379	96	 101.60	 -2	3 	0
2025-11-07 11:42:11	 140056	 148	-159	96	 129.73	 -1	3 	0
2025-11-07 11:42:12	 140091	 17	-148	96	 252.77	 -5	-6 	0
2025-11-07 11:42:13	 140126	 67	-355	96	 337.15	 6	-4 	0
2025-11-07 11:42:14	 140161	 241	-432	96	 344.18	 2	0 	0
2025-11-07 11:42:15	 140196	 282	-445	96	 294.96	 2	-4 	0
2025-11-07 11:42:16	 140231	 309	-448	96	 294.96	 1	-1 	0
2025-11-07 11:42:17	 140266	 357	-448	96	 265.08	 0	0 	0
2025-11-07 11:42:19	 140329	 353	-496	96	 265.08	 -1	0 	8
2025-11-07 11:42:20	 140378	 345	-496	96	 265.08	 -1	0 	8
2025-11-07 11:42:22	 140423	 347	-496	184	 277.38	 0	0 	8
2025-11-07 11:42:23	 140458	 358	-565	184	 356.48	 0	-1 	0
2025-11-07 11:42:24	 140493	 485	-555	184	 7.03	 7	0 	0
2025-11-07 11:42:25	 140528	 656	-533	184	 40.43	 0	0 	0
2025-11-07 11:42:26	 140588	 677	-520	184	 43.95	 3	3 	0
2025-11-07 11:42:27	 140623	 745	-454	208	 52.73	 0	0 	0
2025-11-07 11:42:29	 140669	 761	-375	118	 61.52	 0	4 	0
2025-11-07 11:42:30	 140729	 776	-345	96	 189.84	 -2	-1 	0
2025-11-07 11:42:31	 140764	 563	-404	96	 174.02	 -8	-2 	0
2025-11-07 11:42:32	 140799	 284	-430	96	 239.06	 -6	-3 	0
2025-11-07 11:42:34	 140852	 321	-448	96	 302.34	 3	-1 	0
2025-11-07 11:42:35	 140887	 397	-448	96	 275.98	 0	0 	0
2025-11-07 11:42:36	 140922	 384	-448	96	 279.49	 -1	-1 	0
2025-11-07 11:42:37	 140957	 407	-448	96	 279.49	 0	0 	0
2025-11-07 11:42:38	 140992	 429	-448	96	 274.22	 0	0 	0
2025-11-07 11:42:39	 141034	 412	-448	96	 254.88	 -1	0 	0
2025-11-07 11:42:40	 141069	 398	-448	96	 261.91	 -1	-1 	0
2025-11-07 11:42:41	 141118	 389	-448	96	 270.70	 0	-1 	0
2025-11-07 11:42:46	 141266	 376	-496	112	 179.30	 -5	0 	8
2025-11-07 11:42:48	 141339	 286	-543	184	 286.52	 1	-6 	0
2025-11-07 11:42:49	 141374	 343	-649	184	 348.05	 5	-2 	0
2025-11-07 11:42:50	 141409	 513	-684	184	 39.02	 3	1 	0
2025-11-07 11:42:51	 141444	 705	-540	184	 40.78	 5	4 	0
2025-11-07 11:42:52	 141479	 753	-489	184	 114.61	 -2	0 	0
2025-11-07 11:42:55	 141577	 737	-488	208	 70.66	 0	1 	0
2025-11-07 11:42:56	 141633	 754	-413	194	 70.66	 0	4 	0
2025-11-07 11:42:57	 141668	 787	-345	96	 104.06	 0	0 	0
2025-11-07 11:42:58	 141707	 721	-353	96	 172.62	 -7	-1 	0
2025-11-07 11:42:59	 141742	 464	-276	96	 181.41	 -8	1 	0
2025-11-07 11:43:00	 141777	 347	-235	96	 98.79	 -2	4 	0
2025-11-07 11:43:02	 141823	 323	-77	96	 51.33	 1	2 	0
2025-11-07 11:43:03	 141858	 395	-17	96	 21.45	 3	0 	1
2025-11-07 11:43:05	 141928	 448	-10	160	 21.45	 2	0 	0
2025-11-07 11:43:06	 141963	 621	42	160	 3.87	 6	1 	0
2025-11-07 11:43:07	 141998	 804	-16	160	 291.80	 5	-6 	0
2025-11-07 11:43:08	 142034	 836	-48	160	 263.67	 -1	-1 	0
2025-11-07 11:43:09	 142069	 821	-48	160	 325.20	 -1	0 	0
2025-11-07 11:43:10	 142104	 925	-72	160	 274.22	 1	-1 	0
2025-11-07 11:43:11	 142139	 880	-102	160	 203.91	 -7	-3 	0
2025-11-07 11:43:12	 142174	 846	-156	184	 244.34	 -2	-5 	0
2025-11-07 11:43:13	 142209	 820	-168	184	 244.34	 -1	0 	0
2025-11-07 11:43:14	 142244	 785	-168	149	 244.34	 -1	0 	0
2025-11-07 11:43:15	 142279	 727	-168	96	 207.42	 -1	0 	0
2025-11-07 11:43:16	 142314	 668	-139	96	 195.12	 -2	0 	0
2025-11-07 11:43:17	 142349	 584	-236	96	 200.39	 -6	-5 	0
2025-11-07 11:43:18	 142384	 366	-240	96	 121.29	 -5	1 	0
2025-11-07 11:43:19	 142419	 381	-81	96	 68.55	 0	0 	0
2025-11-07 11:43:20	 142454	 401	-17	96	 54.49	 0	0 	1
2025-11-07 11:43:21	 142511	 431	-32	96	 351.21	 0	-1 	1
2025-11-07 11:43:22	 142546	 431	-57	96	 38.67	 0	-1 	1
2025-11-07 11:43:26	 142668	 446	12	160	 40.43	 0	1 	0
2025-11-07 11:43:27	 142703	 604	0	160	 324.84	 5	-5 	0
2025-11-07 11:43:28	 142738	 751	-67	184	 323.09	 0	-3 	0
2025-11-07 11:43:29	 142773	 751	-140	96	 338.91	 0	-1 	0
2025-11-07 11:43:30	 142808	 782	-159	96	 338.91	 5	-3 	0
2025-11-07 11:43:32	 142888	 680	-166	96	 205.31	 -8	-2 	0
2025-11-07 11:43:33	 142923	 441	-288	96	 157.85	 -8	-1 	0
2025-11-07 11:43:34	 142958	 288	-252	96	 61.17	 -1	0 	0
2025-11-07 11:43:35	 142993	 337	-240	96	 69.96	 1	1 	0
2025-11-07 11:43:36	 143028	 400	-81	96	 69.96	 1	0 	0
2025-11-07 11:43:40	 143163	 432	-16	160	 52.38	 0	1 	1
2025-11-07 11:43:41	 143198	 593	90	160	 352.62	 7	1 	0
2025-11-07 11:43:42	 143233	 840	17	160	 328.01	 4	-2 	0
2025-11-07 11:43:43	 143268	 872	-14	160	 240.12	 -2	-2 	0
2025-11-07 11:43:44	 143303	 866	-137	160	 273.52	 0	-8 	0
2025-11-07 11:43:46	 143364	 833	-168	184	 204.96	 -2	0 	0
2025-11-07 11:43:48	 143440	 817	-168	184	 241.88	 -1	-1 	0
2025-11-07 11:43:49	 143475	 719	-261	184	 250.66	 -3	-4 	0
2025-11-07 11:43:50	 143510	 695	-300	184	 326.25	 -1	-1 	0
2025-11-07 11:43:51	 143557	 838	-270	160	 11.95	 7	1 	0
2025-11-07 11:43:52	 143592	 934	-250	160	 11.95	 2	0 	0
2025-11-07 11:43:53	 143627	 981	-240	160	 11.95	 -6	-2 	0
2025-11-07 11:43:54	 143662	 830	-272	160	 11.95	 -1	-1 	0
2025-11-07 11:43:55	 143697	 938	-249	160	 11.95	 2	0 	0
2025-11-07 11:43:56	 143732	 966	-243	160	 18.98	 0	0 	0
2025-11-07 11:44:00	 143859	 950	-352	160	 284.06	 -1	-2 	0
2025-11-07 11:44:01	 143894	 994	-432	160	 278.79	 1	-1 	0
2025-11-07 11:44:03	 143966	 927	-432	160	 199.69	 -4	0 	0
2025-11-07 11:44:04	 144001	 887	-432	160	 305.16	 -1	0 	0
2025-11-07 11:44:05	 144036	 932	-432	160	 271.76	 0	-1 	0
2025-11-07 11:44:06	 144081	 942	-432	160	 8.44	 1	0 	0
2025-11-07 11:44:07	 144116	 1007	-416	160	 331.52	 0	0 	0
2025-11-07 11:44:08	 144151	 1067	-416	160	 252.42	 0	0 	0
2025-11-07 11:44:09	 144192	 1019	-395	160	 157.50	 -6	2 	0
2025-11-07 11:44:10	 144227	 927	-345	160	 108.28	 -1	0 	0
2025-11-07 11:44:12	 144294	 913	-360	160	 74.88	 -2	-5 	0
2025-11-07 11:44:13	 144329	 927	-308	160	 74.88	 1	6 	0
2025-11-07 11:44:14	 144364	 958	-225	160	 20.39	 0	0 	0
2025-11-07 11:44:17	 144451	 946	-118	160	 103.01	 -1	4 	0
2025-11-07 11:44:18	 144486	 953	-141	160	 103.01	 1	-7 	0
2025-11-07 11:44:21	 144603	 962	-159	160	 252.42	 -2	-6 	0
2025-11-07 11:44:27	 144810	 965	-59	160	 266.48	 0	3 	0
2025-11-07 11:44:28	 144845	 969	10	160	 266.48	 -1	-5 	4
2025-11-07 11:44:29	 144880	 955	-168	160	 266.48	 -1	0 	0
2025-11-07 11:44:31	 144970	 881	-168	160	 192.66	 -6	-1 	0
2025-11-07 11:44:32	 145005	 808	-168	184	 254.18	 -1	0 	0
2025-11-07 11:44:34	 145041	 780	-186	184	 254.18	 -2	-5 	0
2025-11-07 11:44:35	 145076	 731	-324	184	 262.97	 -1	-1 	0
2025-11-07 11:44:36	 145111	 743	-212	184	 296.37	 0	1 	0
2025-11-07 11:44:37	 145146	 817	-265	160	 326.25	 2	-3 	0
2025-11-07 11:44:38	 145193	 862	-264	160	 48.87	 3	4 	0
2025-11-07 11:44:39	 145228	 939	-225	160	 48.87	 -1	-1 	0
2025-11-07 11:44:40	 145263	 901	-272	160	 96.33	 -1	-1 	0
2025-11-07 11:44:41	 145307	 900	-283	160	 87.54	 0	-4 	0
2025-11-07 11:44:42	 145342	 947	-297	160	 31.29	 5	3 	0
2025-11-07 11:44:43	 145377	 1002	-307	160	 89.30	 0	-3 	0
2025-11-07 11:44:44	 145412	 1004	-259	160	 89.30	 0	4 	0
2025-11-07 11:44:46	 145491	 1004	-289	160	 89.30	 -1	-2 	0
2025-11-07 11:44:47	 145526	 1003	-350	160	 89.30	 -1	-1 	0
2025-11-07 11:44:54	 145750	 994	-378	160	 247.50	 -2	-5 	0
2025-11-07 11:44:56	 145820	 964	-419	160	 287.93	 -2	3 	0
2025-11-07 11:44:57	 145855	 951	-378	160	 287.93	 -1	0 	0
2025-11-07 11:45:22	 146721	 965	-236	160	 84.38	 0	7 	0
2025-11-07 11:45:23	 146756	 976	-225	160	 96.68	 0	0 	0
2025-11-07 11:45:24	 146802	 967	-135	160	 96.68	 -1	7 	0
2025-11-07 11:45:25	 146837	 953	143	160	 93.16	 0	8 	0
2025-11-07 11:45:26	 146872	 934	351	104	 96.68	 -1	0 	7
2025-11-07 11:45:28	 146952	 931	321	160	 96.68	 0	-4 	7
2025-11-07 11:45:29	 146987	 927	351	160	 96.68	 -1	0 	7
2025-11-07 11:45:34	 147152	 938	245	160	 96.68	 0	-3 	0
2025-11-07 11:45:35	 147187	 923	351	160	 96.68	 -1	0 	7
2025-11-07 11:45:39	 147329	 928	283	160	 96.68	 0	-7 	0
2025-11-07 11:45:40	 147364	 943	150	160	 80.86	 0	-1 	0
2025-11-07 11:45:41	 147399	 952	254	160	 89.65	 0	6 	0
2025-11-07 11:45:48	 147645	 939	255	160	 261.56	 -2	-8 	0
2025-11-07 11:45:49	 147680	 898	-23	160	 261.56	 -2	-9 	0
2025-11-07 11:45:50	 147715	 880	-139	160	 219.38	 -1	-1 	0
2025-11-07 11:45:52	 147779	 854	-157	160	 208.83	 -1	-1 	0
2025-11-07 11:45:53	 147814	 823	-168	184	 214.10	 -1	0 	0
2025-11-07 11:45:54	 147867	 756	-182	184	 215.86	 -6	-3 	0
2025-11-07 11:45:55	 147902	 699	-211	184	 282.66	 -1	-1 	0
2025-11-07 11:45:57	 147948	 775	-286	160	 338.91	 2	-3 	0
2025-11-07 11:45:58	 147983	 791	-277	160	 358.24	 0	1 	0
2025-11-07 11:45:59	 148028	 793	-264	160	 331.88	 1	-2 	0
2025-11-07 11:46:00	 148063	 891	-301	160	 26.37	 0	-1 	0
2025-11-07 11:46:01	 148098	 929	-225	160	 80.86	 1	0 	0
2025-11-07 11:46:02	 148133	 945	-210	160	 87.89	 0	4 	0
2025-11-07 11:46:03	 148168	 924	36	160	 84.38	 -1	8 	0
2025-11-07 11:46:04	 148203	 942	324	160	 84.38	 0	8 	7
2025-11-07 11:46:05	 148238	 956	351	160	 84.38	 0	0 	7
2025-11-07 11:46:06	 148273	 962	276	160	 84.38	 -1	-7 	0
2025-11-07 11:46:07	 148308	 967	351	160	 84.38	 0	0 	7
2025-11-07 11:46:08	 148348	 956	227	160	 93.16	 -1	-6 	0
2025-11-07 11:46:09	 148383	 951	171	160	 216.21	 -1	-1 	0
2025-11-07 11:46:10	 148418	 885	17	160	 247.85	 -3	-8 	0
2025-11-07 11:46:11	 148453	 848	-139	160	 247.85	 0	-1 	0
2025-11-07 11:46:12	 148488	 834	-168	184	 228.52	 -1	0 	0
2025-11-07 11:46:13	 148540	 797	-168	184	 247.85	 -1	0 	0
2025-11-07 11:46:14	 148575	 766	-209	184	 247.85	 -1	-2 	0
2025-11-07 11:46:15	 148610	 762	-225	184	 319.92	 1	-2 	0
2025-11-07 11:46:16	 148645	 885	-308	160	 318.16	 3	-3 	0
2025-11-07 11:46:17	 148680	 921	-331	160	 237.30	 0	-1 	0
2025-11-07 11:46:19	 148721	 946	-432	160	 316.41	 0	0 	0
2025-11-07 11:46:22	 148822	 960	-225	160	 86.48	 0	1 	0
2025-11-07 11:46:23	 148857	 957	-225	160	 144.49	 -6	0 	0
2025-11-07 11:46:24	 148892	 822	-225	160	 56.60	 -1	0 	0
2025-11-07 11:46:25	 148933	 841	-253	160	 311.13	 3	-5 	0
2025-11-07 11:46:26	 148968	 927	-352	160	 242.58	 0	-1 	0
2025-11-07 11:46:27	 149003	 946	-432	160	 244.34	 0	0 	0
2025-11-07 11:46:30	 149113	 957	-283	160	 86.13	 0	7 	0
2025-11-07 11:46:31	 149148	 973	-220	176	 86.13	 0	4 	0
2025-11-07 11:46:32	 149183	 956	221	160	 93.16	 -2	15 	0
2025-11-07 11:46:33	 149218	 922	427	104	 93.16	 -1	6 	0
2025-11-07 11:46:39	 149418	 825	461	104	 200.39	 -7	-3 	0
2025-11-07 11:46:40	 149453	 720	407	104	 172.27	 0	-1 	0
2025-11-07 11:46:42	 149539	 780	416	104	 9.14	 4	1 	0
2025-11-07 11:46:43	 149574	 834	409	104	 275.98	 0	-5 	0
2025-11-07 11:46:44	 149624	 845	427	104	 246.09	 1	4 	0
2025-11-07 11:46:45	 149659	 864	457	104	 246.09	 -2	-4 	0
2025-11-07 11:46:46	 149694	 838	395	112	 246.09	 -1	-2 	0
2025-11-07 11:46:49	 149796	 816	392	112	 268.95	 -1	-1 	0
2025-11-07 11:46:52	 149881	 817	494	104	 268.95	 0	7 	0
2025-11-07 11:46:55	 149978	 975	477	104	 353.32	 7	-1 	0
2025-11-07 11:46:58	 150095	 890	453	104	 189.84	 -3	-1 	0
2025-11-07 11:46:59	 150130	 861	448	104	 189.84	 -1	-1 	0
2025-11-07 11:47:25	 151047	 807	438	104	 261.91	 -1	-1 	0
2025-11-07 11:47:26	 151082	 817	397	112	 283.01	 1	-3 	0
2025-11-07 11:47:27	 151125	 822	411	104	 283.01	 -1	3 	0
2025-11-07 11:47:28	 151160	 856	457	104	 321.68	 5	-3 	0
2025-11-07 11:47:31	 151241	 931	305	160	 251.37	 -3	-6 	0
2025-11-07 11:47:32	 151276	 960	182	160	 305.86	 2	-4 	0
2025-11-07 11:47:33	 151311	 987	143	160	 305.86	 0	-1 	0
2025-11-07 11:49:01	 154391	 949	32	160	 302.34	 -1	-3 	0
2025-11-07 11:49:02	 154426	 1024	1	96	 355.08	 1	-1 	4
2025-11-07 11:49:03	 154461	 1233	-30	96	 311.13	 6	-4 	0
2025-11-07 11:49:04	 154496	 1368	-123	96	 318.16	 2	-3 	0
2025-11-07 11:49:05	 154531	 1524	-297	96	 355.08	 6	-4 	0
2025-11-07 11:49:06	 154566	 1771	-368	96	 293.55	 1	0 	0
2025-11-07 11:49:07	 154601	 1793	-539	96	 272.46	 0	-8 	0
2025-11-07 11:49:08	 154636	 1846	-655	96	 348.05	 6	-3 	0
2025-11-07 11:49:09	 154671	 1933	-664	96	 24.96	 4	2 	0
2025-11-07 11:49:10	 154706	 2184	-629	80	 348.05	 8	-2 	0
2025-11-07 11:49:11	 154741	 2402	-665	80	 286.52	 1	-1 	0
2025-11-07 11:49:12	 154776	 2381	-681	80	 198.63	 -6	-2 	0
2025-11-07 11:49:13	 154811	 2327	-750	80	 260.16	 -2	-7 	0
2025-11-07 11:49:14	 154846	 2220	-989	80	 200.39	 -7	-5 	0
2025-11-07 11:49:15	 154893	 2049	-1008	88	 186.33	 -5	0 	0
2025-11-07 11:49:16	 154928	 2000	-1006	88	 309.38	 -1	0 	0
2025-11-07 11:49:18	 154988	 2015	-1050	88	 33.75	 3	2 	0
2025-11-07 11:49:19	 155023	 2234	-927	80	 14.41	 7	2 	0
2025-11-07 11:49:20	 155058	 2351	-915	80	 330.47	 0	-3 	0
2025-11-07 11:49:21	 155093	 2472	-912	80	 17.93	 5	0 	0
2025-11-07 11:49:23	 155164	 2443	-938	80	 184.92	 -6	-3 	0
2025-11-07 11:49:24	 155199	 2282	-857	80	 81.21	 -3	6 	0
2025-11-07 11:49:25	 155234	 2330	-654	80	 111.09	 -1	5 	0
2025-11-07 11:49:26	 155269	 2263	-406	80	 86.48	 -2	5 	0
2025-11-07 11:49:28	 155342	 2273	-542	80	 274.22	 0	-8 	0
2025-11-07 11:49:29	 155377	 2284	-708	80	 188.09	 0	-1 	0
2025-11-07 11:49:30	 155412	 2219	-664	80	 182.81	 -6	1 	0
2025-11-07 11:49:31	 155447	 1958	-645	96	 135.35	 -8	2 	0
2025-11-07 11:49:32	 155482	 1852	-588	96	 79.10	 -1	1 	0
2025-11-07 11:49:33	 155517	 1794	-482	96	 94.92	 -1	5 	0
2025-11-07 11:49:34	 155552	 1778	-321	96	 159.96	 -1	0 	0
2025-11-07 11:49:35	 155587	 1616	-274	96	 193.36	 -7	-1 	0
2025-11-07 11:49:36	 155622	 1359	-276	96	 138.87	 -7	3 	0
2025-11-07 11:49:37	 155657	 1196	-145	96	 63.28	 0	3 	0
2025-11-07 11:49:38	 155692	 1290	74	96	 63.28	 3	6 	0
2025-11-07 11:49:39	 155744	 1289	111	96	 163.48	 -5	0 	0
2025-11-07 11:49:40	 155779	 1208	114	96	 84.38	 -1	0 	0
2025-11-07 11:49:41	 155814	 1215	217	96	 72.07	 0	1 	0
2025-11-07 11:49:42	 155849	 1173	94	96	 72.07	 -2	-6 	0
2025-11-07 11:49:43	 155884	 1152	29	96	 72.07	 1	3 	0
2025-11-07 11:49:44	 155919	 1213	216	96	 24.61	 0	2 	0
2025-11-07 11:49:45	 155954	 1402	231	96	 356.48	 7	-1 	0
2025-11-07 11:49:46	 155989	 1599	225	96	 79.10	 1	-1 	0
2025-11-07 11:49:47	 156024	 1558	305	96	 165.23	 -2	1 	0
2025-11-07 11:49:48	 156059	 1370	303	96	 186.33	 -8	-1 	0
2025-11-07 11:49:49	 156094	 1279	305	96	 114.26	 -2	3 	0
2025-11-07 11:49:50	 156129	 1244	425	96	 42.19	 3	3 	0
2025-11-07 11:49:51	 156164	 1402	487	96	 333.63	 6	-3 	0
2025-11-07 11:49:54	 156244	 1623	450	120	 3.52	 0	0 	0
2025-11-07 11:49:56	 156332	 1671	453	120	 173.67	 0	-1 	0
2025-11-07 11:49:57	 156377	 1628	453	120	 173.67	 -6	0 	0
2025-11-07 11:49:58	 156412	 1421	471	96	 221.13	 -4	-2 	0
2025-11-07 11:49:59	 156447	 1258	398	96	 228.16	 -6	-2 	0
2025-11-07 11:50:00	 156482	 1225	296	96	 351.21	 4	-1 	0
2025-11-07 11:50:01	 156517	 1448	296	96	 351.21	 7	-1 	0
2025-11-07 11:50:02	 156552	 1576	296	96	 247.50	 0	0 	0
2025-11-07 11:50:03	 156587	 1515	234	96	 189.49	 -3	-3 	0
2025-11-07 11:50:04	 156622	 1328	239	96	 198.28	 -7	-1 	0
2025-11-07 11:50:05	 156657	 1235	217	96	 303.75	 0	-1 	0
2025-11-07 11:50:06	 156692	 1250	55	96	 258.05	 -2	-8 	0
2025-11-07 11:50:07	 156727	 1278	-207	96	 284.41	 1	-5 	0
2025-11-07 11:50:08	 156762	 1294	-242	96	 164.88	 0	-1 	0
2025-11-07 11:50:10	 156803	 1197	-150	96	 140.27	 -3	2 	0
2025-11-07 11:50:12	 156874	 1088	-39	96	 108.63	 -1	3 	0
2025-11-07 11:50:13	 156909	 1066	71	96	 173.67	 -3	0 	0
2025-11-07 11:50:14	 156944	 980	79	96	 173.67	 -1	0 	4
2025-11-07 11:50:16	 157032	 934	84	160	 173.67	 -3	0 	0
2025-11-07 11:50:17	 157067	 992	78	155	 173.67	 6	-1 	4
2025-11-07 11:50:18	 157108	 1099	64	96	 173.67	 6	-1 	0
2025-11-07 11:50:19	 157143	 1256	47	96	 94.57	 0	-1 	0
2025-11-07 11:50:21	 157191	 1259	68	96	 99.84	 -1	4 	0
2025-11-07 11:50:22	 157240	 1258	66	96	 80.51	 0	-4 	0
2025-11-07 11:50:23	 157275	 1302	30	96	 359.65	 5	-1 	0
2025-11-07 11:50:24	 157310	 1567	27	96	 359.65	 8	-1 	0
2025-11-07 11:50:27	 157422	 1839	25	96	 359.65	 0	-1 	18
2025-11-07 11:50:29	 157471	 1893	25	160	 359.65	 5	-1 	0
2025-11-07 11:50:30	 157506	 2082	24	160	 26.02	 1	-1 	0
2025-11-07 11:50:31	 157541	 2193	87	160	 94.57	 0	2 	0
2025-11-07 11:50:32	 157576	 2188	275	160	 127.97	 -1	2 	0
2025-11-07 11:50:33	 157611	 2104	335	160	 105.12	 -1	0 	0
2025-11-07 11:50:34	 157646	 2061	463	184	 127.97	 -1	3 	0
2025-11-07 11:50:35	 157681	 2030	479	184	 215.86	 -4	-3 	0
2025-11-07 11:50:36	 157716	 1998	457	184	 245.74	 -1	-2 	0
2025-11-07 11:50:37	 157751	 1953	384	184	 191.25	 -1	-1 	0
2025-11-07 11:50:38	 157786	 1904	417	184	 163.12	 -6	2 	0
2025-11-07 11:50:39	 157821	 1732	472	184	 235.20	 -2	0 	0
2025-11-07 11:50:40	 157856	 1738	429	184	 291.45	 2	-6 	0
2025-11-07 11:50:41	 157891	 1823	208	184	 282.66	 1	0 	0
2025-11-07 11:50:42	 157941	 1823	210	184	 113.91	 -1	1 	0
2025-11-07 11:50:43	 157976	 1766	422	184	 48.87	 1	7 	0
2025-11-07 11:50:44	 158011	 1916	477	184	 354.38	 7	-1 	0
2025-11-07 11:50:45	 158046	 2194	452	184	 354.38	 8	-1 	0
2025-11-07 11:50:46	 158081	 2484	424	184	 354.38	 8	-1 	0
2025-11-07 11:50:47	 158116	 2639	341	184	 275.27	 0	-3 	0
2025-11-07 11:50:48	 158151	 2645	248	184	 261.21	 -1	-6 	0
2025-11-07 11:50:49	 158186	 2637	112	176	 264.73	 -1	-7 	0
2025-11-07 11:50:50	 158221	 2623	112	176	 312.19	 -1	0 	0
2025-11-07 11:50:51	 158256	 2709	73	176	 257.70	 0	-1 	0
2025-11-07 11:50:52	 158303	 2718	70	176	 229.57	 0	0 	0
2025-11-07 11:50:57	 158472	 2659	75	176	 215.51	 -2	-1 	0
2025-11-07 11:50:58	 158507	 2634	4	176	 234.84	 -3	-4 	0
2025-11-07 11:50:59	 158542	 2582	-32	176	 127.62	 -1	0 	0
2025-11-07 11:51:01	 158596	 2679	-11	176	 30.94	 2	0 	0
2025-11-07 11:51:02	 158631	 2782	39	176	 95.98	 0	0 	0
2025-11-07 11:51:03	 158673	 2766	59	176	 143.44	 -5	3 	0
2025-11-07 11:51:04	 158708	 2672	151	176	 120.59	 -3	0 	0
2025-11-07 11:51:05	 158743	 2637	305	184	 131.13	 -3	1 	0
2025-11-07 11:51:06	 158778	 2552	379	184	 148.71	 -1	2 	0
2025-11-07 11:51:07	 158813	 2405	429	184	 197.93	 -8	-3 	0
2025-11-07 11:51:08	 158848	 2192	409	184	 169.80	 -1	0 	0
2025-11-07 11:51:09	 158883	 2192	393	184	 211.99	 -1	-4 	0
2025-11-07 11:51:11	 158946	 2177	479	184	 175.08	 -3	0 	0
2025-11-07 11:51:12	 158981	 1992	465	184	 222.54	 -2	0 	0
2025-11-07 11:51:13	 159016	 2055	495	184	 273.52	 0	0 	0
2025-11-07 11:51:14	 159051	 2091	384	168	 280.55	 0	0 	0
2025-11-07 11:51:15	 159086	 2108	328	166	 280.55	 1	-6 	0
2025-11-07 11:51:16	 159121	 2175	98	160	 320.98	 1	-3 	0
2025-11-07 11:51:17	 159156	 2188	70	160	 220.78	 0	-1 	0
2025-11-07 11:51:18	 159192	 2089	40	160	 250.66	 -2	-1 	0
2025-11-07 11:51:19	 159227	 2099	31	160	 345.59	 4	-2 	0
2025-11-07 11:51:20	 159262	 2335	-58	160	 322.73	 6	-5 	0
2025-11-07 11:51:21	 159297	 2569	-229	160	 313.95	 6	-6 	0
2025-11-07 11:51:22	 159332	 2646	-369	96	 257.70	 0	-5 	0
2025-11-07 11:51:23	 159367	 2644	-573	80	 217.27	 -1	-4 	0
2025-11-07 11:51:24	 159402	 2480	-682	80	 183.87	 -8	-2 	0
2025-11-07 11:51:25	 159437	 2231	-655	80	 166.29	 -8	2 	0
2025-11-07 11:51:26	 159472	 1946	-619	96	 175.08	 -9	0 	0
2025-11-07 11:51:27	 159507	 1655	-609	96	 180.35	 -9	-1 	0
2025-11-07 11:51:30	 159620	 1525	-608	96	 183.87	 4	0 	0
2025-11-07 11:51:31	 159655	 1419	-615	96	 183.87	 -8	-1 	0
2025-11-07 11:51:32	 159690	 1199	-595	184	 164.53	 -8	1 	0
2025-11-07 11:51:33	 159725	 1106	-571	184	 215.51	 -1	0 	0
2025-11-07 11:51:34	 159760	 1006	-640	184	 215.51	 -7	-5 	0
2025-11-07 11:51:35	 159795	 908	-704	184	 182.11	 3	0 	0
2025-11-07 11:51:36	 159830	 1017	-679	184	 127.62	 -3	4 	0
2025-11-07 11:51:37	 159865	 880	-567	184	 192.66	 0	0 	0
2025-11-07 11:51:39	 159934	 828	-577	184	 192.66	 2	0 	0
2025-11-07 11:51:40	 159969	 817	-562	184	 166.29	 -6	1 	0
2025-11-07 11:51:41	 160004	 556	-541	184	 182.11	 -9	-1 	0
2025-11-07 11:51:42	 160039	 272	-550	184	 189.14	 -6	-1 	0
2025-11-07 11:51:43	 160074	 220	-552	184	 310.43	 -1	-1 	0
2025-11-07 11:51:44	 160109	 345	-654	184	 280.55	 3	-7 	0
2025-11-07 11:51:45	 160144	 386	-704	184	 280.55	 0	0 	0
2025-11-07 11:51:47	 160212	 395	-757	184	 320.98	 0	-1 	25
2025-11-07 11:51:48	 160247	 384	-761	184	 328.01	 -1	0 	25
2025-11-07 11:51:49	 160282	 490	-826	184	 18.98	 1	-1 	25
2025-11-07 11:51:50	 160317	 572	-761	184	 41.84	 3	3 	25
2025-11-07 11:51:51	 160352	 600	-745	184	 282.30	 0	0 	25
2025-11-07 11:51:52	 160392	 564	-872	184	 224.30	 -1	-2 	25
2025-11-07 11:51:53	 160427	 437	-883	184	 185.62	 -8	-1 	25
2025-11-07 11:51:54	 160462	 160	-852	184	 162.77	 -8	2 	25
2025-11-07 11:51:55	 160497	 4	-866	184	 233.09	 -3	-2 	25
2025-11-07 11:51:56	 160532	 -9	-990	184	 294.61	 0	-4 	25
2025-11-07 11:51:57	 160567	 -5	-1026	184	 357.89	 0	-1 	25
2025-11-07 11:52:00	 160663	 107	-1037	184	 326.25	 -1	0 	25
2025-11-07 11:52:04	 160822	 101	-1037	184	 356.13	 -1	0 	25
2025-11-07 11:52:09	 160998	 53	-1009	184	 329.77	 -1	0 	25
2025-11-07 11:52:12	 161090	 -9	-1074	184	 227.81	 -5	-6 	25
2025-11-07 11:52:14	 161167	 -12	-1036	184	 66.45	 2	6 	25
2025-11-07 11:52:15	 161202	 48	-853	184	 15.47	 1	1 	25
2025-11-07 11:52:16	 161237	 242	-864	184	 347.34	 3	-1 	25
2025-11-07 11:52:17	 161272	 275	-870	184	 347.34	 0	-1 	25
2025-11-07 11:52:23	 161481	 440	-851	184	 6.68	 7	0 	25
2025-11-07 11:52:24	 161516	 681	-828	184	 326.25	 4	-2 	25
2025-11-07 11:52:25	 161551	 797	-950	184	 250.66	 -2	-6 	25
2025-11-07 11:52:26	 161586	 757	-1093	184	 250.66	 -3	-7 	25
2025-11-07 11:52:27	 161621	 720	-1215	96	 192.66	 -1	-2 	0
2025-11-07 11:52:28	 161656	 715	-1227	96	 183.87	 0	0 	0
2025-11-07 11:52:31	 161741	 712	-1214	96	 183.87	 -1	0 	0
2025-11-07 11:52:32	 161776	 703	-1198	96	 183.87	 -1	0 	0
2025-11-07 11:52:39	 162025	 689	-1181	96	 183.87	 -1	0 	0
2025-11-07 11:52:40	 162060	 677	-1150	96	 183.87	 -1	0 	0
2025-11-07 11:52:41	 162113	 670	-1145	96	 183.87	 -1	0 	0
2025-11-07 11:52:43	 162171	 656	-1131	96	 168.05	 -1	0 	0
2025-11-07 11:52:44	 162206	 616	-1123	96	 199.69	 -1	0 	0
2025-11-07 11:52:46	 162270	 603	-1111	96	 190.90	 -1	0 	0
2025-11-07 11:52:47	 162322	 564	-1108	96	 208.48	 -6	-3 	0
2025-11-07 11:52:48	 162357	 334	-1201	96	 220.78	 -5	-3 	0
2025-11-07 11:52:49	 162392	 323	-1228	96	 183.87	 0	-1 	0
2025-11-07 11:52:51	 162464	 318	-1227	96	 183.87	 0	0 	0
2025-11-07 11:52:52	 162499	 321	-1213	96	 183.87	 0	0 	0
2025-11-07 11:52:54	 162543	 329	-1208	96	 183.87	 0	0 	0
2025-11-07 11:52:55	 162582	 329	-1209	96	 196.17	 -1	-1 	0
2025-11-07 11:52:56	 162626	 312	-1221	96	 113.55	 -1	-1 	0
2025-11-07 11:52:57	 162661	 292	-1238	96	 40.93	 -1	-1 	0
2025-11-07 11:53:14	 163236	 352	373	160	 270.00	 0	-1 	0
2025-11-07 11:53:15	 163271	 352	163	160	 270.00	 0	-6 	0
2025-11-07 11:53:16	 163306	 352	104	160	 169.80	 0	-1 	0
2025-11-07 11:53:17	 163341	 216	125	160	 169.80	 -3	0 	0
2025-11-07 11:53:19	 163404	 212	123	160	 161.02	 0	-1 	0
2025-11-07 11:53:21	 163460	 201	138	160	 76.64	 -1	0 	0
2025-11-07 11:53:24	 163558	 138	107	160	 209.88	 -6	-4 	0
2025-11-07 11:53:25	 163593	 -87	52	160	 202.85	 -5	0 	0
2025-11-07 11:53:26	 163628	 -161	-7	160	 303.05	 -1	-2 	0
2025-11-07 11:53:27	 163663	 -41	-9	160	 16.88	 7	1 	0
2025-11-07 11:53:28	 163698	 232	69	160	 16.88	 7	2 	0
2025-11-07 11:53:29	 163733	 514	99	160	 346.99	 8	-2 	0
2025-11-07 11:53:30	 163768	 794	27	160	 327.66	 7	-4 	0
2025-11-07 11:53:31	 163803	 932	-69	160	 220.43	 0	-1 	0
2025-11-07 11:53:32	 163868	 909	-98	160	 220.43	 -5	-4 	0
2025-11-07 11:53:33	 163903	 835	-164	184	 220.43	 -2	-2 	0
2025-11-07 11:53:35	 163948	 808	-168	184	 220.43	 -2	0 	0
2025-11-07 11:53:36	 163983	 798	-168	184	 281.95	 0	-1 	0
2025-11-07 11:53:37	 164018	 823	-168	184	 273.16	 0	0 	0
2025-11-07 11:53:39	 164096	 754	-168	96	 255.59	 -3	0 	0
2025-11-07 11:53:40	 164131	 732	-168	96	 201.09	 -1	0 	0
2025-11-07 11:53:41	 164168	 617	-197	96	 252.07	 -2	-1 	0
2025-11-07 11:53:43	 164243	 604	-206	96	 264.38	 -1	-3 	0
2025-11-07 11:53:44	 164278	 539	-419	96	 192.30	 -6	-5 	0
2025-11-07 11:53:45	 164313	 385	-429	96	 130.78	 -3	0 	0
2025-11-07 11:53:46	 164348	 359	-427	96	 42.89	 -1	0 	0
2025-11-07 11:53:50	 164472	 390	-253	96	 88.59	 0	5 	0
2025-11-07 11:53:51	 164507	 336	-216	96	 118.48	 0	1 	0
2025-11-07 11:53:52	 164542	 374	-98	96	 81.56	 1	5 	0
2025-11-07 11:53:53	 164577	 384	-75	96	 127.27	 -2	2 	0
2025-11-07 11:53:54	 164612	 333	-17	96	 136.05	 -1	0 	1
2025-11-07 11:53:57	 164715	 482	-9	160	 2.81	 7	0 	0
2025-11-07 11:53:58	 164750	 760	5	160	 359.30	 8	0 	0
2025-11-07 11:53:59	 164785	 881	-43	160	 274.92	 1	-2 	0
2025-11-07 11:54:00	 164820	 860	-101	160	 238.01	 -1	-1 	0
2025-11-07 11:54:01	 164855	 848	-159	160	 238.01	 0	-1 	0
2025-11-07 11:54:02	 164918	 829	-168	184	 199.34	 -1	-1 	0
2025-11-07 11:54:04	 164978	 832	-168	184	 274.92	 0	0 	0
2025-11-07 11:54:06	 165041	 778	-168	157	 236.25	 -3	0 	0
2025-11-07 11:54:07	 165076	 720	-168	96	 260.86	 -1	-1 	0
2025-11-07 11:54:08	 165111	 619	-312	96	 252.07	 -2	-6 	0
2025-11-07 11:54:09	 165146	 554	-414	96	 158.91	 -3	0 	0
2025-11-07 11:54:10	 165181	 451	-413	96	 230.98	 -4	-4 	0
2025-11-07 11:54:11	 165216	 401	-448	96	 281.95	 -1	0 	0
2025-11-07 11:54:13	 165295	 393	-448	96	 267.89	 -1	-1 	0
2025-11-07 11:54:16	 165399	 387	-448	96	 267.89	 -1	-1 	0
2025-11-07 11:54:18	 165453	 382	-467	96	 267.89	 -1	-5 	8
2025-11-07 11:54:21	 165586	 389	-493	184	 223.95	 0	0 	8
2025-11-07 11:54:24	 165689	 398	-488	184	 194.06	 -1	-1 	8
2025-11-07 11:54:25	 165724	 314	-511	184	 283.71	 -1	-1 	8
2025-11-07 11:54:27	 165763	 276	-549	184	 227.46	 -5	-5 	0
2025-11-07 11:54:28	 165798	 179	-654	184	 141.33	 -1	-1 	0
2025-11-07 11:54:29	 165847	 223	-642	184	 18.28	 5	1 	0
2025-11-07 11:54:30	 165882	 353	-566	184	 41.13	 1	1 	0
2025-11-07 11:54:31	 165920	 369	-553	184	 79.80	 0	1 	0
2025-11-07 11:54:32	 165955	 403	-351	96	 102.66	 0	7 	0
2025-11-07 11:54:33	 165990	 364	-239	96	 118.48	 -3	1 	0
2025-11-07 11:54:34	 166025	 335	-81	96	 88.59	 0	0 	0
2025-11-07 11:54:39	 166182	 339	6	160	 83.32	 0	4 	0
2025-11-07 11:54:40	 166217	 449	136	160	 9.49	 6	3 	0
2025-11-07 11:54:41	 166252	 695	78	160	 336.09	 6	-5 	0
2025-11-07 11:54:42	 166287	 913	-99	160	 290.39	 3	-5 	0
2025-11-07 11:54:43	 166322	 938	-151	160	 188.44	 -4	-1 	0
2025-11-07 11:54:44	 166374	 824	-168	184	 232.38	 -3	-1 	0
2025-11-07 11:54:45	 166409	 716	-244	184	 235.90	 -4	-5 	0
2025-11-07 11:54:46	 166444	 669	-183	175	 276.33	 -1	6 	0
2025-11-07 11:54:47	 166479	 696	-164	96	 255.23	 0	-4 	0
2025-11-07 11:54:48	 166514	 546	-227	96	 149.77	 -8	2 	0
2025-11-07 11:54:49	 166549	 528	-174	96	 177.89	 0	1 	0
2025-11-07 11:54:50	 166584	 528	-211	96	 248.20	 -1	-6 	0
2025-11-07 11:54:51	 166619	 491	-295	96	 179.65	 -6	-1 	0
2025-11-07 11:54:52	 166654	 328	-263	96	 93.52	 -2	4 	0
2025-11-07 11:54:53	 166689	 332	-241	96	 79.45	 1	0 	0
2025-11-07 11:54:54	 166724	 302	-81	96	 109.34	 -2	0 	0
2025-11-07 11:54:56	 166796	 286	-28	96	 319.92	 3	-3 	1
2025-11-07 11:54:57	 166831	 329	-62	96	 23.20	 0	-1 	1
2025-11-07 11:54:58	 166866	 431	-33	96	 353.32	 0	-1 	1
2025-11-07 11:55:01	 166981	 462	-5	160	 23.20	 3	2 	0
2025-11-07 11:55:02	 167016	 690	98	160	 14.41	 7	2 	0
2025-11-07 11:55:03	 167051	 830	62	160	 311.13	 4	-6 	0
2025-11-07 11:55:04	 167086	 901	-37	160	 219.73	 -3	-3 	0
2025-11-07 11:55:05	 167121	 847	-168	184	 254.88	 -1	0 	0
2025-11-07 11:55:07	 167168	 820	-168	184	 214.45	 -3	0 	0
2025-11-07 11:55:08	 167203	 792	-168	184	 247.85	 -2	-1 	0
2025-11-07 11:55:09	 167238	 765	-210	184	 247.85	 -2	-3 	0
2025-11-07 11:55:10	 167273	 745	-258	160	 295.31	 -1	-1 	0
2025-11-07 11:55:11	 167331	 847	-278	160	 349.80	 7	-2 	0
2025-11-07 11:55:12	 167366	 977	-302	160	 356.84	 0	-1 	0
2025-11-07 11:55:14	 167416	 988	-302	160	 356.84	 4	-1 	0
2025-11-07 11:55:15	 167451	 1135	-312	160	 309.38	 0	-1 	0
2025-11-07 11:55:16	 167508	 1039	-416	160	 205.66	 -1	0 	30
2025-11-07 11:55:18	 167573	 987	-418	160	 195.12	 -6	-1 	0
2025-11-07 11:55:19	 167608	 911	-431	160	 286.52	 -1	-1 	0
2025-11-07 11:55:20	 167648	 953	-432	160	 326.95	 1	0 	0
2025-11-07 11:55:21	 167683	 972	-432	160	 268.95	 0	0 	0
2025-11-07 11:55:24	 167771	 902	-240	160	 93.16	 -2	7 	0
2025-11-07 11:55:25	 167806	 899	-359	160	 91.41	 0	-8 	0
2025-11-07 11:55:26	 167861	 942	-412	160	 29.88	 4	2 	0
2025-11-07 11:55:27	 167896	 991	-409	160	 93.16	 0	-5 	0
2025-11-07 11:55:30	 167997	 998	-428	160	 93.16	 -1	2 	0
2025-11-07 11:55:31	 168032	 985	-225	160	 93.16	 -1	0 	0
2025-11-07 11:55:32	 168067	 961	-59	160	 93.16	 -1	14 	0
2025-11-07 11:55:33	 168102	 930	351	106	 93.16	 -1	0 	7
2025-11-07 11:55:34	 168137	 911	495	104	 154.69	 -1	0 	0
2025-11-07 11:55:41	 168368	 944	436	104	 302.34	 2	-5 	0
2025-11-07 11:55:42	 168403	 967	396	104	 7.38	 0	0 	0
2025-11-07 11:55:43	 168438	 888	390	104	 7.38	 -1	-1 	0
2025-11-07 11:55:45	 168521	 888	396	104	 186.68	 0	0 	0
2025-11-07 11:55:47	 168575	 847	419	104	 156.80	 -6	2 	0
2025-11-07 11:55:51	 168702	 730	495	104	 356.84	 3	-1 	0
2025-11-07 11:55:52	 168737	 946	483	104	 356.84	 2	-1 	0
2025-11-07 11:55:53	 168772	 976	481	104	 353.32	 0	-1 	0
2025-11-07 11:55:56	 168884	 940	494	104	 341.02	 -1	0 	0
2025-11-07 11:55:58	 168963	 934	415	104	 254.88	 -1	-4 	0
2025-11-07 11:55:59	 169008	 883	420	104	 149.41	 -5	3 	0
2025-11-07 11:56:00	 169043	 838	445	104	 249.61	 -2	-3 	0
2025-11-07 11:56:02	 169099	 812	433	104	 286.52	 -1	4 	0
2025-11-07 11:56:03	 169134	 895	419	104	 288.28	 4	-6 	0
2025-11-07 11:56:05	 169206	 936	313	160	 270.70	 0	-5 	0
2025-11-07 11:56:06	 169241	 940	113	160	 321.68	 0	-3 	0
2025-11-07 11:56:07	 169276	 1013	78	133	 356.84	 0	-1 	4
2025-11-07 11:56:08	 169311	 1065	73	96	 356.84	 1	-1 	0
2025-11-07 11:56:10	 169376	 1082	72	96	 0.35	 0	0 	0
2025-11-07 11:56:11	 169411	 1171	60	96	 291.80	 1	-4 	0
2025-11-07 11:56:12	 169446	 1215	-38	96	 24.96	 0	-1 	0
2025-11-07 11:56:14	 169530	 1272	-31	96	 10.90	 6	1 	0
2025-11-07 11:56:15	 169565	 1422	-2	96	 10.90	 0	0 	0
2025-11-07 11:56:16	 169600	 1259	-34	96	 10.90	 -8	-2 	0
2025-11-07 11:56:17	 169635	 1124	-60	96	 305.86	 -1	-1 	0
2025-11-07 11:56:18	 169670	 1078	-5	96	 349.80	 -1	1 	0
2025-11-07 11:56:19	 169705	 1171	70	96	 31.99	 6	4 	0
2025-11-07 11:56:20	 169740	 1263	123	96	 346.29	 0	-1 	0
2025-11-07 11:56:23	 169828	 1219	111	96	 14.41	 -1	-1 	0
2025-11-07 11:56:24	 169870	 1260	109	96	 358.59	 2	-1 	0
2025-11-07 11:56:25	 169905	 1161	111	96	 5.62	 -4	0 	0
2025-11-07 11:56:26	 169940	 1213	127	96	 51.33	 1	0 	0
2025-11-07 11:56:27	 169975	 1224	138	96	 86.48	 0	3 	0
2025-11-07 11:56:29	 170039	 1245	237	96	 346.29	 3	-1 	0
2025-11-07 11:56:30	 170074	 1249	226	96	 312.89	 0	0 	0
2025-11-07 11:56:31	 170114	 1286	200	96	 3.87	 3	0 	0
2025-11-07 11:56:32	 170149	 1521	215	96	 3.87	 7	0 	0
2025-11-07 11:56:33	 170192	 1595	259	96	 111.09	 -2	5 	0
2025-11-07 11:56:34	 170227	 1569	330	96	 183.16	 -1	0 	0
2025-11-07 11:56:36	 170287	 1471	326	96	 183.16	 -8	-1 	0
2025-11-07 11:56:37	 170322	 1240	314	96	 135.70	 -3	-1 	0
2025-11-07 11:56:38	 170357	 1216	327	96	 100.55	 -1	4 	0
2025-11-07 11:56:39	 170392	 1181	495	96	 74.18	 -1	0 	0
2025-11-07 11:56:40	 170436	 1265	495	96	 358.59	 6	0 	0
2025-11-07 11:56:41	 170471	 1546	477	96	 5.62	 8	0 	0
2025-11-07 11:56:42	 170506	 1598	432	120	 267.19	 0	0 	0
2025-11-07 11:56:47	 170680	 1623	432	120	 172.27	 0	-1 	0
2025-11-07 11:56:51	 170817	 1626	432	120	 12.30	 2	0 	0
2025-11-07 11:56:52	 170852	 1671	454	120	 73.83	 0	0 	0
2025-11-07 11:56:54	 170920	 1546	456	100	 179.30	 -8	0 	0
2025-11-07 11:56:55	 170955	 1442	457	96	 179.30	 -2	0 	0
2025-11-07 11:56:56	 170990	 1368	458	96	 179.30	 -4	0 	0
2025-11-07 11:56:57	 171025	 1243	452	96	 254.88	 -2	-4 	0
2025-11-07 11:56:58	 171060	 1218	347	96	 337.50	 3	-3 	0
2025-11-07 11:56:59	 171095	 1255	324	96	 337.50	 -6	2 	0
2025-11-07 11:57:00	 171130	 1200	377	96	 23.20	 5	2 	0
2025-11-07 11:57:01	 171165	 1265	400	96	 274.22	 0	-1 	0
2025-11-07 11:57:02	 171200	 1286	400	96	 232.03	 0	0 	0
2025-11-07 11:57:03	 171235	 1176	382	96	 223.24	 -3	-1 	0
2025-11-07 11:57:04	 171270	 1186	346	96	 312.89	 3	-5 	0
2025-11-07 11:57:05	 171305	 1276	302	96	 10.90	 5	1 	0
2025-11-07 11:57:06	 171340	 1514	343	96	 351.56	 1	0 	0
2025-11-07 11:57:07	 171375	 1576	254	96	 265.43	 1	-4 	0
2025-11-07 11:57:08	 171410	 1534	200	96	 200.39	 -5	-1 	0
2025-11-07 11:57:09	 171445	 1301	223	96	 191.60	 -7	0 	0
2025-11-07 11:57:10	 171480	 1233	227	96	 261.91	 -1	-2 	0
2025-11-07 11:57:11	 171515	 1206	126	96	 261.91	 -2	-7 	0
2025-11-07 11:57:12	 171550	 1170	-126	96	 263.67	 0	-2 	0
2025-11-07 11:57:13	 171585	 1273	-221	96	 316.41	 5	-6 	0
2025-11-07 11:57:14	 171620	 1489	-368	96	 339.26	 3	0 	0
2025-11-07 11:57:15	 171655	 1468	-348	96	 339.26	 -2	0 	0
2025-11-07 11:57:17	 171721	 1451	-341	96	 339.26	 -2	0 	0
2025-11-07 11:57:19	 171800	 1392	-336	96	 146.25	 -1	0 	8
2025-11-07 11:57:28	 172120	 1467	-324	96	 9.14	 6	1 	8
2025-11-07 11:57:29	 172155	 1658	-293	96	 74.18	 1	0 	0
2025-11-07 11:57:31	 172235	 1675	-291	96	 353.32	 2	-1 	0
2025-11-07 11:57:32	 172270	 1847	-315	96	 351.56	 0	-1 	0
2025-11-07 11:57:34	 172330	 1794	-350	96	 226.76	 -4	-2 	0
2025-11-07 11:57:35	 172365	 1764	-368	96	 311.13	 -1	0 	0
2025-11-07 11:57:38	 172452	 1763	-362	96	 288.28	 -1	0 	0
2025-11-07 11:57:39	 172509	 1771	-368	96	 288.28	 1	-1 	0
2025-11-07 11:57:40	 172544	 1776	-496	96	 256.64	 -1	-1 	0
2025-11-07 11:57:43	 172649	 1807	-382	96	 116.37	 0	0 	0
2025-11-07 11:57:45	 172693	 1799	-344	96	 104.06	 -2	5 	0
2025-11-07 11:57:48	 172830	 1780	-221	96	 84.73	 0	5 	0
2025-11-07 11:57:49	 172865	 1795	-137	96	 84.73	 0	0 	0
2025-11-07 11:57:52	 172954	 1807	-226	96	 244.34	 0	-2 	0
2025-11-07 11:57:53	 172989	 1776	-243	96	 221.48	 0	-1 	13
2025-11-07 11:57:54	 173024	 1724	-370	96	 239.06	 -5	-7 	0
2025-11-07 11:57:58	 173157	 1696	-372	96	 281.25	 0	-1 	0
2025-11-07 11:57:59	 173205	 1699	-496	96	 202.15	 -4	-1 	0
2025-11-07 11:58:01	 173252	 1696	-494	96	 66.80	 0	0 	0
2025-11-07 11:58:02	 173287	 1719	-356	96	 84.38	 -1	6 	0
2025-11-07 11:58:05	 173402	 1718	-195	96	 93.16	 -1	6 	0
2025-11-07 11:58:07	 173488	 1711	-144	96	 272.11	 0	-4 	0
2025-11-07 11:58:08	 173523	 1712	-318	96	 217.62	 -3	-4 	0
2025-11-07 11:58:09	 173558	 1629	-368	96	 279.14	 -1	0 	0
2025-11-07 11:58:12	 173641	 1616	-369	96	 279.14	 -2	-1 	0
2025-11-07 11:58:13	 173688	 1644	-496	96	 273.87	 0	0 	0
2025-11-07 11:58:15	 173766	 1635	-347	96	 94.57	 -1	7 	0
2025-11-07 11:58:18	 173877	 1628	-237	96	 89.30	 0	5 	0
2025-11-07 11:58:20	 173935	 1629	-193	96	 89.30	 -1	-7 	0
2025-11-07 11:58:21	 173970	 1627	-283	96	 347.34	 -1	-1 	0
2025-11-07 11:58:23	 174024	 1571	-348	96	 231.33	 -5	-6 	0
2025-11-07 11:58:26	 174135	 1545	-473	96	 275.27	 0	-8 	0
2025-11-07 11:58:27	 174170	 1545	-434	96	 312.19	 -1	1 	0
2025-11-07 11:58:28	 174205	 1550	-402	96	 61.17	 2	3 	0
2025-11-07 11:58:29	 174240	 1571	-354	96	 54.14	 0	0 	0
2025-11-07 11:58:30	 174275	 1647	-247	96	 115.66	 0	1 	15
2025-11-07 11:58:31	 174310	 1616	-145	96	 103.36	 -1	0 	0
2025-11-07 11:58:34	 174437	 1627	-314	96	 306.91	 0	-3 	0
2025-11-07 11:58:35	 174472	 1747	-359	96	 350.86	 7	-2 	0
2025-11-07 11:58:36	 174507	 1822	-368	96	 234.84	 0	0 	0
2025-11-07 11:58:37	 174542	 1843	-356	96	 187.38	 0	0 	0
2025-11-07 11:58:43	 174732	 1807	-368	96	 254.18	 -1	0 	0
2025-11-07 11:58:44	 174767	 1788	-548	96	 252.42	 -1	-5 	0
2025-11-07 11:58:45	 174802	 1783	-599	96	 129.38	 -1	-1 	0
2025-11-07 11:58:47	 174868	 1891	-643	96	 329.41	 3	-2 	0
2025-11-07 11:58:48	 174903	 1929	-658	96	 206.37	 0	-1 	0
2025-11-07 11:58:50	 174968	 1934	-648	96	 243.28	 0	0 	0
2025-11-07 11:58:52	 175065	 2081	-670	80	 50.27	 2	-1 	0
2025-11-07 11:58:53	 175100	 2111	-665	80	 52.03	 2	2 	0
2025-11-07 11:58:54	 175135	 2260	-605	80	 315.35	 6	-3 	0
2025-11-07 11:58:55	 175170	 2310	-813	80	 222.19	 -5	-6 	0
2025-11-07 11:58:56	 175205	 2295	-998	80	 329.41	 4	-6 	0
2025-11-07 11:58:57	 175240	 2477	-951	80	 41.48	 5	3 	0
2025-11-07 11:58:58	 175275	 2534	-917	80	 101.25	 0	0 	0
2025-11-07 11:59:01	 175354	 2540	-922	80	 117.07	 0	0 	0
2025-11-07 11:59:02	 175410	 2533	-913	80	 111.80	 -2	0 	0
2025-11-07 11:59:03	 175445	 2505	-758	88	 73.12	 1	6 	0
2025-11-07 11:59:04	 175489	 2583	-771	88	 332.93	 0	-1 	0
2025-11-07 11:59:06	 175535	 2569	-786	88	 204.61	 -3	-2 	0
2025-11-07 11:59:07	 175570	 2546	-797	88	 243.28	 -1	-1 	0
2025-11-07 11:59:10	 175675	 2501	-912	80	 194.06	 -1	-2 	0
2025-11-07 11:59:11	 175710	 2405	-913	80	 216.91	 -2	-1 	0
2025-11-07 11:59:12	 175745	 2407	-952	80	 297.77	 2	-5 	0
2025-11-07 11:59:13	 175780	 2418	-954	80	 297.77	 -1	0 	0
2025-11-07 11:59:41	 176717	 352	393	160	 270.00	 0	-6 	0
2025-11-07 11:59:42	 176752	 352	138	160	 268.24	 0	-6 	0
2025-11-07 11:59:43	 176787	 352	79	160	 159.26	 0	-1 	0
2025-11-07 11:59:46	 176892	 356	78	160	 182.11	 0	0 	0
2025-11-07 11:59:47	 176932	 366	80	160	 187.38	 0	0 	0
2025-11-07 11:59:49	 177020	 487	72	160	 356.13	 7	-1 	0
2025-11-07 11:59:50	 177055	 742	54	160	 340.31	 3	-1 	0
2025-11-07 11:59:51	 177093	 771	53	160	 64.16	 -1	-2 	0
2025-11-07 12:00:14	 177885	 765	42	160	 64.69	 0	0 	0
2025-11-07 12:00:19	 178064	 802	120	160	 64.69	 1	2 	0
2025-11-07 12:00:20	 178099	 815	147	160	 350.86	 0	0 	0
2025-11-07 12:00:22	 178162	 752	223	160	 301.64	 -1	0 	0
2025-11-07 12:00:23	 178197	 776	167	160	 301.64	 0	-1 	0
2025-11-07 12:00:24	 178232	 741	223	160	 301.64	 -2	0 	0
2025-11-07 12:00:25	 178267	 684	223	158	 301.64	 -2	0 	3
2025-11-07 12:00:26	 178302	 646	222	96	 29.53	 -1	-1 	3
2025-11-07 12:00:27	 178337	 687	233	96	 29.53	 0	0 	3
2025-11-07 12:00:28	 178374	 687	233	104	 13.71	 0	0 	3
2025-11-07 12:00:30	 178430	 687	227	96	 176.84	 0	-2 	3
2025-11-07 12:00:31	 178465	 687	204	96	 74.88	 0	-1 	3
2025-11-07 12:00:49	 179125	 688	202	160	 318.87	 -1	0 	3
2025-11-07 12:01:05	 179686	 687	219	160	 74.18	 -1	0 	3
2025-11-07 12:01:06	 179721	 688	222	160	 10.63	 -1	-1 	3
2025-11-07 12:01:08	 179768	 681	213	160	 78.40	 -1	-1 	3
                         Chocolate Doom 3.1.0
Z_Init: Init zone memory allocation daemon. 
zone memory: 0x7857f2836010, 2000000 allocated for zone
Using /home/estudiante/.local/share/chocolate-doom/ for configuration and saves
V_Init: allocate screens.
M_LoadDefaults: Load system defaults.
saving config in /home/estudiante/.local/share/chocolate-doom/default.cfg
W_Init: Init WADfiles.
 adding ../misc/OriginalWADs/DOOM2.WAD
===========================================================================
                         DOOM 2: Hell on Earth
===========================================================================
 Chocolate Doom is free software, covered by the GNU General Public
 License.  There is NO warranty; not even for MERCHANTABILITY or FITNESS
 FOR A PARTICULAR PURPOSE. You are welcome to change and distribute
 copies under certain conditions. See the source for more information.
===========================================================================
I_Init: Setting up machine state.
OPL_Init: Using driver 'SDL'.
NET_Init: Init network subsystem.
M_Init: Init miscellaneous info.
R_Init: Init DOOM refresh daemon - ......................................
P_Init: Init Playloop state.
S_Init: Setting up sound.
I_SDL_PrecacheSounds: Precaching all sound effects.....................
D_CheckNetGame: Checking network game status.
startskill 2  deathmatch: 0  startmap: 1  startepisode: 1
player 1 of 1 (1 nodes)
Emulating the behavior of the 'Doom 1.9' executable.
HU_Init: Setting up heads up display.
ST_Init: Init status bar.
When: 2025-11-08 23:46:44 Episode: 1 Map: 11
timestamp	 tic	 x	 y	 z	 angle	 momx	 momy
2025-11-08 23:46:46	 395	 448	752	128	 91.41	 0	-1 	0
2025-11-08 23:46:47	 430	 495	747	128	 14.06	 0	-1 	0
2025-11-08 23:46:48	 465	 522	747	128	 4.22	 4	0 	0
2025-11-08 23:46:49	 500	 697	720	128	 202.50	 0	-1 	0
2025-11-08 23:46:50	 535	 637	669	128	 180.00	 -4	-2 	0
When: 2025-11-08 23:46:50 Episode: 1 Map: 1
timestamp	 tic	 x	 y	 z	 angle	 momx	 momy
2025-11-08 23:46:54	 648	 -97	827	56	 90.00	 -1	1 	0
2025-11-08 23:46:55	 683	 -97	868	21	 90.00	 -1	2 	0
2025-11-08 23:46:56	 718	 -97	902	8	 90.00	 -1	0 	0
2025-11-08 23:47:00	 862	 -106	1060	24	 93.52	 -1	7 	0
2025-11-08 23:47:01	 897	 -112	1156	32	 93.52	 -1	5 	0
2025-11-08 23:47:02	 932	 -76	1313	56	 68.91	 3	6 	0
2025-11-08 23:47:03	 967	 -35	1584	56	 53.09	 2	7 	0
2025-11-08 23:47:04	 1002	 48	1647	56	 356.84	 0	0 	0
2025-11-08 23:47:05	 1037	 129	1639	56	 353.32	 6	-1 	0
2025-11-08 23:47:06	 1072	 405	1607	56	 353.32	 8	-1 	0
2025-11-08 23:47:07	 1107	 693	1573	56	 353.32	 7	-1 	0
2025-11-08 23:47:09	 1181	 619	1505	56	 217.97	 -7	-5 	0
2025-11-08 23:47:10	 1216	 568	1511	56	 159.96	 -1	0 	0
2025-11-08 23:47:11	 1251	 483	1578	56	 163.48	 -7	2 	0
2025-11-08 23:47:12	 1286	 218	1616	56	 138.87	 -7	1 	0
2025-11-08 23:47:13	 1321	 178	1690	56	 65.04	 2	6 	0
2025-11-08 23:47:14	 1356	 225	1775	56	 105.47	 0	0 	0
2025-11-08 23:47:18	 1474	 201	1695	56	 279.14	 -1	-2 	0
2025-11-08 23:47:20	 1554	 197	1678	56	 270.35	 0	-3 	0
2025-11-08 23:47:21	 1589	 197	1632	56	 0.00	 0	-1 	0
2025-11-08 23:47:24	 1682	 160	1752	56	 100.20	 -3	7 	0
2025-11-08 23:47:33	 2001	 144	1770	56	 91.41	 0	-1 	0
2025-11-08 23:47:38	 2184	 142	1854	48	 101.95	 -1	5 	0
2025-11-08 23:47:39	 2219	 138	1916	48	 219.73	 -1	0 	0
2025-11-08 23:47:43	 2353	 155	2028	48	 81.21	 1	7 	0
2025-11-08 23:47:44	 2388	 180	2190	48	 51.33	 0	0 	0
2025-11-08 23:47:45	 2439	 183	2209	48	 74.18	 0	1 	0
2025-11-08 23:47:46	 2474	 208	2226	48	 12.66	 0	0 	0
2025-11-08 23:47:47	 2509	 226	2240	48	 56.60	 2	3 	0
2025-11-08 23:47:48	 2544	 239	2272	48	 75.94	 0	0 	0
2025-11-08 23:47:49	 2586	 189	2471	48	 102.30	 -2	7 	0
2025-11-08 23:47:50	 2621	 169	2552	48	 346.29	 -1	0 	0
2025-11-08 23:47:53	 2723	 176	2566	48	 219.73	 0	0 	0
2025-11-08 23:47:56	 2826	 190	2484	48	 253.12	 0	-3 	0
2025-11-08 23:47:57	 2861	 194	2461	48	 237.30	 0	-1 	0
2025-11-08 23:47:58	 2898	 157	2385	48	 221.48	 -1	-1 	0
2025-11-08 23:48:00	 2971	 158	2417	48	 84.38	 0	5 	0
2025-11-08 23:48:01	 3006	 175	2539	48	 347.70	 2	0 	0
2025-11-08 23:48:02	 3041	 394	2500	48	 7.03	 4	-1 	0
2025-11-08 23:48:03	 3076	 512	2585	48	 52.73	 4	5 	4
2025-11-08 23:48:04	 3111	 611	2671	48	 5.27	 0	0 	0
2025-11-08 23:48:06	 3162	 598	2638	48	 240.47	 -3	-6 	0
2025-11-08 23:48:07	 3197	 495	2457	48	 240.47	 -2	-4 	0
2025-11-08 23:48:08	 3232	 376	2247	48	 240.47	 -5	-8 	3
2025-11-08 23:48:09	 3267	 233	1995	48	 240.47	 -5	-8 	0
2025-11-08 23:48:10	 3302	 192	1812	56	 307.27	 3	-6 	0
2025-11-08 23:48:11	 3337	 211	1702	56	 238.71	 -2	-3 	0
2025-11-08 23:48:12	 3372	 211	1668	56	 333.63	 4	-3 	0
2025-11-08 23:48:13	 3407	 298	1606	56	 24.61	 0	-1 	0
2025-11-08 23:48:14	 3442	 328	1635	56	 49.22	 0	1 	0
2025-11-08 23:48:15	 3479	 407	1625	56	 342.42	 6	-3 	0
2025-11-08 23:48:16	 3514	 632	1584	56	 26.37	 2	0 	0
2025-11-08 23:48:17	 3549	 653	1589	56	 108.98	 -1	2 	0
2025-11-08 23:48:18	 3584	 601	1711	56	 124.80	 -1	0 	0
2025-11-08 23:48:19	 3631	 569	1677	56	 232.03	 -4	-5 	0
2025-11-08 23:48:20	 3666	 462	1552	56	 177.54	 -2	0 	0
2025-11-08 23:48:21	 3701	 401	1554	56	 270.70	 -1	0 	0
2025-11-08 23:48:22	 3736	 401	1348	56	 270.70	 0	-9 	0
2025-11-08 23:48:23	 3771	 405	1060	56	 270.70	 0	-9 	0
2025-11-08 23:48:24	 3806	 407	926	56	 267.19	 0	-1 	0
2025-11-08 23:48:32	 4071	 381	888	40	 232.03	 -4	-5 	0
2025-11-08 23:48:33	 4106	 221	684	40	 232.03	 -6	-7 	0
2025-11-08 23:48:35	 4185	 237	611	40	 116.02	 0	-1 	0
2025-11-08 23:48:36	 4220	 245	672	40	 86.13	 0	3 	0
2025-11-08 23:48:37	 4255	 228	717	40	 161.72	 -1	0 	0
2025-11-08 23:48:39	 4307	 212	677	40	 195.12	 -1	-1 	0
2025-11-08 23:48:43	 4448	 166	675	40	 175.78	 -6	0 	5
2025-11-08 23:48:44	 4483	 80	679	152	 175.78	 -1	0 	5
2025-11-08 23:48:46	 4581	 92	673	152	 333.63	 3	-2 	5
2025-11-08 23:48:47	 4616	 178	648	152	 38.67	 0	0 	5
2025-11-08 23:48:48	 4651	 311	746	40	 12.30	 6	3 	0
2025-11-08 23:48:49	 4686	 582	769	56	 349.45	 8	-2 	0
2025-11-08 23:48:50	 4721	 871	750	40	 14.06	 8	0 	0
2025-11-08 23:48:51	 4756	 879	779	40	 36.91	 0	2 	0
2025-11-08 23:48:52	 4791	 1059	856	40	 331.88	 6	-2 	0
2025-11-08 23:48:54	 4829	 1131	829	40	 15.82	 -2	-1 	0
2025-11-08 23:48:58	 4974	 1120	826	40	 61.52	 1	2 	0
2025-11-08 23:48:59	 5009	 1135	877	40	 349.45	 0	0 	0
2025-11-08 23:49:00	 5044	 1115	886	40	 349.45	 -1	0 	0
2025-11-08 23:49:05	 5224	 1075	904	40	 156.09	 -6	2 	0
2025-11-08 23:49:06	 5259	 976	962	40	 87.54	 0	0 	0
2025-11-08 23:49:08	 5325	 956	920	40	 212.34	 -5	-4 	0
2025-11-08 23:49:09	 5360	 759	841	40	 233.44	 -3	-1 	0
2025-11-08 23:49:10	 5395	 781	765	56	 303.75	 3	-6 	0
2025-11-08 23:49:11	 5430	 840	529	72	 207.07	 -4	-7 	0
2025-11-08 23:49:12	 5465	 741	538	72	 265.08	 -1	0 	0
2025-11-08 23:49:13	 5500	 747	528	72	 272.11	 0	-9 	0
2025-11-08 23:49:14	 5535	 775	528	72	 330.12	 2	-2 	0
2025-11-08 23:49:15	 5570	 879	529	72	 275.62	 0	0 	0
2025-11-08 23:49:16	 5605	 809	528	72	 247.50	 -4	-7 	0
2025-11-08 23:49:17	 5640	 749	528	72	 143.79	 -1	-1 	0
2025-11-08 23:49:18	 5675	 745	631	72	 94.57	 -1	7 	0
2025-11-08 23:49:19	 5710	 684	811	56	 194.77	 -4	0 	0
2025-11-08 23:49:20	 5745	 533	787	56	 115.66	 -2	0 	0
2025-11-08 23:49:21	 5780	 449	924	40	 142.03	 -4	3 	0
2025-11-08 23:49:22	 5815	 363	1028	56	 45.35	 2	4 	0
2025-11-08 23:49:23	 5850	 431	1154	56	 78.75	 0	5 	0
2025-11-08 23:49:24	 5885	 431	1369	56	 91.05	 -1	7 	0
2025-11-08 23:49:25	 5920	 426	1628	56	 76.99	 -1	3 	0
2025-11-08 23:49:26	 5969	 549	1632	56	 333.28	 3	-1 	0
2025-11-08 23:49:27	 6004	 581	1628	56	 210.23	 0	-1 	0
2025-11-08 23:49:28	 6043	 417	1638	56	 166.29	 -8	1 	0
2025-11-08 23:49:29	 6078	 235	1645	56	 203.20	 -3	-1 	0
2025-11-08 23:49:30	 6113	 212	1643	56	 85.43	 -1	-1 	0
2025-11-08 23:49:33	 6202	 44	1559	56	 183.87	 -8	-2 	0
2025-11-08 23:49:34	 6237	 -47	1551	56	 266.48	 -1	-2 	0
2025-11-08 23:49:35	 6272	 -37	1330	56	 275.27	 0	-9 	0
2025-11-08 23:49:36	 6307	 -15	1077	24	 275.27	 0	-4 	0
2025-11-08 23:49:37	 6342	 -21	1147	32	 275.27	 -1	7 	0
2025-11-08 23:49:38	 6377	 -31	1246	48	 4.92	 -1	0 	0
2025-11-08 23:49:43	 6542	 -47	1176	40	 257.70	 -2	-7 	0
2025-11-08 23:49:44	 6577	 -93	963	16	 291.09	 -1	-3 	0
2025-11-08 23:49:45	 6612	 -56	848	8	 250.66	 -1	-1 	0
2025-11-08 23:49:46	 6647	 -72	848	8	 157.50	 -1	0 	0
2025-11-08 23:49:47	 6701	 -95	889	8	 118.83	 -1	0 	0
2025-11-08 23:49:48	 6749	 -49	976	16	 60.82	 2	3 	0
2025-11-08 23:49:49	 6784	 -28	1013	16	 6.33	 0	0 	0
2025-11-08 23:49:51	 6851	 54	1044	8	 15.12	 3	1 	0
2025-11-08 23:49:52	 6886	 209	1094	8	 6.33	 -1	0 	0
2025-11-08 23:49:55	 6970	 68	1112	8	 172.97	 -8	0 	0
2025-11-08 23:49:56	 7005	 -50	1138	40	 83.32	 0	3 	0
2025-11-08 23:49:57	 7040	 -50	1381	56	 99.14	 -2	8 	0
2025-11-08 23:49:58	 7075	 -70	1527	56	 62.23	 -1	0 	0
2025-11-08 23:49:59	 7110	 -9	1647	56	 74.53	 0	0 	0
2025-11-08 23:50:00	 7156	 -78	1644	56	 171.21	 -5	-1 	0
2025-11-08 23:50:03	 7245	 -19	1615	56	 343.12	 6	-3 	0
2025-11-08 23:50:04	 7280	 196	1568	56	 20.04	 6	1 	0
2025-11-08 23:50:05	 7315	 455	1640	56	 351.91	 6	1 	0
2025-11-08 23:50:06	 7350	 511	1647	56	 269.30	 0	0 	0
2025-11-08 23:50:07	 7397	 510	1632	56	 172.62	 -2	0 	0
2025-11-08 23:50:08	 7432	 417	1643	56	 241.17	 -1	0 	0
2025-11-08 23:50:09	 7467	 390	1487	56	 262.27	 -2	-8 	0
2025-11-08 23:50:10	 7502	 354	1203	56	 264.02	 -1	-9 	0
2025-11-08 23:50:11	 7537	 336	952	56	 264.02	 -1	-7 	0
2025-11-08 23:50:12	 7572	 330	751	40	 230.62	 -1	-2 	0
2025-11-08 23:50:13	 7607	 316	729	40	 197.23	 -4	-2 	0
2025-11-08 23:50:14	 7642	 200	680	40	 202.50	 -1	0 	0
2025-11-08 23:50:16	 7709	 80	648	40	 169.10	 -1	0 	5
2025-11-08 23:50:17	 7744	 80	668	40	 158.55	 0	0 	5
2025-11-08 23:50:20	 7857	 155	671	152	 2.11	 4	0 	5
2025-11-08 23:50:21	 7892	 341	678	40	 304.10	 2	-1 	0
2025-11-08 23:50:22	 7927	 412	527	40	 316.41	 1	-4 	0
2025-11-08 23:50:23	 7962	 490	517	40	 23.20	 6	2 	0
2025-11-08 23:50:24	 8000	 627	579	40	 0.35	 1	0 	0
2025-11-08 23:50:25	 8035	 812	592	72	 0.35	 7	0 	0
2025-11-08 23:50:26	 8070	 1017	594	40	 7.38	 1	0 	0
2025-11-08 23:50:29	 8168	 1031	591	40	 275.98	 0	-3 	0
2025-11-08 23:50:30	 8203	 1046	464	40	 214.45	 0	0 	0
2025-11-08 23:50:32	 8274	 1091	639	40	 89.65	 0	7 	0
2025-11-08 23:50:33	 8309	 1088	887	40	 112.50	 -1	2 	0
2025-11-08 23:50:34	 8344	 976	973	40	 128.32	 -1	2 	0
2025-11-08 23:50:35	 8379	 976	1030	40	 77.34	 0	0 	0
2025-11-08 23:50:37	 8437	 1000	1140	40	 77.34	 1	7 	0
2025-11-08 23:50:39	 8518	 963	1146	40	 230.27	 -5	-6 	0
2025-11-08 23:50:41	 8594	 973	1117	40	 12.66	 6	1 	0
2025-11-08 23:50:43	 8667	 1055	1151	40	 137.46	 -4	3 	0
2025-11-08 23:50:52	 8903	 1103	1985	0	 270.00	 -1	0 	13
2025-11-08 23:50:57	 9081	 1009	2010	0	 175.08	 -8	1 	13
2025-11-08 23:50:58	 9116	 848	1941	0	 243.63	 0	-3 	13
2025-11-08 23:50:59	 9151	 848	1915	16	 3.16	 0	-1 	13
2025-11-08 23:51:00	 9187	 1005	1985	0	 24.26	 7	3 	13
2025-11-08 23:51:01	 9222	 1195	2023	0	 24.26	 5	0 	13
2025-11-08 23:51:03	 9284	 1252	1927	16	 262.97	 -1	-8 	13
2025-11-08 23:51:04	 9319	 1228	1760	-24	 183.87	 -1	0 	0
2025-11-08 23:51:05	 9354	 1200	1773	-24	 227.81	 -1	0 	0
2025-11-08 23:51:06	 9401	 1132	1760	-24	 204.96	 -3	0 	0
2025-11-08 23:51:07	 9436	 1038	1668	0	 204.96	 -6	-6 	0
2025-11-08 23:51:08	 9471	 965	1627	0	 199.69	 -1	0 	0
2025-11-08 23:51:09	 9506	 848	1546	32	 217.27	 0	-2 	0
2025-11-08 23:51:10	 9541	 848	1528	40	 312.19	 1	-2 	0
2025-11-08 23:51:11	 9576	 962	1480	40	 328.01	 4	-1 	0
2025-11-08 23:51:16	 9737	 1007	1496	40	 270.00	 -1	2 	0
2025-11-08 23:51:17	 9772	 1007	1517	40	 270.00	 -1	0 	0
2025-11-08 23:51:20	 9897	 989	1400	48	 261.21	 -1	-7 	0
2025-11-08 23:51:21	 9932	 977	1318	48	 161.02	 -1	-1 	0
2025-11-08 23:51:23	 10003	 977	1313	48	 95.98	 -1	-1 	0
2025-11-08 23:51:25	 10050	 963	1305	48	 16.88	 -1	-1 	0
2025-11-08 23:51:26	 10104	 955	1304	48	 32.70	 -1	0 	0
2025-11-08 23:51:28	 10165	 1111	1379	48	 25.66	 7	3 	0
2025-11-08 23:51:35	 10407	 1263	1411	48	 257.34	 -1	-3 	0
2025-11-08 23:51:36	 10442	 1217	1216	48	 257.34	 -1	-1 	0
2025-11-08 23:51:37	 10477	 1193	1216	48	 257.34	 -1	0 	0
2025-11-08 23:51:41	 10607	 1187	1358	48	 92.11	 -1	7 	0
2025-11-08 23:51:44	 10733	 1137	1364	48	 227.46	 -5	-5 	0
2025-11-08 23:51:45	 10768	 1063	1310	48	 137.81	 -3	2 	0
2025-11-08 23:51:46	 10803	 926	1399	48	 167.70	 -2	0 	0
2025-11-08 23:51:48	 10871	 908	1398	48	 194.06	 -4	-1 	0
2025-11-08 23:51:49	 10906	 845	1385	48	 269.65	 -1	0 	0
2025-11-08 23:51:51	 10976	 851	1415	48	 260.86	 0	0 	0
2025-11-08 23:51:56	 11156	 726	1404	48	 185.27	 -8	-1 	0
2025-11-08 23:51:57	 11191	 720	1394	48	 236.25	 0	-1 	0
2025-11-08 23:52:00	 11275	 855	1411	48	 322.38	 0	-2 	0
2025-11-08 23:52:01	 11310	 875	1363	48	 62.58	 0	-1 	0
2025-11-08 23:52:02	 11368	 971	1392	48	 355.78	 6	-1 	0
2025-11-08 23:52:03	 11403	 1042	1384	48	 111.80	 0	-1 	0
2025-11-08 23:52:05	 11440	 993	1402	48	 117.07	 -2	0 	0
2025-11-08 23:52:06	 11486	 983	1416	48	 85.43	 0	3 	0
2025-11-08 23:52:07	 11521	 1002	1660	0	 85.43	 0	8 	0
2025-11-08 23:52:08	 11556	 1020	1882	-16	 23.91	 0	1 	0
2025-11-08 23:52:10	 11614	 1021	1895	0	 273.16	 0	-2 	0
2025-11-08 23:52:11	 11649	 1031	1709	0	 267.89	 0	-6 	0
2025-11-08 23:52:12	 11684	 1012	1651	0	 172.97	 -5	0 	0
2025-11-08 23:52:13	 11719	 854	1668	0	 238.01	 -1	0 	0
2025-11-08 23:52:14	 11754	 848	1552	32	 266.13	 -1	-8 	0
2025-11-08 23:52:15	 11789	 864	1480	40	 345.23	 4	-1 	0
2025-11-08 23:52:16	 11824	 1007	1467	48	 345.23	 0	-2 	0
2025-11-08 23:52:17	 11885	 1007	1461	48	 50.27	 0	2 	0
2025-11-08 23:52:18	 11920	 1031	1545	40	 331.17	 1	-1 	0
2025-11-08 23:52:19	 11955	 1197	1469	40	 331.17	 5	-3 	0
2025-11-08 23:52:21	 12013	 1279	1510	40	 32.70	 0	2 	0
2025-11-08 23:52:23	 12081	 1246	1583	40	 136.41	 -5	2 	0
2025-11-08 23:52:24	 12116	 1052	1749	-5	 136.41	 -7	5 	0
2025-11-08 23:52:25	 12151	 960	1834	-24	 36.21	 -1	0 	0
2025-11-08 23:52:27	 12211	 1033	1841	-24	 2.81	 6	0 	0
2025-11-08 23:52:28	 12246	 1218	1833	-24	 343.48	 1	-1 	0
2025-11-08 23:52:29	 12281	 1219	1829	-24	 343.48	 -1	-1 	0
2025-11-08 23:52:31	 12352	 1234	1828	-24	 1.05	 4	0 	0
2025-11-08 23:52:32	 12387	 1440	1832	-24	 327.66	 1	0 	0
2025-11-08 23:52:33	 12422	 1488	1732	-24	 285.47	 2	-8 	0
2025-11-08 23:52:34	 12457	 1543	1533	-24	 266.13	 0	-2 	0
2025-11-08 23:52:35	 12492	 1548	1522	-24	 250.31	 0	0 	0
2025-11-08 23:52:39	 12636	 1391	1575	-24	 155.39	 -6	0 	0
2025-11-08 23:52:41	 12729	 1428	1562	-24	 348.40	 6	-2 	0
2025-11-08 23:52:42	 12764	 1583	1528	-24	 269.30	 0	-1 	0
2025-11-08 23:52:43	 12799	 1570	1337	-24	 265.78	 -1	-8 	0
2025-11-08 23:52:44	 12834	 1559	1192	-24	 218.32	 -1	-1 	0
2025-11-08 23:52:49	 12989	 1526	1165	-24	 213.05	 -5	-4 	0
2025-11-08 23:52:50	 13024	 1356	1079	-24	 193.71	 -7	-2 	0
2025-11-08 23:52:51	 13059	 1180	1034	-24	 258.75	 -1	-1 	0
2025-11-08 23:52:52	 13094	 1162	1035	-24	 311.48	 -1	0 	0
2025-11-08 23:52:53	 13132	 1155	1041	-24	 336.09	 0	0 	0
2025-11-08 23:52:57	 13274	 1225	931	8	 302.70	 3	-7 	0
2025-11-08 23:52:58	 13309	 1265	867	8	 7.73	 0	-1 	0
2025-11-08 23:53:05	 13555	 1265	866	8	 4.22	 2	0 	0
2025-11-08 23:53:06	 13590	 1378	872	8	 4.22	 5	0 	0
2025-11-08 23:53:08	 13666	 1579	858	8	 253.48	 -2	-4 	0
2025-11-08 23:53:09	 13701	 1572	718	8	 293.91	 2	-7 	0
2025-11-08 23:53:10	 13736	 1583	536	8	 293.91	 0	-7 	0
2025-11-08 23:53:11	 13771	 1583	332	8	 293.91	 0	-6 	0
2025-11-08 23:53:12	 13806	 1573	249	8	 235.90	 -3	-4 	0
2025-11-08 23:53:13	 13841	 1512	155	8	 206.02	 -1	-1 	0
2025-11-08 23:53:15	 13904	 1498	211	8	 100.55	 -1	4 	0
2025-11-08 23:53:16	 13939	 1490	257	8	 42.54	 -1	0 	0
2025-11-08 23:53:20	 14089	 1583	309	8	 40.78	 2	1 	0
2025-11-08 23:53:21	 14124	 1583	321	8	 163.83	 0	0 	0
2025-11-08 23:53:27	 14314	 1202	228	0	 190.20	 -12	-3 	0
2025-11-08 23:53:28	 14368	 1120	195	0	 65.39	 0	-2 	0
2025-11-08 23:53:29	 14404	 1120	169	0	 81.21	 0	-3 	0
2025-11-08 23:53:31	 14465	 1137	262	0	 81.21	 1	7 	0
2025-11-08 23:53:32	 14500	 1121	385	32	 142.73	 -5	3 	0
2025-11-08 23:53:33	 14535	 1120	470	40	 95.27	 -1	5 	0
2025-11-08 23:53:34	 14582	 1127	486	40	 351.56	 3	-1 	0
2025-11-08 23:53:35	 14617	 1226	472	-6	 31.99	 1	-1 	0
2025-11-08 23:53:38	 14713	 1240	469	-32	 247.85	 -1	-2 	0
2025-11-08 23:53:39	 14748	 1211	385	-32	 309.38	 1	-3 	0
2025-11-08 23:53:40	 14783	 1232	365	-32	 42.54	 2	2 	0
2025-11-08 23:53:41	 14818	 1343	473	-32	 93.52	 0	0 	0
2025-11-08 23:53:42	 14859	 1343	470	-32	 84.73	 0	-1 	0
2025-11-08 23:53:44	 14923	 1343	455	-32	 81.21	 -1	-1 	0
2025-11-08 23:53:47	 15043	 1343	435	-32	 90.87	 0	-1 	0
2025-11-08 23:54:08	 15714	 1104	1932	0	 270.00	 0	-3 	13
2025-11-08 23:54:09	 15749	 1104	1886	16	 270.00	 0	-5 	0
2025-11-08 23:54:10	 15784	 1100	1740	-16	 211.99	 -3	-3 	0
2025-11-08 23:54:11	 15819	 904	1605	16	 211.99	 -7	-5 	0
2025-11-08 23:54:12	 15854	 848	1537	40	 301.64	 0	-1 	0
2025-11-08 23:54:13	 15902	 848	1542	40	 345.59	 0	0 	0
2025-11-08 23:54:27	 16397	 868	1530	40	 352.62	 0	-1 	0
2025-11-08 23:54:28	 16432	 1049	1495	40	 308.67	 6	-5 	0
2025-11-08 23:54:29	 16467	 1141	1480	40	 345.59	 0	0 	0
2025-11-08 23:54:30	 16502	 1279	1488	40	 3.16	 0	0 	0
2025-11-08 23:54:32	 16579	 1196	1492	40	 178.59	 -8	0 	0
2025-11-08 23:54:33	 16614	 1030	1496	40	 247.15	 -1	0 	0
2025-11-08 23:54:34	 16649	 998	1480	40	 261.21	 -1	0 	0
2025-11-08 23:54:36	 16714	 988	1457	48	 264.73	 -1	-5 	0
2025-11-08 23:54:37	 16749	 979	1351	48	 178.59	 -1	-1 	0
2025-11-08 23:54:38	 16784	 984	1341	48	 145.20	 0	-1 	0
2025-11-08 23:54:43	 16944	 986	1340	48	 2.81	 2	0 	0
2025-11-08 23:54:44	 16979	 1219	1352	48	 359.30	 7	0 	0
2025-11-08 23:54:46	 17063	 1263	1388	48	 246.80	 0	0 	0
2025-11-08 23:54:48	 17140	 1263	1396	48	 274.92	 0	1 	0
2025-11-08 23:54:50	 17187	 1263	1415	48	 236.25	 0	1 	0
2025-11-08 23:54:54	 17335	 1219	1216	48	 257.34	 -1	-1 	0
2025-11-08 23:54:55	 17370	 1203	1216	48	 174.73	 -1	0 	0
2025-11-08 23:54:59	 17517	 1201	1369	48	 120.23	 -1	2 	0
2025-11-08 23:55:00	 17552	 1128	1408	48	 172.97	 -1	0 	0
2025-11-08 23:55:02	 17603	 1099	1358	48	 204.61	 -5	-5 	0
2025-11-08 23:55:03	 17638	 994	1365	48	 144.84	 -6	4 	0
2025-11-08 23:55:04	 17673	 872	1374	48	 202.85	 -4	-2 	0
2025-11-08 23:55:05	 17708	 793	1327	48	 262.62	 -1	-1 	0
2025-11-08 23:55:06	 17747	 785	1326	48	 283.71	 -1	0 	0
2025-11-08 23:55:09	 17849	 720	1348	48	 164.18	 -1	0 	0
2025-11-08 23:55:10	 17884	 720	1404	48	 95.62	 -1	5 	0
2025-11-08 23:55:11	 17920	 720	1415	48	 344.88	 1	-1 	0
2025-11-08 23:55:12	 17955	 929	1359	48	 351.91	 5	-2 	0
2025-11-08 23:55:13	 17990	 1023	1372	48	 2.46	 1	0 	0
2025-11-08 23:55:14	 18025	 1062	1377	48	 258.75	 0	0 	0
2025-11-08 23:55:15	 18074	 954	1381	48	 169.10	 -4	0 	0
2025-11-08 23:55:16	 18109	 915	1383	48	 46.05	 -1	0 	0
2025-11-08 23:56:02	 19726	 980	1376	48	 310.69	 0	0 	0
2025-11-08 23:56:04	 19800	 987	1377	48	 214.89	 -1	-1 	0
2025-11-08 23:56:16	 20212	 927	1336	48	 206.10	 -3	-2 	0
2025-11-08 23:56:17	 20247	 903	1318	48	 83.06	 -1	-1 	0
2025-11-08 23:56:18	 20292	 1003	1405	48	 81.30	 1	1 	0
2025-11-08 23:56:19	 20327	 993	1451	48	 104.15	 -2	5 	0
2025-11-08 23:56:20	 20362	 961	1701	0	 74.27	 -1	4 	0
2025-11-08 23:56:21	 20397	 958	1747	16	 311.22	 -1	0 	0
2025-11-08 23:56:24	 20482	 1074	1789	-24	 19.78	 6	2 	0
2025-11-08 23:56:25	 20517	 1166	1823	-24	 349.89	 0	0 	0
2025-11-08 23:56:26	 20558	 1252	1822	-24	 358.68	 7	-1 	0
2025-11-08 23:56:27	 20593	 1403	1818	-24	 293.64	 0	-1 	0
2025-11-08 23:56:28	 20628	 1449	1777	-24	 312.98	 4	-5 	0
2025-11-08 23:56:29	 20663	 1516	1705	-24	 244.42	 0	-1 	0
2025-11-08 23:56:36	 20894	 1519	1657	-24	 270.79	 0	-6 	0
2025-11-08 23:56:37	 20929	 1520	1573	-24	 270.79	 0	-1 	0
2025-11-08 23:56:38	 20989	 1543	1570	-24	 193.45	 0	0 	0
2025-11-08 23:56:41	 21091	 1493	1554	-24	 196.96	 -7	-2 	0
2025-11-08 23:56:44	 21196	 1366	1547	-24	 28.21	 2	1 	0
2025-11-08 23:56:45	 21234	 1428	1567	-24	 302.08	 1	-4 	0
2025-11-08 23:56:46	 21269	 1547	1528	-24	 330.21	 6	-3 	0
2025-11-08 23:56:48	 21318	 1581	1500	-24	 252.86	 -1	-4 	0
2025-11-08 23:56:49	 21353	 1557	1422	-24	 300.32	 -1	-1 	0
2025-11-08 23:56:50	 21388	 1609	1329	-16	 300.32	 3	-7 	0
2025-11-08 23:56:51	 21423	 1668	1277	-24	 337.24	 0	-1 	0
2025-11-08 23:56:54	 21523	 1534	1324	-24	 163.56	 -8	2 	0
2025-11-08 23:56:55	 21559	 1488	1392	-24	 98.53	 -1	5 	0
2025-11-08 23:56:56	 21594	 1480	1575	-24	 98.53	 -1	0 	0
2025-11-08 23:56:57	 21629	 1464	1575	-24	 19.42	 -1	0 	0
2025-11-08 23:57:02	 21823	 1549	1538	-24	 258.13	 0	-1 	0
2025-11-08 23:57:03	 21858	 1513	1334	-24	 258.13	 -2	-8 	0
2025-11-08 23:57:04	 21893	 1477	1117	-24	 238.80	 -1	-3 	0
2025-11-08 23:57:05	 21928	 1472	1088	-24	 168.49	 -1	-1 	0
2025-11-08 23:57:09	 22077	 1327	1099	-24	 201.88	 -3	0 	0
2025-11-08 23:57:10	 22112	 1299	1102	-24	 242.31	 0	0 	0
2025-11-08 23:57:12	 22154	 1306	1120	-24	 242.31	 0	0 	0
2025-11-08 23:57:14	 22230	 1291	1091	-24	 242.31	 -3	-6 	0
2025-11-08 23:57:15	 22265	 1209	1032	-24	 210.67	 -6	-1 	0
2025-11-08 23:57:16	 22300	 1154	943	8	 284.50	 1	-7 	0
2025-11-08 23:57:17	 22335	 1192	782	8	 356.57	 0	-1 	0
2025-11-08 23:57:18	 22370	 1306	834	8	 28.21	 6	3 	0
2025-11-08 23:57:19	 22405	 1447	871	8	 326.69	 1	-1 	0
2025-11-08 23:57:20	 22440	 1573	803	8	 252.74	 1	0 	0
2025-11-08 23:58:32	 24938	 1106	2004	0	 262.97	 0	1 	13
                         Chocolate Doom 3.1.0
Z_Init: Init zone memory allocation daemon. 
zone memory: 0x77e16b7a7010, 2000000 allocated for zone
Using /home/estudiante/.local/share/chocolate-doom/ for configuration and saves
V_Init: allocate screens.
M_LoadDefaults: Load system defaults.
saving config in /home/estudiante/.local/share/chocolate-doom/default.cfg
W_Init: Init WADfiles.
 adding ../misc/OriginalWADs/DOOM2.WAD
===========================================================================
                         DOOM 2: Hell on Earth
===========================================================================
 Chocolate Doom is free software, covered by the GNU General Public
 License.  There is NO warranty; not even for MERCHANTABILITY or FITNESS
 FOR A PARTICULAR PURPOSE. You are welcome to change and distribute
 copies under certain conditions. See the source for more information.
===========================================================================
I_Init: Setting up machine state.
OPL_Init: Using driver 'SDL'.
NET_Init: Init network subsystem.
M_Init: Init miscellaneous info.
R_Init: Init DOOM refresh daemon - ......................................
P_Init: Init Playloop state.
S_Init: Setting up sound.
I_SDL_PrecacheSounds: Precaching all sound effects.....................
D_CheckNetGame: Checking network game status.
startskill 2  deathmatch: 0  startmap: 1  startepisode: 1
player 1 of 1 (1 nodes)
Emulating the behavior of the 'Doom 1.9' executable.
HU_Init: Setting up heads up display.
ST_Init: Init status bar.
When: 2025-11-09 00:28:05 Episode: 1 Map: 11
timestamp	 tic	 x	 y	 z	 angle	 momx	 momy
2025-11-09 00:28:06	 395	 448	752	128	 91.41	 0	-1 	0
2025-11-09 00:28:07	 430	 495	747	128	 14.06	 0	-1 	0
2025-11-09 00:28:08	 465	 522	747	128	 4.22	 4	0 	0
2025-11-09 00:28:09	 500	 697	720	128	 202.50	 0	-1 	0
2025-11-09 00:28:10	 535	 637	669	128	 180.00	 -4	-2 	0
2025-11-09 00:28:11	 570	 391	662	23	 174.38	 -11	1 	0
2025-11-09 00:28:12	 605	 410	678	16	 357.19	 13	0 	0
2025-11-09 00:28:13	 640	 604	662	112	 28.12	 1	0 	0
2025-11-09 00:28:14	 675	 768	828	128	 92.81	 2	0 	0
When: 2025-11-09 00:28:15 Episode: 1 Map: 1
timestamp	 tic	 x	 y	 z	 angle	 momx	 momy
2025-11-09 00:28:26	 1051	 -90	852	56	 84.73	 0	6 	0
2025-11-09 00:28:27	 1086	 -66	1118	32	 84.73	 0	8 	0
2025-11-09 00:28:28	 1121	 -39	1407	56	 84.73	 0	8 	0
2025-11-09 00:28:29	 1156	 -24	1571	56	 2.11	 0	0 	0
2025-11-09 00:28:31	 1218	 4	1578	56	 0.35	 5	0 	0
2025-11-09 00:28:32	 1253	 262	1580	56	 356.84	 6	0 	0
2025-11-09 00:28:33	 1288	 325	1580	56	 249.61	 0	0 	0
2025-11-09 00:28:34	 1340	 355	1483	56	 281.25	 1	-4 	0
2025-11-09 00:28:35	 1375	 366	1446	56	 256.64	 0	-1 	0
2025-11-09 00:28:40	 1520	 367	1453	56	 258.40	 0	0 	0
2025-11-09 00:28:42	 1609	 362	1393	56	 265.43	 -1	-7 	0
2025-11-09 00:28:43	 1644	 340	1120	56	 265.43	 -1	-9 	0
2025-11-09 00:28:44	 1679	 336	894	56	 265.43	 -1	-8 	0
2025-11-09 00:28:45	 1714	 333	754	40	 175.78	 -1	-1 	0
2025-11-09 00:28:47	 1770	 338	750	40	 24.61	 0	0 	0
2025-11-09 00:28:48	 1825	 352	847	40	 82.62	 0	7 	0
2025-11-09 00:28:49	 1860	 388	1126	56	 82.62	 1	8 	0
2025-11-09 00:28:50	 1895	 425	1415	56	 82.62	 1	8 	0
2025-11-09 00:28:51	 1930	 431	1564	56	 89.65	 0	1 	0
2025-11-09 00:28:52	 1965	 469	1582	56	 8.79	 5	0 	0
2025-11-09 00:28:53	 2000	 716	1619	56	 3.52	 0	-1 	0
2025-11-09 00:28:55	 2051	 691	1555	56	 261.56	 -4	-5 	0
2025-11-09 00:28:56	 2086	 588	1491	56	 203.55	 -1	0 	0
2025-11-09 00:28:57	 2135	 505	1618	56	 122.70	 -5	6 	0
2025-11-09 00:28:58	 2170	 462	1647	56	 33.05	 -1	0 	0
2025-11-09 00:28:59	 2209	 593	1642	56	 17.23	 3	-1 	0
2025-11-09 00:29:00	 2244	 625	1643	56	 120.94	 -1	1 	0
2025-11-09 00:29:01	 2279	 592	1711	56	 157.85	 -1	0 	0
2025-11-09 00:29:03	 2341	 543	1590	56	 185.98	 -1	-2 	0
2025-11-09 00:29:04	 2376	 347	1588	56	 175.43	 -9	0 	0
2025-11-09 00:29:05	 2411	 210	1608	56	 71.72	 0	3 	0
2025-11-09 00:29:06	 2446	 239	1726	56	 122.70	 0	0 	0
2025-11-09 00:29:07	 2481	 189	1775	56	 126.21	 -1	0 	0
2025-11-09 00:29:12	 2638	 185	1772	56	 71.72	 -1	-1 	0
2025-11-09 00:29:23	 3042	 182	1766	56	 101.60	 -1	2 	0
2025-11-09 00:29:24	 3077	 162	1946	48	 71.72	 1	6 	0
2025-11-09 00:29:25	 3112	 203	2214	48	 91.05	 0	8 	0
2025-11-09 00:29:26	 3147	 200	2505	48	 91.05	 -1	8 	0
2025-11-09 00:29:27	 3187	 197	2607	48	 331.52	 -1	0 	0
2025-11-09 00:29:29	 3262	 200	2607	48	 292.85	 -1	0 	0
2025-11-09 00:29:35	 3455	 132	2480	48	 264.73	 -2	-4 	0
2025-11-09 00:29:36	 3490	 143	2448	48	 259.45	 0	0 	0
2025-11-09 00:29:38	 3576	 168	2426	48	 313.95	 3	-4 	0
2025-11-09 00:29:39	 3611	 239	2291	48	 313.95	 0	-5 	0
2025-11-09 00:29:40	 3646	 258	2236	48	 54.14	 1	1 	0
2025-11-09 00:29:41	 3681	 357	2299	48	 54.14	 4	3 	3
2025-11-09 00:29:42	 3716	 519	2500	48	 54.14	 4	6 	0
2025-11-09 00:29:46	 3841	 501	2507	48	 207.07	 -5	-3 	0
2025-11-09 00:29:47	 3876	 273	2390	48	 207.07	 -8	-4 	3
2025-11-09 00:29:48	 3911	 168	2363	48	 263.32	 -1	-1 	0
2025-11-09 00:29:49	 3946	 198	2215	48	 280.90	 1	-8 	0
2025-11-09 00:29:50	 3981	 227	1932	48	 272.11	 0	-9 	0
2025-11-09 00:29:51	 4016	 185	1650	56	 251.02	 -3	-8 	0
2025-11-09 00:29:52	 4051	 119	1552	56	 161.37	 -2	0 	0
2025-11-09 00:29:53	 4086	 -56	1618	56	 201.80	 -3	0 	0
2025-11-09 00:29:54	 4121	 -112	1543	56	 212.34	 -1	-4 	0
2025-11-09 00:29:55	 4156	 -112	1412	56	 252.77	 -1	-7 	0
2025-11-09 00:29:56	 4191	 -120	1173	38	 233.44	 -1	-7 	0
2025-11-09 00:29:57	 4226	 -133	1065	16	 122.70	 -1	-1 	0
2025-11-09 00:30:00	 4351	 -97	1073	24	 20.74	 5	2 	0
2025-11-09 00:30:01	 4386	 146	1153	8	 312.19	 3	0 	0
2025-11-09 00:30:02	 4421	 186	1163	8	 226.05	 0	0 	0
2025-11-09 00:30:03	 4456	 83	1055	8	 226.05	 -6	-6 	0
2025-11-09 00:30:04	 4491	 24	1040	8	 146.95	 -1	0 	0
2025-11-09 00:30:06	 4556	 -60	988	16	 211.99	 -7	-4 	0
2025-11-09 00:30:07	 4591	 -244	874	8	 153.98	 -2	-1 	0
2025-11-09 00:30:08	 4626	 -327	972	8	 145.20	 -2	2 	0
2025-11-09 00:30:09	 4661	 -343	997	8	 146.95	 -1	0 	0
2025-11-09 00:30:11	 4716	 -292	1170	8	 36.21	 4	6 	0
2025-11-09 00:30:12	 4751	 -113	1247	48	 30.94	 1	0 	0
2025-11-09 00:30:14	 4841	 -98	1247	48	 189.14	 -2	-1 	0
2025-11-09 00:30:15	 4876	 -287	1222	8	 153.98	 -5	-1 	0
2025-11-09 00:30:16	 4911	 -303	1263	8	 78.40	 0	0 	0
2025-11-09 00:30:18	 4960	 -176	1243	32	 350.51	 7	-2 	0
2025-11-09 00:30:19	 4995	 -28	1218	46	 73.12	 0	-1 	0
2025-11-09 00:30:20	 5030	 -54	1347	56	 104.77	 -2	7 	0
2025-11-09 00:30:21	 5065	 -107	1597	56	 43.24	 -1	3 	0
2025-11-09 00:30:22	 5100	 24	1583	56	 315.35	 5	-5 	0
2025-11-09 00:30:23	 5135	 216	1552	56	 343.48	 7	-1 	0
2025-11-09 00:30:24	 5170	 391	1470	56	 280.20	 2	-7 	0
2025-11-09 00:30:25	 5205	 412	1195	56	 260.86	 -1	-9 	0
2025-11-09 00:30:26	 5240	 369	907	56	 260.86	 -2	-9 	0
2025-11-09 00:30:27	 5275	 320	748	40	 206.37	 -5	-3 	0
2025-11-09 00:30:28	 5310	 213	652	40	 199.34	 -2	-2 	0
2025-11-09 00:30:31	 5432	 209	640	40	 174.73	 -1	0 	0
2025-11-09 00:30:34	 5524	 80	679	152	 344.88	 0	-1 	5
2025-11-09 00:30:35	 5559	 282	625	75	 344.88	 7	-2 	0
2025-11-09 00:30:36	 5594	 562	550	40	 357.19	 8	-2 	0
2025-11-09 00:30:37	 5629	 627	662	40	 76.29	 1	7 	0
2025-11-09 00:30:38	 5664	 797	845	40	 332.58	 7	1 	0
2025-11-09 00:30:39	 5699	 984	780	40	 315.00	 3	-2 	0
2025-11-09 00:30:40	 5734	 1020	766	40	 56.95	 0	-1 	0
2025-11-09 00:30:41	 5769	 1046	804	40	 32.34	 0	0 	0
2025-11-09 00:30:42	 5818	 1041	803	40	 20.04	 -1	-1 	0
2025-11-09 00:30:45	 5901	 1135	843	40	 20.04	 0	1 	0
2025-11-09 00:30:47	 5971	 1128	855	40	 0.70	 -4	-1 	0
2025-11-09 00:30:48	 6006	 1001	853	40	 69.26	 -1	-1 	0
2025-11-09 00:30:49	 6041	 959	943	40	 85.08	 -1	0 	0
2025-11-09 00:30:50	 6090	 1007	966	40	 97.38	 -1	3 	0
2025-11-09 00:30:51	 6125	 986	1031	40	 97.38	 -1	0 	0
2025-11-09 00:30:52	 6160	 974	1098	40	 97.38	 -1	6 	0
2025-11-09 00:30:53	 6195	 976	1199	40	 357.19	 0	0 	0
2025-11-09 00:30:54	 6230	 1071	1123	40	 346.64	 0	-2 	0
2025-11-09 00:30:57	 6318	 1068	1106	40	 130.43	 -2	2 	0
2025-11-09 00:31:15	 6874	 1103	1984	0	 264.73	 -1	0 	13
2025-11-09 00:31:20	 7055	 1102	1925	0	 270.00	 0	-7 	13
2025-11-09 00:31:21	 7090	 1071	1716	0	 190.90	 -5	-4 	0
2025-11-09 00:31:22	 7125	 848	1713	16	 192.66	 0	0 	0
2025-11-09 00:31:23	 7160	 852	1679	0	 277.03	 0	-5 	0
2025-11-09 00:31:24	 7195	 881	1480	40	 289.34	 0	0 	0
2025-11-09 00:31:25	 7230	 961	1480	40	 331.52	 5	-1 	0
2025-11-09 00:31:28	 7327	 991	1456	48	 278.79	 -1	0 	0
2025-11-09 00:31:31	 7459	 1012	1353	48	 294.61	 0	-4 	0
2025-11-09 00:31:32	 7494	 1017	1315	48	 57.66	 -1	-1 	0
2025-11-09 00:31:33	 7530	 1025	1311	48	 89.30	 0	-1 	0
2025-11-09 00:31:39	 7722	 1176	1358	48	 17.23	 7	2 	0
2025-11-09 00:31:40	 7757	 1263	1392	48	 305.16	 0	0 	0
2025-11-09 00:31:43	 7851	 1240	1352	48	 241.88	 -3	-6 	0
2025-11-09 00:31:44	 7886	 1215	1236	48	 310.43	 3	-5 	0
2025-11-09 00:31:45	 7930	 1210	1216	48	 226.05	 -2	0 	0
2025-11-09 00:31:47	 8002	 1196	1216	48	 8.44	 1	0 	0
2025-11-09 00:31:48	 8037	 1247	1229	48	 59.41	 0	0 	0
2025-11-09 00:31:49	 8083	 1179	1352	48	 138.52	 -2	2 	0
2025-11-09 00:31:50	 8124	 1087	1399	48	 224.65	 -2	-2 	0
2025-11-09 00:31:51	 8159	 1052	1372	48	 170.16	 -4	0 	0
2025-11-09 00:31:52	 8194	 870	1399	48	 182.46	 -2	0 	0
2025-11-09 00:32:00	 8449	 852	1396	48	 205.31	 -3	-2 	0
2025-11-09 00:32:01	 8484	 744	1345	48	 277.38	 -1	-1 	0
2025-11-09 00:32:03	 8560	 722	1377	48	 296.72	 -3	5 	0
2025-11-09 00:32:04	 8616	 720	1331	48	 235.20	 -1	-6 	0
2025-11-09 00:32:07	 8718	 887	1366	48	 15.47	 6	1 	0
2025-11-09 00:32:08	 8753	 979	1354	48	 303.40	 3	-5 	0
2025-11-09 00:32:09	 8788	 1058	1304	48	 336.80	 0	0 	0
2025-11-09 00:32:11	 8838	 1054	1366	48	 96.33	 -1	6 	0
2025-11-09 00:32:12	 8893	 980	1399	48	 92.81	 -1	0 	0
2025-11-09 00:32:13	 8928	 994	1460	48	 75.23	 1	6 	0
2025-11-09 00:32:14	 8963	 1065	1725	0	 75.23	 1	5 	0
2025-11-09 00:32:15	 8998	 1091	1821	-24	 96.33	 0	0 	0
2025-11-09 00:32:16	 9033	 1069	2023	0	 91.05	 -1	0 	13
2025-11-09 00:32:18	 9079	 1127	2011	0	 349.10	 6	-2 	13
2025-11-09 00:32:19	 9114	 1263	1977	0	 308.67	 0	-1 	13
2025-11-09 00:32:20	 9149	 1263	1842	-4	 301.64	 0	-6 	0
2025-11-09 00:32:21	 9195	 1329	1783	-24	 6.68	 6	0 	0
2025-11-09 00:32:22	 9230	 1548	1691	-24	 287.58	 3	-7 	0
2025-11-09 00:32:23	 9265	 1583	1581	-24	 234.84	 0	-1 	0
2025-11-09 00:32:25	 9325	 1583	1581	-24	 254.18	 0	0 	0
2025-11-09 00:32:26	 9381	 1583	1592	-24	 211.99	 0	0 	0
2025-11-09 00:32:31	 9561	 1517	1574	-24	 197.93	 -7	-3 	0
2025-11-09 00:32:34	 9649	 1366	1546	-24	 16.88	 3	0 	0
2025-11-09 00:32:35	 9684	 1525	1566	-24	 329.41	 5	-3 	0
2025-11-09 00:32:36	 9719	 1573	1504	-24	 239.77	 -1	-2 	0
2025-11-09 00:32:37	 9754	 1555	1424	-24	 262.62	 -1	-7 	0
2025-11-09 00:32:38	 9789	 1519	1174	-24	 218.67	 -2	-5 	0
2025-11-09 00:32:39	 9824	 1461	1131	-24	 209.88	 -1	-1 	0
2025-11-09 00:32:40	 9859	 1411	1070	-24	 183.52	 -1	-1 	0
2025-11-09 00:32:41	 9912	 1379	1061	-24	 183.52	 -6	-1 	0
2025-11-09 00:32:42	 9947	 1228	1068	-24	 252.07	 -1	0 	0
2025-11-09 00:32:44	 9992	 1219	1078	-24	 303.05	 -1	0 	0
2025-11-09 00:32:46	 10055	 1199	1043	-24	 245.04	 -3	-6 	0
2025-11-09 00:32:47	 10090	 1125	886	8	 306.56	 -1	-1 	0
2025-11-09 00:32:50	 10224	 1158	869	8	 341.72	 5	-2 	0
2025-11-09 00:32:51	 10259	 1358	837	8	 8.09	 7	1 	0
2025-11-09 00:32:52	 10294	 1583	756	8	 290.74	 0	-3 	0
2025-11-09 00:32:53	 10329	 1583	567	8	 281.95	 0	-7 	0
2025-11-09 00:32:54	 10364	 1583	341	8	 281.95	 0	-7 	0
2025-11-09 00:32:55	 10399	 1583	154	8	 241.52	 0	-2 	0
2025-11-09 00:33:02	 10615	 1512	182	8	 157.15	 -1	0 	0
2025-11-09 00:33:03	 10676	 1518	179	8	 157.15	 0	-1 	0
2025-11-09 00:33:05	 10736	 1561	154	8	 148.36	 5	-4 	0
2025-11-09 00:33:06	 10780	 1580	152	8	 109.69	 -1	1 	0
2025-11-09 00:33:07	 10815	 1543	255	8	 129.02	 -1	0 	0
2025-11-09 00:33:13	 11025	 1544	261	8	 176.48	 2	-1 	0
2025-11-09 00:33:15	 11098	 1445	266	8	 176.48	 -14	0 	0
2025-11-09 00:33:16	 11133	 1120	291	0	 183.52	 0	0 	0
2025-11-09 00:33:18	 11192	 1175	201	0	 301.29	 2	-5 	0
2025-11-09 00:33:19	 11227	 1215	158	0	 355.78	 4	-1 	0
2025-11-09 00:33:20	 11262	 1340	152	0	 43.24	 0	0 	0
2025-11-09 00:33:22	 11336	 1307	199	0	 143.44	 -1	0 	0
2025-11-09 00:33:23	 11375	 1263	186	0	 203.20	 -6	-3 	0
2025-11-09 00:33:24	 11410	 1134	152	0	 134.65	 -1	0 	0
2025-11-09 00:33:25	 11445	 1125	184	0	 92.46	 -1	5 	0
2025-11-09 00:33:26	 11480	 1120	398	40	 92.46	 -1	3 	0
2025-11-09 00:33:27	 11515	 1120	439	40	 30.94	 -1	0 	0
2025-11-09 00:33:28	 11552	 1152	459	48	 32.70	 0	0 	0
2025-11-09 00:33:34	 11758	 1160	487	48	 83.67	 0	0 	0
2025-11-09 00:33:35	 11798	 1168	487	48	 83.67	 0	0 	0
2025-11-09 00:33:36	 11833	 1179	570	48	 83.67	 0	0 	0
2025-11-09 00:33:37	 11868	 1196	630	-32	 83.67	 0	2 	0
2025-11-09 00:33:38	 11903	 1206	659	-24	 74.88	 0	0 	0
2025-11-09 00:33:39	 11938	 1225	663	-24	 74.88	 0	0 	0
2025-11-09 00:33:41	 12000	 1244	667	-40	 74.88	 0	-1 	0
2025-11-09 00:33:43	 12059	 1244	670	-40	 288.98	 -1	0 	0
                         Chocolate Doom 3.1.0
Z_Init: Init zone memory allocation daemon. 
zone memory: 0x7f44fbbec010, 2000000 allocated for zone
Using /home/estudiante/.local/share/chocolate-doom/ for configuration and saves
V_Init: allocate screens.
M_LoadDefaults: Load system defaults.
saving config in /home/estudiante/.local/share/chocolate-doom/default.cfg
W_Init: Init WADfiles.
 adding ../misc/OriginalWADs/DOOM2.WAD
===========================================================================
                         DOOM 2: Hell on Earth
===========================================================================
 Chocolate Doom is free software, covered by the GNU General Public
 License.  There is NO warranty; not even for MERCHANTABILITY or FITNESS
 FOR A PARTICULAR PURPOSE. You are welcome to change and distribute
 copies under certain conditions. See the source for more information.
===========================================================================
I_Init: Setting up machine state.
OPL_Init: Using driver 'SDL'.
NET_Init: Init network subsystem.
M_Init: Init miscellaneous info.
R_Init: Init DOOM refresh daemon - ......................................
P_Init: Init Playloop state.
S_Init: Setting up sound.
I_SDL_PrecacheSounds: Precaching all sound effects.....................
D_CheckNetGame: Checking network game status.
startskill 2  deathmatch: 0  startmap: 1  startepisode: 1
player 1 of 1 (1 nodes)
Emulating the behavior of the 'Doom 1.9' executable.
HU_Init: Setting up heads up display.
ST_Init: Init status bar.
When: 2025-11-09 00:34:54 Episode: 1 Map: 11
timestamp	 tic	 x	 y	 z	 angle	 momx	 momy
2025-11-09 00:34:55	 395	 448	752	128	 91.41	 0	-1 	0
2025-11-09 00:34:56	 430	 495	747	128	 14.06	 0	-1 	0
2025-11-09 00:34:57	 465	 522	747	128	 4.22	 4	0 	0
2025-11-09 00:34:58	 500	 697	720	128	 202.50	 0	-1 	0
2025-11-09 00:34:59	 535	 637	669	128	 180.00	 -4	-2 	0
2025-11-09 00:35:00	 570	 391	662	23	 174.38	 -11	1 	0
2025-11-09 00:35:01	 605	 410	678	16	 357.19	 13	0 	0
2025-11-09 00:35:02	 640	 604	662	112	 28.12	 1	0 	0
2025-11-09 00:35:03	 675	 768	828	128	 92.81	 2	0 	0
When: 2025-11-09 00:35:04 Episode: 1 Map: 1
timestamp	 tic	 x	 y	 z	 angle	 momx	 momy
2025-11-09 00:35:12	 930	 -96	777	56	 90.00	 0	-1 	0
2025-11-09 00:35:14	 1012	 -94	782	56	 81.21	 0	4 	0
2025-11-09 00:35:15	 1047	 -57	1019	24	 81.21	 1	7 	0
2025-11-09 00:35:16	 1082	 -44	1105	32	 174.38	 -1	0 	0
2025-11-09 00:35:17	 1117	 -253	1129	8	 155.04	 -6	0 	0
2025-11-09 00:35:18	 1152	 -296	1178	8	 77.70	 1	5 	0
2025-11-09 00:35:19	 1187	 -263	1263	16	 33.75	 0	0 	0
2025-11-09 00:35:20	 1222	 -121	1263	48	 5.62	 3	0 	0
2025-11-09 00:35:21	 1257	 -83	1263	48	 98.79	 0	0 	0
2025-11-09 00:35:22	 1292	 -88	1303	56	 98.79	 -1	0 	0
2025-11-09 00:35:24	 1343	 -105	1415	56	 98.79	 -2	7 	0
2025-11-09 00:35:25	 1378	 -112	1544	56	 23.20	 0	0 	0
2025-11-09 00:35:26	 1422	 -79	1553	56	 3.87	 5	0 	0
2025-11-09 00:35:27	 1457	 182	1571	56	 3.87	 8	0 	0
2025-11-09 00:35:28	 1492	 329	1563	56	 291.80	 2	-5 	0
2025-11-09 00:35:29	 1527	 375	1461	56	 268.95	 0	-1 	0
2025-11-09 00:35:33	 1668	 378	1513	56	 268.95	 0	6 	0
2025-11-09 00:35:34	 1703	 380	1627	56	 344.53	 0	0 	0
2025-11-09 00:35:35	 1738	 586	1575	56	 344.53	 7	-3 	0
2025-11-09 00:35:36	 1773	 719	1583	56	 0.35	 0	0 	0
2025-11-09 00:35:38	 1832	 632	1703	56	 114.61	 -2	1 	0
2025-11-09 00:35:39	 1867	 597	1703	56	 206.02	 -5	-2 	0
2025-11-09 00:35:40	 1902	 547	1666	56	 271.05	 -1	-1 	0
2025-11-09 00:35:41	 1937	 601	1500	56	 288.63	 2	-8 	0
2025-11-09 00:35:43	 2016	 568	1549	56	 132.19	 -5	5 	0
2025-11-09 00:35:44	 2051	 425	1638	56	 190.20	 -7	-1 	0
2025-11-09 00:35:45	 2086	 252	1647	56	 82.97	 -1	0 	0
2025-11-09 00:35:46	 2121	 295	1647	56	 77.70	 0	0 	0
2025-11-09 00:35:47	 2162	 244	1647	56	 169.10	 -6	0 	0
2025-11-09 00:35:48	 2197	 163	1677	56	 90.00	 -1	4 	0
2025-11-09 00:36:01	 2654	 162	1782	56	 72.42	 0	3 	0
2025-11-09 00:36:02	 2689	 226	1984	48	 72.42	 1	3 	0
2025-11-09 00:36:03	 2724	 237	2020	48	 72.42	 0	0 	0
2025-11-09 00:36:07	 2878	 177	2164	48	 104.06	 -3	5 	0
2025-11-09 00:36:08	 2913	 189	2236	48	 26.72	 5	2 	0
2025-11-09 00:36:10	 2970	 239	2269	48	 112.85	 -1	1 	0
2025-11-09 00:36:11	 3005	 174	2395	48	 170.86	 -2	0 	0
2025-11-09 00:36:12	 3049	 157	2404	48	 184.92	 -3	-1 	0
2025-11-09 00:36:17	 3221	 139	2395	48	 33.75	 -1	-1 	0
2025-11-09 00:36:19	 3269	 161	2410	48	 33.75	 4	3 	0
2025-11-09 00:36:20	 3304	 379	2556	48	 33.75	 6	4 	0
2025-11-09 00:36:21	 3339	 554	2655	48	 21.45	 4	2 	0
2025-11-09 00:36:22	 3374	 623	2632	48	 321.68	 0	-3 	0
2025-11-09 00:36:23	 3409	 623	2587	48	 223.24	 0	-1 	0
2025-11-09 00:36:24	 3444	 483	2565	48	 188.09	 -8	-2 	0
2025-11-09 00:36:25	 3479	 406	2543	48	 284.77	 0	-4 	0
2025-11-09 00:36:26	 3514	 434	2307	48	 223.24	 -3	-8 	0
2025-11-09 00:36:27	 3549	 269	2141	48	 270.70	 -2	-5 	0
2025-11-09 00:36:28	 3584	 250	1891	48	 258.40	 -1	-9 	0
2025-11-09 00:36:29	 3619	 216	1746	56	 309.38	 -1	-2 	0
2025-11-09 00:36:30	 3654	 239	1717	56	 348.05	 0	-2 	0
2025-11-09 00:36:31	 3689	 250	1588	56	 302.34	 0	-4 	0
2025-11-09 00:36:32	 3724	 361	1544	56	 314.65	 5	-3 	0
2025-11-09 00:36:33	 3759	 424	1512	56	 65.39	 0	1 	0
2025-11-09 00:36:34	 3794	 467	1631	56	 353.32	 2	1 	0
2025-11-09 00:36:35	 3829	 695	1620	56	 349.80	 8	-1 	0
2025-11-09 00:36:36	 3889	 641	1546	56	 217.97	 -5	-5 	0
2025-11-09 00:36:37	 3924	 575	1518	56	 131.84	 -4	3 	0
2025-11-09 00:36:38	 3959	 466	1633	56	 210.94	 -1	0 	0
2025-11-09 00:36:39	 3994	 389	1569	56	 268.95	 -1	-3 	0
2025-11-09 00:36:40	 4029	 355	1339	56	 246.09	 -3	-8 	0
2025-11-09 00:36:41	 4064	 336	1163	56	 246.09	 -1	-6 	0
2025-11-09 00:36:42	 4099	 365	942	56	 332.23	 2	-5 	0
2025-11-09 00:36:43	 4134	 463	849	40	 263.67	 0	-1 	0
2025-11-09 00:36:45	 4195	 436	825	40	 209.18	 -6	-3 	0
2025-11-09 00:36:46	 4230	 210	695	40	 209.18	 -3	-3 	0
2025-11-09 00:36:49	 4336	 130	676	40	 182.81	 -7	-1 	5
2025-11-09 00:36:50	 4371	 80	667	40	 198.63	 0	-1 	5
2025-11-09 00:36:53	 4458	 181	679	152	 28.48	 5	0 	5
2025-11-09 00:36:54	 4493	 367	719	40	 28.48	 0	1 	0
2025-11-09 00:36:55	 4528	 555	836	56	 28.48	 7	3 	0
2025-11-09 00:36:56	 4563	 809	900	40	 330.47	 5	-2 	0
2025-11-09 00:36:57	 4598	 930	883	40	 344.53	 1	-1 	0
2025-11-09 00:36:58	 4633	 1000	867	40	 353.32	 2	-1 	0
2025-11-09 00:36:59	 4668	 1035	862	40	 0.35	 0	-1 	0
2025-11-09 00:37:03	 4813	 1089	863	40	 0.35	 0	0 	0
2025-11-09 00:37:04	 4866	 1135	863	40	 358.59	 0	0 	0
2025-11-09 00:37:06	 4934	 1040	681	40	 226.76	 -5	-7 	0
2025-11-09 00:37:07	 4969	 886	580	72	 209.18	 -6	-2 	0
2025-11-09 00:37:08	 5004	 746	533	72	 260.16	 -1	0 	0
2025-11-09 00:37:12	 5143	 703	590	72	 82.97	 -1	1 	0
2025-11-09 00:37:13	 5178	 766	668	56	 60.12	 4	5 	0
2025-11-09 00:37:14	 5213	 917	903	40	 44.30	 5	6 	0
2025-11-09 00:37:15	 5248	 1007	967	40	 91.76	 0	0 	0
2025-11-09 00:37:16	 5291	 978	1031	40	 112.85	 -2	0 	0
2025-11-09 00:37:18	 5359	 987	1199	40	 79.45	 0	0 	0
2025-11-09 00:37:20	 5416	 1044	1128	40	 307.62	 4	-6 	0
2025-11-09 00:37:22	 5485	 1046	1117	40	 154.69	 -5	2 	0
2025-11-09 00:37:23	 5520	 912	1133	40	 128.32	 0	-1 	0
2025-11-09 00:37:24	 5570	 984	1185	40	 52.73	 2	1 	0
2025-11-09 00:37:37	 5940	 1103	2013	0	 270.00	 0	-4 	13
2025-11-09 00:37:38	 5975	 1096	1868	-18	 222.54	 -3	-4 	0
2025-11-09 00:37:39	 6010	 1015	1734	0	 262.97	 -2	-7 	0
2025-11-09 00:37:40	 6045	 927	1592	0	 162.77	 -6	0 	0
2025-11-09 00:37:41	 6097	 849	1607	16	 278.79	 0	-4 	0
2025-11-09 00:37:43	 6148	 892	1480	40	 1.41	 4	0 	0
2025-11-09 00:37:44	 6183	 958	1480	40	 268.24	 0	0 	0
2025-11-09 00:37:47	 6280	 1052	1488	40	 310.43	 0	0 	0
2025-11-09 00:37:48	 6329	 1032	1480	40	 211.99	 -2	0 	0
2025-11-09 00:37:49	 6375	 1016	1480	40	 254.18	 -1	-1 	0
2025-11-09 00:37:50	 6410	 970	1385	48	 248.91	 -1	-2 	0
2025-11-09 00:37:54	 6540	 965	1368	48	 66.09	 -2	0 	0
2025-11-09 00:37:57	 6642	 970	1376	48	 13.36	 4	1 	0
2025-11-09 00:37:58	 6677	 1122	1399	48	 13.36	 5	0 	0
2025-11-09 00:37:59	 6712	 1258	1415	48	 325.90	 0	0 	0
2025-11-09 00:38:03	 6856	 1258	1383	48	 260.86	 -1	-6 	0
2025-11-09 00:38:04	 6891	 1229	1216	48	 260.86	 -1	-1 	0
2025-11-09 00:38:05	 6926	 1215	1216	48	 178.24	 -1	0 	0
2025-11-09 00:38:06	 6976	 1185	1412	48	 99.14	 -1	5 	0
2025-11-09 00:38:08	 7036	 1073	1355	48	 178.24	 -8	-3 	0
2025-11-09 00:38:09	 7071	 933	1354	48	 190.55	 -1	0 	0
2025-11-09 00:38:11	 7119	 889	1354	48	 181.76	 -6	-1 	0
2025-11-09 00:38:12	 7154	 781	1351	48	 250.31	 -1	-1 	0
2025-11-09 00:38:15	 7288	 768	1389	48	 278.44	 -1	1 	0
2025-11-09 00:38:16	 7323	 722	1369	48	 222.19	 -5	-5 	0
2025-11-09 00:38:17	 7358	 720	1330	48	 121.99	 0	-1 	0
2025-11-09 00:38:18	 7393	 720	1415	48	 109.69	 -1	0 	0
2025-11-09 00:38:20	 7465	 913	1376	48	 348.40	 7	-2 	0
2025-11-09 00:38:21	 7500	 1010	1356	48	 95.62	 0	-1 	0
2025-11-09 00:38:22	 7535	 1000	1415	48	 95.62	 -1	0 	0
2025-11-09 00:38:24	 7603	 1010	1314	48	 48.16	 0	-2 	0
2025-11-09 00:38:25	 7638	 1122	1366	48	 353.67	 1	0 	0
2025-11-09 00:38:26	 7673	 1215	1288	48	 288.63	 3	-4 	0
2025-11-09 00:38:27	 7708	 1244	1243	48	 255.23	 0	-1 	0
2025-11-09 00:38:29	 7752	 1205	1216	48	 255.23	 -1	0 	0
2025-11-09 00:38:31	 7839	 1186	1270	48	 105.82	 -2	6 	0
2025-11-09 00:38:32	 7874	 1141	1402	48	 181.41	 -4	0 	0
2025-11-09 00:38:33	 7909	 1128	1405	48	 176.13	 -1	0 	0
2025-11-09 00:38:34	 7946	 1121	1385	48	 234.14	 -3	-5 	0
2025-11-09 00:38:35	 7981	 1057	1335	48	 165.59	 -6	1 	0
2025-11-09 00:38:36	 8016	 955	1360	48	 68.91	 -1	0 	0
2025-11-09 00:38:37	 8051	 979	1399	48	 84.73	 0	0 	0
2025-11-09 00:38:38	 8086	 998	1590	40	 84.73	 0	8 	0
2025-11-09 00:38:39	 8121	 1022	1852	-24	 44.30	 0	2 	0
2025-11-09 00:38:40	 8156	 1025	1882	-16	 3.87	 0	0 	0
2025-11-09 00:38:43	 8264	 1177	1811	-24	 356.84	 7	-3 	0
2025-11-09 00:38:44	 8299	 1457	1775	-24	 351.56	 6	-1 	0
2025-11-09 00:38:45	 8334	 1511	1730	-24	 267.19	 -1	-6 	0
2025-11-09 00:38:46	 8369	 1518	1466	-24	 268.95	 0	-7 	0
2025-11-09 00:38:47	 8404	 1523	1396	-24	 268.95	 -1	-2 	0
2025-11-09 00:38:48	 8439	 1530	1277	-24	 186.33	 0	-1 	0
2025-11-09 00:38:49	 8474	 1531	1257	-24	 94.92	 0	-1 	0
2025-11-09 00:38:51	 8547	 1518	1414	-24	 94.92	 -1	7 	0
2025-11-09 00:38:52	 8582	 1503	1588	-24	 86.13	 -1	0 	0
2025-11-09 00:38:54	 8651	 1500	1578	-24	 263.32	 -1	-5 	0
2025-11-09 00:38:55	 8686	 1490	1492	-24	 263.32	 -1	-1 	0
2025-11-09 00:38:56	 8721	 1488	1327	-24	 263.32	 -1	-8 	0
2025-11-09 00:38:57	 8756	 1487	1141	-24	 205.31	 -2	-2 	0
2025-11-09 00:38:58	 8791	 1427	1120	-24	 196.52	 -1	-1 	0
2025-11-09 00:39:00	 8848	 1362	1088	-24	 207.07	 -7	-4 	0
2025-11-09 00:39:01	 8883	 1272	1041	-24	 289.69	 -1	-1 	0
2025-11-09 00:39:03	 8958	 1246	1054	-24	 175.43	 -6	0 	0
2025-11-09 00:39:04	 8993	 1099	1069	-24	 194.77	 -3	0 	0
2025-11-09 00:39:05	 9028	 1076	1070	-24	 317.81	 -1	0 	0
2025-11-09 00:39:06	 9063	 1160	1003	-8	 321.33	 0	-1 	0
2025-11-09 00:39:07	 9098	 1216	959	8	 321.33	 5	-5 	0
2025-11-09 00:39:08	 9133	 1269	915	8	 321.33	 0	-1 	0
2025-11-09 00:39:09	 9168	 1370	834	8	 344.18	 2	-3 	0
2025-11-09 00:39:10	 9203	 1565	792	8	 300.23	 6	-5 	0
2025-11-09 00:39:11	 9238	 1514	584	8	 228.16	 -6	-7 	0
2025-11-09 00:39:12	 9273	 1422	469	-40	 347.70	 -1	-1 	0
2025-11-09 00:39:15	 9371	 1412	442	-40	 259.80	 -1	-5 	0
2025-11-09 00:39:18	 9486	 1392	390	-40	 94.57	 -1	6 	0
2025-11-09 00:39:19	 9521	 1391	630	-40	 110.39	 -1	3 	0
2025-11-09 00:39:20	 9556	 1375	660	-40	 212.34	 -4	-3 	0
2025-11-09 00:39:21	 9591	 1234	584	-40	 210.59	 -1	0 	0
2025-11-09 00:39:22	 9630	 1211	618	-32	 115.66	 -3	5 	0
2025-11-09 00:39:23	 9665	 1123	800	8	 68.20	 -1	1 	0
2025-11-09 00:39:24	 9700	 1204	869	8	 13.71	 3	3 	0
2025-11-09 00:39:25	 9735	 1356	847	8	 338.55	 7	-3 	0
2025-11-09 00:39:26	 9770	 1524	779	8	 266.48	 0	-1 	0
2025-11-09 00:39:27	 9805	 1526	660	8	 306.91	 2	-4 	0
2025-11-09 00:39:28	 9840	 1583	492	8	 306.91	 0	-6 	0
2025-11-09 00:39:29	 9875	 1583	409	8	 213.75	 0	-1 	0
2025-11-09 00:39:32	 9969	 1571	326	8	 261.21	 -1	-6 	0
2025-11-09 00:39:33	 10004	 1561	262	8	 261.21	 -1	-4 	0
2025-11-09 00:39:34	 10039	 1571	229	8	 261.21	 1	5 	0
2025-11-09 00:39:35	 10074	 1583	332	8	 213.75	 0	0 	0
2025-11-09 00:39:41	 10282	 1583	402	8	 85.43	 0	6 	0
2025-11-09 00:39:42	 10317	 1583	676	8	 85.43	 0	8 	0
2025-11-09 00:39:43	 10352	 1583	847	8	 125.86	 0	0 	0
2025-11-09 00:39:45	 10411	 1561	853	8	 185.62	 -5	-1 	0
2025-11-09 00:39:46	 10446	 1308	846	8	 155.74	 -8	1 	0
2025-11-09 00:39:47	 10481	 1176	889	8	 108.28	 -1	0 	0
2025-11-09 00:39:48	 10516	 1137	1019	-12	 104.77	 -2	6 	0
2025-11-09 00:39:49	 10551	 1109	1124	-24	 4.57	 -1	0 	0
2025-11-09 00:39:52	 10654	 1177	1116	-24	 350.51	 6	-2 	0
2025-11-09 00:39:53	 10689	 1379	1083	-24	 45.00	 2	0 	0
2025-11-09 00:39:54	 10724	 1513	1211	-24	 67.85	 2	2 	0
2025-11-09 00:39:55	 10759	 1488	1348	-24	 97.73	 -3	7 	0
2025-11-09 00:39:56	 10794	 1452	1356	-24	 50.27	 -1	-1 	0
2025-11-09 00:39:57	 10851	 1480	1380	-24	 48.52	 2	2 	0
2025-11-09 00:39:58	 10892	 1499	1389	-24	 48.52	 2	2 	0
2025-11-09 00:39:59	 10927	 1577	1481	-24	 117.07	 -1	2 	0
2025-11-09 00:40:00	 10962	 1522	1601	-24	 178.59	 -1	0 	0
2025-11-09 00:40:01	 10997	 1483	1570	-24	 199.69	 -3	-3 	0
2025-11-09 00:40:04	 11100	 1362	1544	-24	 357.54	 1	-1 	0
2025-11-09 00:40:05	 11135	 1555	1543	-24	 30.94	 2	-1 	0
2025-11-09 00:40:06	 11170	 1576	1619	-24	 94.22	 -1	6 	0
2025-11-09 00:40:07	 11205	 1446	1804	-24	 155.74	 -7	4 	0
2025-11-09 00:40:08	 11245	 1316	1868	-24	 231.33	 -2	-3 	0
2025-11-09 00:40:09	 11280	 1278	1794	-24	 231.33	 -1	-1 	0
2025-11-09 00:40:12	 11378	 1276	1793	-24	 248.91	 0	0 	0
2025-11-09 00:40:16	 11510	 1145	1780	-24	 201.45	 -4	-1 	0
2025-11-09 00:40:17	 11545	 1098	1784	-24	 317.46	 -1	0 	0
2025-11-09 00:40:18	 11580	 1083	1805	-24	 305.07	 -1	0 	0
